number,state,opened_by,sys_created_on,sys_updated_on,closed_at,assignment_group,assigned_to,short_description,description,work_notes,work_notes_list
RITM3427686,Pending,,07-06-2026 16:53,07-08-2026 17:08,,Network Operations Center (NOC),,Multi Site Versa Router Surveillance Addon,"Multi Site Versa Router Surveillance Addon
FEI1965
FEI1934
FEI1494
FEI1587
FEI0587
FEI3079
FEI0366
FEI2605
FEI1762
FEI0498
FEI0607
FEI0684
FEI2510
FEI2521
FEI3041
FEI1034","07-08-2026 17:08:50 - (Work notes)
From: MAC Mailbox
Sent: Wednesday, July 8, 2026 3:47 PM
To: MAC Mailbox ; ; GLS Network Operations Center
Cc: #FEI-NOC
Subject: Re: RITM3427686 - Multi Site MACD Add Surveillance

Caution: This email originated from outside of the organization. DO NOT click links or open attachments unless you recognize or trust the sender.
Team

This has been completed, template updated at all requested sites

07-07-2026 14:03:20 - (Work notes)
GLS MACD 74643

07-07-2026 13:32:49 - (Work notes)
MACD sent to GLS
---- + ---- + ---- ---- + ---- + ----
1965-Cookeville-TN
branch-surveillance_IPv4__staticaddress: 10.100.111.30/27
branch-surveillance__vrrpGroupVirtualAddress: 10.100.111.1
1934-Indianapolis-IN
branch-surveillance_IPv4__staticaddress: 10.100.111.62/27
branch-surveillance__vrrpGroupVirtualAddress: 10.100.111.33
1494-Lexington-KY
branch-surveillance_IPv4__staticaddress: 10.100.111.94/27
branch-surveillance__vrrpGroupVirtualAddress: 10.100.111.65
1587-SanJuanCapistrano-CA
branch-surveillance_IPv4__staticaddress: 10.100.111.126/27
branch-surveillance__vrrpGroupVirtualAddress: 10.100.111.97
0587-SilverSpring-MD
branch-surveillance_IPv4__staticaddress: 10.100.111.158/27
branch-surveillance__vrrpGroupVirtualAddress: 10.100.111.129
3079-Hillsboro-OR
branch-surveillance_IPv4__staticaddress: 10.100.111.190/27
branch-surveillance__vrrpGroupVirtualAddress: 10.100.111.161
0366-Beltsville-MD
branch-surveillance_IPv4__staticaddress: 10.100.111.222/27
branch-surveillance__vrrpGroupVirtualAddress: 10.100.111.193
2605-NewYork-NY
branch-surveillance_IPv4__staticaddress: 10.100.111.254/27
branch-surveillance__vrrpGroupVirtualAddress: 10.100.111.225
1762-Dallas-TX
branch-surveillance_IPv4__staticaddress: 10.100.112.30/27
branch-surveillance__vrrpGroupVirtualAddress: 10.100.112.1
0498-Boone-NC
branch-surveillance_IPv4__staticaddress: 10.100.112.62/27
branch-surveillance__vrrpGroupVirtualAddress: 10.100.112.33
0607-Hollywood-CA
branch-surveillance_IPv4__staticaddress: 10.100.112.94/27
branch-surveillance__vrrpGroupVirtualAddress: 10.100.112.65
0684-Hollister-CA
branch-surveillance_IPv4__staticaddress: 10.100.112.126/27
branch-surveillance__vrrpGroupVirtualAddress: 10.100.112.97
2510-Emeryville-CA
branch-surveillance_IPv4__staticaddress: 10.100.112.158/27
branch-surveillance__vrrpGroupVirtualAddress: 10.100.112.129
2521-DeKalb-IL
branch-surveillance_IPv4__staticaddress: 10.100.112.190/27
branch-surveillance__vrrpGroupVirtualAddress: 10.100.112.161
3041-Clackamas-OR
branch-surveillance_IPv4__staticaddress: 10.100.112.222/27
branch-surveillance__vrrpGroupVirtualAddress: 10.100.112.193
1034-Merced-CA
branch-surveillance_IPv4__staticaddress: 10.100.112.254/27
branch-surveillance__vrrpGroupVirtualAddress: 10.100.112.225

07-06-2026 18:04:43 - (Work notes)
Created the following
IP RANGE // SITE
10.100.111.0/27 // 1965 Cookeville, TN - Surveillance
10.100.111.32/27 // 1934 Indianapolis, IN - Surveillance
10.100.111.64/27 // 1494 Lexington, KY - Surveillance
10.100.111.96/27 // 1587 San Juan Capistrano, CA - Surveillance
10.100.111.128/27 // 0587 Silver Spring, MD - Surveillance
10.100.111.160/27 // 3079 Hillsboro, OR - Surveillance
10.100.111.192/27 // 0366 Beltsville, MD - Surveillance
10.100.111.224/27 // 2605 New York, NY - Surveillance
10.100.112.0/27 // 1762 Dallas, TX - Surveillance
10.100.112.32/27 // 0498 Boone, NC - Surveillance
10.100.112.64/27 // 0607 Hollywood, CA - Surveillance
10.100.112.96/27 // 0684 Hollister, CA - Surveillance
10.100.112.128/27 // 2510 Emeryville, CA - Surveillance
10.100.112.160/27 // 2521 DeKalb, IL - Surveillance
10.100.112.192/27 // 3041 Clackamas, OR - Surveillance
10.100.112.224/27 // 1034 Merced, CA - Surveillance

",
RITM3427007,Pending,,07-02-2026 18:22,07-08-2026 15:02,,Network Operations Center (NOC),,Multi Site Versa Router Surveillance Addon,"Multi Site Versa Router Surveillance Addon
1805 Arvada, CO - Surveillance
0727 San Leandro, CA - Surveillance
0643 Petaluma, CA - Surveillance
3033 Auburn, WA - Surveillance
3021 Medford, OR - Surveillance
1423 Sacramento, CA - Surveillance
1425 Redding, CA - Surveillance
1344 Mills, WY - Surveillance
1112 Redondo Beach, CA - Surveillance
0038 Alexandria, VA - Surveillance
0044 Tampa, FL - Surveillance
0103 Cleveland, TN - Surveillance
0134 Naples, FL - Surveillance
0137 Little Rock, AR - Surveillance

Template:
US-SRV-PRD-2RTR-A-ADDON-SURVEILLANCE-VLAN
US-SRV-PRD-ADDON-SURVEILLANCE-SECURITY

Bind Data
branch-surveillance_IPv4__staticaddress: RTRA/CIDR
branch-surveillance__vrrpGroupVirtualAddress: GATEWAY
","07-08-2026 15:01:49 - (Work notes)
From: MAC Mailbox
Sent: Wednesday, July 8, 2026 2:59 PM
To: MAC Mailbox ; ; GLS Network Operations Center
Cc: #FEI-NOC
Subject: Re: RITM3427007 - MACD Multi Site Add Surveillance

Caution: This email originated from outside of the organization. DO NOT click links or open attachments unless you recognize or trust the sender.
Team

This is completed, Template updated at all requested sites

Thanks

James White | Lead MAC Technician

07-06-2026 12:15:25 - (Work notes)
GLS MACD 74484

// ---- + ---- + ---- ---- + ---- + ---- // ---- + ---- + ---- ---- + ---- + ---- //
From: MAC Mailbox
>>>> Sent: Monday, July 6, 2026 8:31 AM <<<<
To: ; GLS Network Operations Center
Cc: #FEI-NOC
Subject: Re: RITM3427007 - MACD Multi Site Add Surveillance

Caution: This email originated from outside of the organization. DO NOT click links or open attachments unless you recognize or trust the sender.
Team,

We have created ticket 74484 for your request. Please allow 1-2 business days for the completion of the request.

07-06-2026 12:11:41 - (Work notes)
Sent request to GSOC for updated ""Install Date"" information for the remaining 82 branches that do not have install dates

07-02-2026 18:33:06 - (Work notes)
Pending Tech Dispatch

07-02-2026 18:25:58 - (Work notes)
From:
Sent: Thursday, July 2, 2026 6:26 PM
To: ; NOC [GLS]
Cc: #FEI-NOC
Subject: RITM3427007 - MACD Multi Site Add Surveillance

Greetings GLS

Please add the following for All Sites listed below

Template:
US-SRV-PRD-2RTR-A-ADDON-SURVEILLANCE-VLAN
US-SRV-PRD-ADDON-SURVEILLANCE-SECURITY

Bind Data
1805-Arvada-CO
branch-surveillance_IPv4__staticaddress: 10.100.108.222/27
branch-surveillance__vrrpGroupVirtualAddress: 10.100.108.193

0727-SanLeandro-CA
branch-surveillance_IPv4__staticaddress: 10.100.108.254/27
branch-surveillance__vrrpGroupVirtualAddress: 10.100.108.225

0643-Petaluma-CA
branch-surveillance_IPv4__staticaddress: 10.100.109.158/27
branch-surveillance__vrrpGroupVirtualAddress: 10.100.109.129

3033-Auburn-WA
branch-surveillance_IPv4__staticaddress: 10.100.109.190/27
branch-surveillance__vrrpGroupVirtualAddress: 10.100.109.161

3021-Medford-OR
branch-surveillance_IPv4__staticaddress: 10.100.109.222/27
branch-surveillance__vrrpGroupVirtualAddress: 10.100.109.193

1423-Sacramento-CA
branch-surveillance_IPv4__staticaddress: 10.100.109.254/27
branch-surveillance__vrrpGroupVirtualAddress: 10.100.109.225

1425-Redding-CA
branch-surveillance_IPv4__staticaddress: 10.100.110.30/27
branch-surveillance__vrrpGroupVirtualAddress: 10.100.110.1

1344-Mills-WY
branch-surveillance_IPv4__staticaddress: 10.100.110.62/27
branch-surveillance__vrrpGroupVirtualAddress: 10.100.110.33

1112-RedondoBeach-CA
branch-surveillance_IPv4__staticaddress: 10.100.110.94/27
branch-surveillance__vrrpGroupVirtualAddress: 10.100.110.65

0038-Alexandria-VA
branch-surveillance_IPv4__staticaddress: 10.100.110.126/27
branch-surveillance__vrrpGroupVirtualAddress: 10.100.110.97

0044-Tampa-FL
branch-surveillance_IPv4__staticaddress: 10.100.110.158/27
branch-surveillance__vrrpGroupVirtualAddress: 10.100.110.129

0103-Cleveland-TN
branch-surveillance_IPv4__staticaddress: 10.100.110.190/27
branch-surveillance__vrrpGroupVirtualAddress: 10.100.110.161

0134-Naples-FL
branch-surveillance_IPv4__staticaddress: 10.100.110.222/27
branch-surveillance__vrrpGroupVirtualAddress: 10.100.110.193

0137-N-Little-Rock-AR
branch-surveillance_IPv4__staticaddress: 10.100.110.254/27
branch-surveillance__vrrpGroupVirtualAddress: 10.100.110.225

",
CHG0083071,Scheduled,,07-10-2026 07:36,07-13-2026 10:46:17,,Network Operations Center (NOC),,Versa Failover Test Branches week of 07/13/2026 to 07/17/2026 - Scheduled,"Versa Failover Test Branches. Testing that the Versa routers can failover from one link in the Versa box to another.

0571 Anaheim, CA - 7/14/2026 @1:00 PM EST
0452 Nashville, TN - 7/15/2026 @6:30 AM EST
0321 Stockton, CA - 7/15/2026 @2:30 PM EST
0295/5295 Fulton, MS - 7/16/2026 @ 5:00 PM EST
5401 Auburn, WA - 7/17/2026 @10:00 AM EST /
1826 San Leandro, CA - 7/17/2026 @1:00 PM EST
",,
CHG0082954,Scheduled,,07-02-2026 06:50,07-02-2026 11:14,,Network Operations Center (NOC),,Versa Failover Test Branches week of 07/06/2026 to 07/10/2026 - Scheduled,"Versa Failover Test Branches. Testing that the Versa routers can failover from one link in the Versa box to another.

0761 Frostproof, FL - 7/7/2026 @9:00 AM EST
0452 Nashville, TN - 7/8/2026 @6:30 AM EST
2812 Brookshire, TX - 7/8/2026 @7:30 AM EST
3020 Secaucus, NJ - 7/8/2026 @11:15 AM EST //
0066 Lewisville, TX - 7/8/2026 @5:00 PM EST
1983 Aurora, CO - 7/9/2026 @7:00 AM EST
0533 Ft Payne, AL - 7/9/2026 @11:00 AM EST
0796 Richland, WA - 7/9/2026 @12:00 PM EST
0688 Perris, CA - 7/10/2026 @6:30 AM EST
",,
RITM3429498,Open,,07-09-2026 10:32,07-10-2026 07:15,,Network Operations Center (NOC),,Associate Zach Hembree password is locked for workday,"Requested by:
Requested by phone number:Requested for:
Requested for phone number:Location Number (ex. FEI0001): FEI2911
Locale: Ferguson TC
Requested For GID: AAK6700
Affected System: Network
Title: Associate Zach Hembree password is locked for workday
Details of Issue, Request, or Question: Associate Zach Hembree is locked out of workday
Please choose the best fit for this submission: Something needs to be setup or changed (or other general help)
","07-10-2026 07:15:55 - (Work notes)
Reaching out to contact to confirm issue
Once confirmed gathering error message

",
TASK0211751,Open,,06-22-2026 16:03:17,07-02-2026 10:16,,Network Operations Center (NOC),,"FEI3753 Concord, NC - Assistance needed with shipping Digi LTE router to location","Address: 435 BUSINESS BLVD NW CONCORD, NC 28027

Digi with active SIM card required to stand network back up as temporary backup circuit until primary data circuit conduit pathway is relocated.","07-02-2026 10:16:32 - (Work Notes)
Both deliveries to location were returned to HQ
Working with IE to figure out actions

06-25-2026 14:01:36 - (Work Notes)
New shipping: 1ZJ728650133275223

06-25-2026 14:00:52 - (Work Notes)
First digi being returned
Setting up secondary digi for address

AT&T:
89012803330594981085	

Digi:
SN: EX50040698292293	
MAC: 00409DDE0E3D
IMEI: 355890340788004

06-23-2026 16:31:03 - (Work Notes)
Digi being prepped for location

Sim activation:
Order confirmation
Order ID: 10-173375324122593
Order date: Jun 23, 2026

Digi details:
SN: EX50040404502185	
MAC: 00409DDE0075	
IMEI: 355890340145858

Digi updated and added to portal

Shipping: 1ZJ728651501480811

",
TASK0212299,Open,,06-30-2026 13:55:57,07-09-2026 12:11,,Network Operations Center (NOC),,FEI2090 - Digi Request,,"07-09-2026 12:11:17 - (Work Notes)
--Digi shipped on 1Z3W568W0394282165
--Expected EOD 7/13

07-09-2026 10:52:11 - (Work Notes)
--Setting up Digi at HQ for 2090
--ICCID: 89012803330594980772
--SN: EX50040889292277
--Mac: 00:40:9D:DE:17:31

",
INC2193208,In Progress,,07-10-2026 16:48,07-10-2026 21:03,,Network Operations Center (NOC),,0987-Austin-TX-C9300L-MDF-SW1 showing offline in monitoring,0987-Austin-TX-C9300L-MDF-SW1 showing offline in monitoring,"07-10-2026 21:03:37 - (Work notes)
The MDF switch is showing offline, and its management IP is unreachable. The IDF switches at the branch remain reachable, indicating the issue is isolated to the MDF switch.

Follow-Up:
The Branch Manager has been contacted to perform Layer 1 troubleshooting. She confirmed that she will be available tomorrow. Follow up with the Branch Manager to perform a power cycle of the MDF switch and verify whether the management IP becomes reachable after the reboot.

07-10-2026 16:48:43 - (Work notes)
BM confirmed Site is working fine but the MDF switch is showing offline.
Night shift will coordinate with Marander Myer to reboot after hours

",
INC2190922,In Progress,,07-08-2026 13:55,07-08-2026 16:43,,Network Operations Center (NOC),,Service call / scanning not completing / 9143RA00729 Network IP: 10.141.82.XXX,"BR: 1431
CB:
Q143183
10.141.82.157
9143RA00729





Ricoh tech verified that printer cannot check connection to

All other functions working as expected.
Ricoh IM 460: IP 10.141.82.218
Ricoh IM 460: IP 10.141.82.140
Ricoh IM C2510: IP 10.141.82.157

all printers fail to complete

","07-08-2026 14:11:41 - (Work notes)
Service Work Order Number MR0003077336
Problem details
Problem Selected
Problem Not Listed Here
Problem description
system very slow to respond, will lock up and freeze when using
Long Description
system very slow to respond, will lock up and freeze when using
Business hours
From
07:00 AM
To
04:00 PM
Is your machine down?
Yes
Does your company by policy, require all visitors and vendors be COVID-19 vaccinated prior to entering your building?
No
Equipment Details
Ricoh IMC2510
Equipment ID
63068636
Serial number
C91301802
Location
2001 Bellwood Rd
Richmond VA 23237-1317
Current Site reference/location
2001 Bellwood Rd Richmond VA 23237-1317
Contact details
Primary contact for this service request



Primary contact for this request only



Best phone number for this support call


",
INC2190863,In Progress,,07-08-2026 13:19,07-10-2026 07:47,,Network Operations Center (NOC),,FEI0233 - CCTV - Subset of Security Cameras are non-functional,"This location is currently experiencing issues with one or more of their branch security cameras being offline / otherwise non-functional, with the server remaining online and accessible.

Affected Location: FEI0233

Local Contact Name:
Local Contact Phone:

Cameras:
— 0233 St. Augustine, FL E Gate
—— IP Address: 10.100.70.162
—— MAC Address: E4-30-22-85-B9-C1
—— Issue: Offline","07-09-2026 14:16:38 - (Work notes)
Checked switch this morning
Saw port 10 was back online with no CRC errors
Port 13 changed from offline pulling power to offline
Checking other switches> Only MDF 2 switch has cameras
Assuming issue is with cable run to port 13 as previous status was showing power with nothing connected
Will need a tech to complete a new cable run

07-08-2026 15:54:37 - (Work notes)
reached out to contact
Attempting to move cable as port shows crc errors
Attempted bounce of port> no change
Confirmed negotiation is at 100 showing a cable issue
Attempting cable swap on port 10 to patch C5
Attempting swap> Gi1/0/10-C5 > Gi1/0/13-C5
Gi1/0/10 now connected to patch C6 that was tagged for a camera> no activity on port
Gi1/0/10 still showing CRC error
Attempting bounce> Same negotiation
Will work with Bradley on technician aspect as the issue may be with the run

07-08-2026 13:20:34 - (Work notes)
Associate reached out via email reporting issues with Hanwha camera ? is on Ferguson network, forwarding to NOC to confirm connectivity + cycle PoE

",
INC2192101,In Progress,,07-09-2026 14:46,07-09-2026 14:46,,Network Operations Center (NOC),,INET 01 is down || FEI: 0986,"INET01 lumen circuit is down

Circuit ID-IA/KXFN/062316/LUMN","07-09-2026 14:46:08 - (Work notes)
INET01 Lumen circuit is down, case has been raised with the lumen team and they confirm that there is a fiber cut in the area due to which services are down, they are working on it to get it fix.

Trouble ticket: 34870543

",
INC2190921,In Progress,,07-08-2026 13:59,07-08-2026 14:04,,Network Operations Center (NOC),,Unable to connect to network with meraki wireless,"83
Issue: The associate stated that they have a meraki wireless that they are unable to connect to the network",,
INC2192062,In Progress,,07-09-2026 14:18,07-09-2026 14:18,,Network Operations Center (NOC),,Branch Down || FEI:0374 || 07/09/2026 13:54:37 EST,"All the devices are not reachable.

PS C:\Users\ABJ6578> ping 10.159.3.74

Pinging 10.159.3.74 with 32 bytes of data:
Request timed out.
Request timed out.
Request timed out.
Request timed out.

Ping statistics for 10.159.3.74:
 Packets: Sent = 4, Received = 0, Lost = 4 (100% loss),
PS C:\Users\ABJ6578> ping 10.159.3.74 -t","07-09-2026 14:18:10 - (Work notes)
All the devices are not reachable. BM confirmed that there is no power issue at the branch, he rebooted the versa device, working with him for the further troubleshooting.

PS C:\Users\ABJ6578> ping 10.159.3.74

Pinging 10.159.3.74 with 32 bytes of data:
Request timed out.
Request timed out.
Request timed out.
Request timed out.

Ping statistics for 10.159.3.74:
 Packets: Sent = 4, Received = 0, Lost = 4 (100% loss),
PS C:\Users\ABJ6578> ping 10.159.3.74 -t

",
INC2188002,In Progress,,07-06-2026 07:43,07-07-2026 09:56,,Network Operations Center (NOC),,FEI2816 | INet01 down,"NET-01-SLA-PROBE-CLOUDFLARE-1	
View
ext-inet-01-a-Transport-VR	Ferguson	Down	icmp	5000	2	1w2d20h	vni-0/0.50	none	-
INET-01-SLA-PROBE-CLOUDFLARE-2	
View
ext-inet-01-a-Transport-VR	Ferguson	Down	icmp	5000	2	1w2d20h	vni-0/0.50	none	-
INET-01-SLA-PROBE-GOOGLE-1	
View
ext-inet-01-a-Transport-VR	Ferguson	Down	icmp	5000	2	1w2d20h	vni-0/0.50	none","07-06-2026 11:08:51 - (Work notes)
need to trace cable from modem to sw1 port Te1/0/44

07-06-2026 07:55:37 - (Work notes)
pinged user to check on port connection status
awaiting reply

07-06-2026 07:52:38 - (Work notes)
2816-Fredericksburg-VA-N3248PXE-X2-MDF-40#show interfaces status | include Te1/0/44

Te1/0/44 INET01 Modem N/A Unknown Auto Down On A 3

2816-Fredericksburg-VA-N3248PXE-X2-MDF-40#

07-06-2026 07:44:54 - (Work notes)
GLS ticket no12200974

",
INC2193493,In Progress,,07-13-2026 08:12:56,07-13-2026 11:35:22,,Network Operations Center (NOC),,NASH war room - Network port failure.,"Is there a parent/problem or currently active ticket for this specific issue (Y/N)?? N

Issue Description: Network port failure.

Printer was originally working on Friday.
There was a power outage and since then nobody can print to the printer.

Cable comes from the closet somewhere, drops down from the ceiling -- it doesn't have a label


Machine: PRODC2
Account: NASH
Branch: 1571

Print Que: 157102
IP Address: 10.135.90.61
Printer MAC: 58:38:79:B0:59:50


IP is not pingable.

","07-13-2026 11:35:22 - (Work notes)
Printer MAC is not learning in the switch , we are checking

07-13-2026 09:50:54 - (Work notes)
Printer MAC: 58:38:79:B0:59:50

07-13-2026 09:33:51 - (Work notes)
-- receive call referencing this ticket - associate is looking for an update on the ticket status
-- consulting noc

07-13-2026 08:54:58 - (Work notes)
Printer was originally working on Friday.
There was a power outage and since then nobody can print to the printer.

Ping destination host unreachable.

Associate's laptop does not not an ethernet port.
Connected it to a desk phone instead. Phone got power and is working.

Tested a call with the phone, it got the error DHCP failed.
Network has been tested with two devices, this means the issue is the network.



07-13-2026 08:42:40 - (Work notes)
Warm transferred associate to Device Solutions ()

07-13-2026 08:40:03 - (Work notes)
Consulted Lashannon again, stated since associate doesn't have a way to test printer network (through laptop, docking station, etc), hesitant to send tech out without testing network.

07-13-2026 08:35:49 - (Work notes)
Associate states PCs at branch are able to connect to Internet, just printer is non-functional.

07-13-2026 08:32:39 - (Work notes)
ping 10.135.90.61

Pinging 10.135.90.61 with 32 bytes of data:
Request timed out.
Request timed out.
Request timed out.
Request timed out.

Ping statistics for 10.135.90.61:
 Packets: Sent = 4, Received = 0, Lost = 4 (100% loss)

07-13-2026 08:26:51 - (Work notes)
-- receive call referencing this ticket - associate is unable to print from trilogie after power outage
-- consulting trilogie support

07-13-2026 08:21:49 - (Work notes)
Not able to print
Brandon AAE5273
BRANCH 1571
CBR
Q157102 IP 10.135.90.61
possible network issue, associate explained they lost connection after a power outage on Friday
lights on printers ethernet port
unable to verify connection, no other device to test
transferred to desktop support for further assistance

",
INC2185804,In Progress,,07-01-2026 14:17,07-01-2026 14:17,,Network Operations Center (NOC),,site Hard down,site Hard down,,
INC2193368,In Progress,,07-12-2026 20:06,07-12-2026 20:06,,Network Operations Center (NOC),,Branch Hard Down | FEI:1319 || 07/12/2026 16:27:45,"All the devices at the branch are not reachable.

PS C:\Users\ABJ6578> ping 10.159.13.19

Pinging 10.159.13.19 with 32 bytes of data:
Request timed out.
Request timed out.
Request timed out.
Request timed out.

Ping statistics for 10.159.13.19:
 Packets: Sent = 4, Received = 0, Lost = 4 (100% loss),","07-12-2026 20:06:42 - (Work notes)
All the devices at the branch are not reachable. Need to confirm the power status of the devices with the BM during the business hours.

PS C:\Users\ABJ6578> ping 10.159.13.19

Pinging 10.159.13.19 with 32 bytes of data:
Request timed out.
Request timed out.
Request timed out.
Request timed out.

Ping statistics for 10.159.13.19:
 Packets: Sent = 4, Received = 0, Lost = 4 (100% loss),

",
INC2193367,In Progress,,07-12-2026 20:01,07-12-2026 20:01,,Network Operations Center (NOC),,Branch hard Down || FEI:0010 || 07/12/2026 16:53:51,"All the devices are not reachable.

PS C:\Users\ABJ6578> ping 10.159.0.10

Pinging 10.159.0.10 with 32 bytes of data:
Request timed out.
Request timed out.
Request timed out.
Request timed out.

Ping statistics for 10.159.0.10:
 Packets: Sent = 4, Received = 0, Lost = 4 (100% loss),","07-12-2026 20:01:11 - (Work notes)
All the devices are not reachable. Need to confirm the power status of the devices during the business hours.

PS C:\Users\ABJ6578> ping 10.159.0.10

Pinging 10.159.0.10 with 32 bytes of data:
Request timed out.
Request timed out.
Request timed out.
Request timed out.

Ping statistics for 10.159.0.10:
 Packets: Sent = 4, Received = 0, Lost = 4 (100% loss),

",
INC2183802,In Progress,,06-30-2026 09:15:04,06-30-2026 10:53:31,,Network Operations Center (NOC),,IDF4-X2-44 switch and connected APs are down,IDF4-X2-44 switch and connected APs are down,"06-30-2026 10:53:31 - (Work notes)
POC is working on locating the IDF where switch is.

",
INC2191944,In Progress,,07-09-2026 12:56,07-13-2026 11:40:51,,Network Operations Center (NOC),,FEI0038 || INET02 is down,FEI0038 || INET02 is down,"07-13-2026 11:40:51 - (Work notes)
We contacted GLS for an update. They informed us that they are still in the process of arranging a technician through AT&T. Once they receive any updates, they will notify us accordingly.

07-10-2026 13:48:10 - (Work notes)
As per Chandan's update, L1 troubleshooting was completed with Bernadette Lyons, including a reboot of the AT&T modem; however, the issue persists.
Bernadette Lyons requested that a technician be dispatched to investigate further.
Contacted GLS and informed them that L1 troubleshooting has already been performed. GLS has escalated the case to AT&T and requested a technician dispatch.
Currently awaiting further updates from GLS.

07-10-2026 10:47:27 - (Work notes)
issue:
INET02 (AT&T) is currently down at the site.
Action Taken:
GLS has already opened a case with AT&T (Case #: 12247475). As part of the ongoing troubleshooting, GLS requested Layer 1 troubleshooting steps to be performed. We contacted the Branch Manager (BM); however, they were not available in the office at the time. The BM has been asked to reach out once they are at the branch so that troubleshooting can continue.
Next Action:
Follow up with the BM and GLS to complete the required troubleshooting and restore the INET02 circuit.

",
INC2184510,In Progress,,06-30-2026 16:46:09,06-30-2026 16:46:09,,Network Operations Center (NOC),,Users not able to connect with wifi network in particular area || FEI:1401,Users reported that from last 6 month they are unable to connect with the wifi network in the office area,"06-30-2026 16:46:09 - (Work notes)
Investigating on this.

",
INC2193384,In Progress,,07-13-2026 03:14:00,07-13-2026 03:14:13,,Network Operations Center (NOC),,FEI0354 | Harddown 07/13/2026 00:05:05,Harddown,,
INC2193385,In Progress,,07-13-2026 03:16:38,07-13-2026 03:19:05,,Network Operations Center (NOC),,FEI2093 | harddown |07/12/2026 23:39 EST,Harddown,"07-13-2026 03:17:54 - (Work notes)
GW is unreachable. the issue may be related to power. We need to check with BM for confirmation.

",
RITM3429610,Work in Progress,,07-09-2026 12:36,07-09-2026 16:26,,Network Operations Center (NOC),,FEI0757 || Digi Request,"--Site has requested a Digi pending a second circuit being added (Silver site)
--Mac: 00:40:9D:DE:15:81
--SN: EX50040853292279
--IMEI: 355890340787212","07-09-2026 16:26:49 - (Work notes)
--Reached out to Paula via Teams and advised her of the pending shipment
--Also provided instructions on how to setup
--Additionally, provided a status update on the existing pre-qualification request

07-09-2026 12:41:58 - (Work notes)
--Digi going out to the site on 1Z3W568W0395546173
--Expected shipment date EOD 7/15

",
INC2192935,In Progress,,07-10-2026 13:00,07-13-2026 10:46:30,,Network Operations Center (NOC),,FEI0490 - CCTV - Subset of Security Cameras are non-functional,"This location is currently experiencing issues with one or more of their branch security cameras being offline / otherwise non-functional, with the server remaining online and accessible.

Affected Location: FEI0490

Local Contact Name:
Local Contact Phone:

Cameras: See Attached Sheet","07-13-2026 10:46:30 - (Work notes)
Worked with site contact
Looks like there is no power in the area the switch is in
Switch was showing power online 07/03/2026

07-13-2026 10:27:01 - (Work notes)
Assuming issue caused from IDF switch being offline
Working with the site to investigate switch
9 cameras connected to IDF switch
Matching to list and same number of cameras

07-13-2026 08:33:34 - (Work notes)
0490-Paducah-KY-MS130-IDF1-SW1 device is offline and shows multiple ports configured for camera's to connect to it

07-10-2026 13:02:14 - (Work notes)
Cole reached out regarding several cameras at FEI0490 going offline around 7am local time on 7/9/2026
Confirmed camera autodiscovery was on (to ensure cameras has not just been improperly configured and shifted IPs) ? it is

Given number of offline devices and presentation, forwarding to NOC to review connection state and attempt power cycle

",
RITM3429539,Work in Progress,,07-09-2026 11:12,07-10-2026 12:08,,Network Operations Center (NOC),,Whitelist AirTable's domain on WOSD for locations 8295 & 3395,"Requested by:
Requested by phone number:Requested for:
Requested for phone number:
Location Number (ex. FEI0001): FEI3395
Locale: Ferguson TC
Requested For GID: AAP1821
Affected System: Network
Title: Whitelist AirTable's domain on WOSD for locations 8295 & 3395
Details of Issue, Request, or Question: A form to capture daily PIT inspections was created in AirTable This form; https://airtable.com/app0W4PSjVibONFKS/shrHRCMrXCGEkFZvJ is for PIT's specifically in location 3395 & this one; https://airtable.com/app0W4PSjVibONFKS/shr5OBF9PnK3ljgdj is for PIT's specifically in location 8295. Requesting associates be able to access these forms on their handheld devices via the WOSD network.
Having the ability to digitally record inspection results allows for faster response to reported issues, easy visibility into equipment usage, and tighter document retention/deletion controls.
Please choose the best fit for this submission: Something needs to be setup or changed (or other general help)
","07-10-2026 12:08:07 - (Work notes)
Awaiting tablet information to begin testing

07-10-2026 09:26:00 - (Work notes)
Airtable from tracert - 18.165.98.93
Will need serial number of one of the tablets at 3395 to test what errors are received
Working with RRT to remote into devices as well

07-10-2026 07:18:29 - (Work notes)
Verifying some details on this and will begin troubleshooting

",
INC2190782,In Progress,,07-08-2026 12:08,07-08-2026 12:08,,Network Operations Center (NOC),,UPS and switch in IDF1 down,UPS and switch in IDF1 down,"07-08-2026 12:08:38 - (Work notes)
reached out to BM, he has requested to call back.

",
INC2178097,In Progress,,06-23-2026 07:59:38,07-10-2026 07:46,,Network Operations Center (NOC),,FEI2910 | UPS replacement,"UPS unit prompting contact with APC tech support
Error: AVR Relay weld
Contact:
Site: FEI2910","06-26-2026 12:21:40 - (Work notes)
UPS delivered to location: 1Z58Y8E40329698238
Reaching out to warehouse supe as POC is OOO

06-23-2026 08:20:26 - (Work notes)
Alert in Solarwinds shows IDF1 offline
Confirmed impact on other APs connected
Working with site
Located IDF and noticed red light on UPS
Confirmed error on UPS is AVR relay weld and to contact APC tech support
Beginning replacement of UPS

",
INC2188007,In Progress,,07-06-2026 07:47,07-06-2026 11:23,,Network Operations Center (NOC),,Site is having no internet.,Site is having no internet.,"07-06-2026 11:23:24 - (Work notes)
Related to INC2187837

",
INC2191151,In Progress,,07-08-2026 15:44,07-08-2026 15:44,,Network Operations Center (NOC),,IDF1.31 and MDF.30 switch down,"IDF1.31 and MDF.30 switch down
all AP's are down as well",,
INC2191830,In Progress,,07-09-2026 11:56,07-09-2026 11:56,,Network Operations Center (NOC),,Site Hard down,Site Hard down,"07-09-2026 11:56:50 - (Work notes)
Site down, BM confirms its local power, reaching out to DSR for timeline

",
INC2179675,In Progress,,06-24-2026 11:39:43,06-25-2026 15:17:22,,Network Operations Center (NOC),,.43 switch is down,.43 switch is down,,
INC2193520,In Progress,,07-13-2026 08:40:49,07-13-2026 10:09:22,,Network Operations Center (NOC),,Brach 2741. No internet at the branch,"No internet at the branch
Been out for a couple of hours.","07-13-2026 09:53:17 - (Work notes)
Got on call with the Branch Manager and gave reboot to both the spectrum and AT&T modem. Still no luck.
By checking further all the device were connected to a APC unit.
Moved all the device from he APC unit to the wall socket/extension box. Which helped the site gain the internet connectivity back again.

Branch manager will be sharing the battery serial number to get a new one.

07-13-2026 08:48:58 - (Work notes)
Had him check the wiring closet.
No beeping.

",
INC2192886,In Progress,,07-10-2026 12:27,07-10-2026 12:27,,Network Operations Center (NOC),,2747-Carbondale-CO| hard down,hard down,,
INC2178421,In Progress,,06-23-2026 10:55:01,06-23-2026 10:55:02,,Network Operations Center (NOC),,site hard down,site hard down,,
INC2178282,In Progress,,06-23-2026 09:47:12,06-23-2026 10:50:17,,Network Operations Center (NOC),,MDF Switch is down,MDF Switch is down,"06-23-2026 10:49:58 - (Work notes)
switch is back up, closing this ticket

06-23-2026 09:56:33 - (Work notes)
reached out to the branch manager, awaiting response

",
INC2177245,In Progress,,06-22-2026 10:42:47,06-23-2026 09:59:44,,Network Operations Center (NOC),,switch and all AP's down,switch and all AP's down,"06-22-2026 16:13:09 - (Work notes)
site is closed and device removed from monitoring

06-22-2026 10:42:47 - (Work notes)
switch and all AP's down

",
INC2180868,In Progress,,06-25-2026 12:21:41,06-25-2026 12:21:41,,Network Operations Center (NOC),,3 AP's down,3 AP's down,,
INC2173158,In Progress,,06-16-2026 11:56:12,07-01-2026 11:37,,Network Operations Center (NOC),,FEI2671 Network monitor,"Location experiencing intermittent spikes in network slowness
Site: 2671
Contact:","07-01-2026 11:37:05 - (Work notes)
Followed up with site
Confirmed issue only seen when visitors were at location
Since that time issue is no longer being seen
Will continue to monitor

06-17-2026 09:35:02 - (Work notes)
Not seeing any causes for intermittent connections
Will troubleshoot with location next week
Will continue to monitor and work with Justin when items pop up

06-16-2026 15:09:25 - (Work notes)
Working with location
Showing some small spikes in WOS(wireless) connection
Checking QOS on versa> Showing 2 Mb drop
No issues in availability circuits are green
Investigating cause
Currently ISP shows no spikes in pings or versa

******Updating solarwinds monitoring to point to meraki APs******

",
RITM3428295,Work in Progress,,07-07-2026 15:10,07-09-2026 02:09,,Network Operations Center (NOC),,Camera Port Request - Location FEI1587 due 07/21/2026,"Requested by:
Requested by phone number:Requested for:
Requested for phone number:Location Number (ex. FEI0001): FEI9143
Locale: Ferguson TC
Requested For GID: ABG9071
Branch Location: FEI1587
Ports Needed for Vlan 1/101: 1
Ports Needed for Vlan 18: 5
Due Date: 2026-07-21
Additional Comments: 4 cameras. Please provide the Surveillance IP Range (10.100xx) for the site. If one does not exist, the Surveillance IP Range will need to be created and added to the router and switches.
","07-09-2026 02:09:38 - (Work notes)
Changes done and saved config.


Fa0/2 Security Camera notconnect 18 auto auto 10/100BaseTX
Fa0/4 Security Camera notconnect 18 auto auto 10/100BaseTX
Fa0/5 Security Camera notconnect 18 auto auto 10/100BaseTX
Fa0/6 Security Camera notconnect 18 auto auto 10/100BaseTX

Fa0/14 NVR NIC2 VLAN18 notconnect 18 auto auto 10/100BaseTX
Fa0/15 NVR NIC1 VLAN1 notconnect 1 auto auto 10/100BaseTX

07-08-2026 11:39:29 - (Work notes)
ASSIGNING BACK TO PREVIOUS TICKET OWNER FOR NEXT STEPS:
1 - REVIEW AND CORRECT ALL SECURITY PORTS USING THE TEMPLATES BELOW
> correct descr for cam ports 2 4 5 6
> correct descr for port 14
> be sure to ""wr"" changes
2 - RE-ASSIGN BACK TO FAUBERT ONCE THIS IS COMPLETED FOR IP RANGE CREATION
// ---- + ---- + ---- ---- + ---- + ---- // ---- + ---- + ---- ---- + ---- + ---- //

NVR NIC 1
---- + ---- + ---- ---- + ---- + ----
int Gix/0/x
descr NVR NIC1 VLAN1


NVR NIC 2
---- + ---- + ---- ---- + ---- + ----
config t
default int Gix/0/x

int Gix/0/x
description NVR NIC2 VLAN18
spanning-tree portfast
switchport access vlan 18
load-interval 30
service-policy in QOS


Cam Ports
---- + ---- + ---- ---- + ---- + ----
default int Gix/0/x

int Gix/0/x
description Security Camera
spanning-tree portfast
switchport access vlan 18
load-interval 30
service-policy in QOS

07-08-2026 10:03:03 - (Work notes)
vlan18 IP range for this site is as follows
10.100.111.96/27

A MACD was submitted to GLS to add template and range to router config on 07/07 and will be completed by 7/9
GLS MACD 74643

07-08-2026 03:25:38 - (Work notes)
Switchport configuration has been completed

Fa0/2 ""NVR Server - NIC2 notconnect 18 auto auto 10/100BaseTX
Fa0/4 ""NVR Server - NIC2 notconnect 18 auto auto 10/100BaseTX
Fa0/5 ""NVR Server - NIC2 notconnect 18 auto auto 10/100BaseTX
Fa0/6 ""NVR Server - NIC2 notconnect 18 auto auto 10/100BaseTX
Fa0/14 ""NVR Server - NIC2 notconnect 18 auto auto 10/100BaseTX

Fa0/15 ""NVR NIC1 VLAN1 notconnect 1 auto auto 10/100BaseTX

",
INC2187689,In Progress,,07-03-2026 11:38,07-03-2026 11:39,,Network Operations Center (NOC),,Hard down,Hard down || FEI2735A || Start time:07/03/2026 10:47 AM EST,"07-03-2026 11:39:47 - (Work notes)
The site is currently hard down. I left a message with the BM to perform L1 checks, waiting for his response.

",
INC2187687,In Progress,,07-03-2026 11:25,07-03-2026 11:33,,Network Operations Center (NOC),,Hard down,Hard down || FEI0423A || start time: 07/03/2026 08:03 AM EST,"07-03-2026 11:27:35 - (Work notes)
The site is currently hard down. I left a message with the BM to perform L1 checks, however, he confirmed that no one is available at the site today. The site is hard due to a power outage.

",
INC2191507,In Progress,,07-09-2026 09:06,07-09-2026 21:27,,Network Operations Center (NOC),,Site Hard Down.,Site 0510-Phillipsburg-NJ is hard down.,"07-09-2026 10:52:13 - (Work notes)
The site is back online. Monitoring it for stability.

07-09-2026 09:22:21 - (Work notes)
Site is hard down, reached out to BM and got the contact of Ryan from the branch, reached out to him and did L1 troubleshooting. No Luck.
Reached out to DSR and got an updates saying that there is an outage going on with No ETA.

",
INC2179466,In Progress,,06-24-2026 09:48:11,06-24-2026 09:55:41,,Network Operations Center (NOC),,3 AP's down,"AP. 101,103,104","06-24-2026 09:55:41 - (Work notes)
AP's back up, closing ticket

06-24-2026 09:48:11 - (Work notes)
 troubleshooting now.

",
TASK0212304,Work in Progress,,06-30-2026 15:46:41,07-09-2026 12:04,,Network Operations Center (NOC),,FEI0130 | Digi Request,Requesting Digi as a secondary connection,"07-09-2026 12:04:45 - (Work Notes)
--UPS Ground: 1Z3W568W0392988755
--Expected shipment EOD 7/14

07-09-2026 10:29:49 - (Work Notes)
--ICCID: 89012803330594984550

07-09-2026 10:26:22 - (Work Notes)
--Digi configured at HQ for site 0130
--Mac: 00:40:9D:DD:F0:9D
--Serial: EX50040066322161
--Device firmware updated to 26.2.148.163 LTS successfully

07-07-2026 11:06:41 - (Work Notes)
@ Just checking the status of this request.

",
INC2176769,In Progress,,06-20-2026 12:39:45,06-20-2026 12:49:18,,Network Operations Center (NOC),,Brand refreshment | FEI0074,Brand refreshment | FEI0074,"06-20-2026 12:49:18 - (Work notes)
Nex action:
Kindly keep eye on CDW chat group, Diana email, Genesys and once further done by them - please proceed with validation to complete the same.

06-20-2026 12:48:59 - (Work notes)
Switches 4XMS130-MDF-SW4 and 4 Access points (0074-AP001, 0074-AP002, 0074-AP003 & 0074-AP004) is online & all SSID tagged.
Devices onboarding in SW's & EIP IP reservation is completed.

06-20-2026 12:40:17 - (Work notes)
Would need to keey eye of CDW chat/emails from CDW team to complete the refreshement. HO will be followed

06-20-2026 12:39:45 - (Work notes)
As per scope of work completed by CDW team on last night 19th, NOC has completed the validation

could see 4XMS130-MDF-SW4 and 4 Access points (0074-AP001, 0074-AP002, 0074-AP003 & 0074-AP004) is online & all SSID tagged.

",
INC2192185,In Progress,,07-09-2026 15:41,07-09-2026 15:46,,Network Operations Center (NOC),,AP 101 down,AP 101 down,"07-09-2026 15:46:59 - (Work notes)
dead AP, configured and shipped a new one to the branch
scheduled for a tech to go for a swap

",
INC2173169,In Progress,,06-16-2026 12:04:04,06-16-2026 12:05:25,,Network Operations Center (NOC),,AP102 DOWN,AP102 DOWN,"06-16-2026 12:05:25 - (Work notes)
Device access point came back on it own

06-16-2026 12:04:04 - (Work notes)
AP102 DOWN

",
INC2180572,In Progress,,06-25-2026 09:29:16,06-29-2026 11:12:44,,Network Operations Center (NOC),,Ferguson Guest network not allowing connections at 8395,"Requested by:
Requested by phone number:Requested for:
Requested for phone number:Location Number (ex. FEI0001): FEI3395
Locale: Ferguson TC
Requested For GID: AAP1816
Affected System: Network
Title: Ferguson Guest network not allowing connections at 8395
Details of Issue, Request, or Question: There was a network change about a month ago at 8395 and since then no users have been able to connect to Ferguson guest network
Please choose the best fit for this submission: Something that was working previously is now broken
","06-29-2026 11:12:44 - (Work notes)
Test User (unknown) is getting Open, No Internet connection when trying to connect to Ferguson Guest

06-29-2026 10:04:02 - (Work notes)
request user test to confirm resolution

06-29-2026 09:59:16 - (Work notes)
Investigation in Meraki indicates that Guest WIFI is configured to use vlan 252
> Confirmed that all AP's have been tagged with Guest WIFI and are broadcasting the SSID

investigated all switches on site and determined that 2 of the 4 switches have the vlan configured, 2 do not.
updated and saved configuration on the 2 switches to allow vlan252

---- + ---- + ---- ---- + ---- + ----
reached out to kenneth to provide an update and request testing

",
INC2191548,In Progress,,07-09-2026 09:34,07-09-2026 10:13,,Network Operations Center (NOC),,INET 01 Lumen circuit down,INET 01 Lumen circuit down - Since last 1 hr,,
INC2187459,In Progress,,07-03-2026 03:01,07-03-2026 03:11,,Network Operations Center (NOC),,"FEI0269 | INET02 is down,","INET02 is down, and the modem is showing as offline.","07-03-2026 03:03:26 - (Work notes)
INET02(ATT) is down, and the modem is showing as offline. Need to check with BM for L1

GW is unreachable
C:\Users\ABJ5032>ping 104.52.181.22

Pinging 104.52.181.22 with 32 bytes of data:
Request timed out.
Request timed out.
Request timed out.
Request timed out.

Ping statistics for 104.52.181.22:
 Packets: Sent = 4, Received = 0, Lost = 4 (100% loss),

C:\Users\ABJ5032>

",
INC2186400,In Progress,,07-02-2026 02:59,07-02-2026 07:12,,Network Operations Center (NOC),,Harddown | FEI1688 | 07/01/2026 20:41 EST,Harddown,"07-02-2026 07:12:47 - (Work notes)
BM confirmed there is no power at site.

07-02-2026 03:06:28 - (Work notes)
Ignore the Activite:8 comments

The gateway is unreachable. We need to contact the BM to perform the Layer 1 (L1) checks, as the issue may be related to a power outage. This needs to be confirmed by the BM.

07-02-2026 03:01:35 - (Work notes)
The gateway is reachable. We need to contact the BM to perform the Layer 1 (L1) checks, as the issue may be related to a power outage. This needs to be confirmed by the BM.

",
INC2181173,In Progress,,06-25-2026 15:35:25,06-25-2026 15:35:25,,Network Operations Center (NOC),,site hard down,site hard down,,
INC2187967,In Progress,,07-06-2026 07:13,07-06-2026 08:38,,Network Operations Center (NOC),,FEI2755/2735 | IDF offline,"Site 2755/2735 showing IDF offline at location
Contact:
Site: 2755/2735
Occurrence: Friday July 3rd","07-06-2026 08:38:02 - (Work notes)
Site IDF offline
Confirmed alert in solarwinds
IDF in 2755 and 2735 are showing down
reached out to site contact and awaiting update

",
RITM3428363,Work in Progress,,07-07-2026 15:53,07-08-2026 12:10,,Network Operations Center (NOC),,Camera Port Request - Location FEI3175 due 07/21/2026 (Switch Port Limit),"Requested by:
Requested by phone number:Requested for:
Requested for phone number:Location Number (ex. FEI0001): FEI9143
Locale: Ferguson TC
Requested For GID: ABG9071
Branch Location: FEI3175
Ports Needed for Vlan 1/101: 1
Ports Needed for Vlan 18: 5
Due Date: 2026-07-21
Additional Comments: 4 cameras. Please provide the Surveillance IP Range (10.100xx) for the site. If one does not exist, the Surveillance IP Range will need to be created and added to the router and switches.
","07-08-2026 12:10:07 - (Work notes)
Not seeing this site on the Branch Refresh list
a 48 port switch will need to be configured and shipped in order to accommodate the ask

07-08-2026 02:17:37 - (Work notes)
Dell switch feisw030.uscatruckee3175.int.wolseley.com	10.140.90.30 - do not have free ports.

",
INC2193003,In Progress,,07-10-2026 13:52,07-13-2026 08:19:28,,Network Operations Center (NOC),,FEI2947 - CCTV - Security Camera is non-functional,"This location is currently experiencing issues with one or more of their branch security cameras being offline / otherwise non-functional, with the server remaining online and accessible.

Affected Location: FEI2947

Local Contact Name:
Local Contact Phone:

Cameras:
— 2947 Manassas, VA I Pro Pick Up/ Will Call
—— IP Address: 10.100.132.17
—— MAC Address: E4-30-22-EF-AF-61
—— Issue: Offline, intermittent","07-13-2026 08:19:26 - (Work notes)
Port location: IDF1-Switch 1 - Port 16
Port showing online with power draw
Negotiation showing 1gbps
Not pulling mac address in portal
Bouncing port
Switch showing mac address on port
Traffic showing across port as well
Monitoring for change

07-10-2026 14:09:59 - (Work notes)
Remoted into NF5962512160002
Data
- NIC 1: 10.142.21.17
- NIC 1 Mac: A0-AD-9F-00-86-A5
Surveillance
- NIC 2: 10.100.132.8
- NIC 2 Mac: A0-AD-9F-00-86-A4

Ping timed out for 10.100.132.17
Ran Nmap for confirmation
132.16 and 132.18 are visible, .18 is missing
All cameras are in .6-50 range

Transferring to NOC for confirmation
- Review link state if E4-30-22-EF-AF-61 is visible
- Determine if port needs to be power cycled
- Branch LCON mentioned they've had issues with this one and may be ATP/Cable

",
INC2193426,In Progress,,07-13-2026 06:38:47,07-13-2026 08:32:02,,Network Operations Center (NOC),,Issues with switch stacks,"Issues with switch stacks
Some not monitored in SolarWinds
IDFs 12 and 18 down
IDF11 switch 1 down",,
RITM3429619,Work in Progress,,07-09-2026 12:42,07-09-2026 16:35,,Network Operations Center (NOC),,FEI0675 || Digi Request,"--Request received by Kajal S
","07-09-2026 16:35:29 - (Work notes)
--Opened for review
--After checking on ticket INC2172313, determined their secondary is back online and operational
--Will follow up with the site to have this Digi returned to HQ for reuse

07-09-2026 12:54:39 - (Work notes)
--1Z3W568W0393535778 - EOD 7/15

07-09-2026 12:48:36 - (Work notes)
--IMEI: 355890340782221
--ICCID: 89012803330594981044
--Mac: 00:40:9D:DE:16:65
--SN:EX50040872292251

",
INC2181750,In Progress,,06-26-2026 11:28:15,07-11-2026 12:30,,Network Operations Center (NOC),,Slow network--ethernet and wifi,"Requested by:
Requested by phone number:Requested for:
Requested for phone number:Location Number (ex. FEI0001): FEI2772
Locale: Ferguson TC
Requested For GID: AAP1144
Affected System: Nutanix (WNA)
Title: Slow network--ethernet and wifi
Details of Issue, Request, or Question: Can we run a test on our network speed? All associates have been complaining for a while about how slow the internet speed is (doesn't seem to matter if connected by ethernet or wifi). It definitely gets worse in the afternoon but in general it is bad throughout the day. We have at most 5-6 associates working out of the branch at a time, are all running on Genesys/Teams. We are also a showroom with digital tags but I know that is not supposed to affect bandwidth by much. I'm not sure if it got worse when our branch went on Genesys... but I doubt that was the reason.
Device asset tag: CH8JVW3 - Dell Latitude 7440
Please choose the best fit for this submission: Something that was working previously is now broken
","07-11-2026 12:29:09 - (Work notes)
We are able to identify the TDS Telcom box but unfortunately, we are unable to find the power socket to the TDS fiber box to reload
Attached is the picture. We need to follow with DSR and Provider to check the power socket on fiber box for reload.

07-10-2026 21:02:38 - (Work notes)
Based on the GLS technician's recommendation, the Branch Manager requested a fiber connection. However, after verifying with DSR, it was confirmed that the branch already has a fiber connection. DSR further coordinated with the ISP, who confirmed that the modem is operating normally and no issues were detected. However, the status of the fiber box could not be verified remotely. The ISP recommended power cycling the fiber box to rule out any issues. The Branch Manager has been contacted regarding the power cycle and confirmed that she will be available tomorrow. A follow-up is required to coordinate the fiber box reboot.

07-09-2026 17:16:38 - (Work notes)
--Prequalification request: INC2192321

07-09-2026 17:12:59 - (Work notes)
--Opened for review
--Site can be provided a Digi as a temporary solution for a secondary circuit
--However, this will not resolve the bigger issue of slowness
--This is a silver site so it should have two separate circuits
--From reviewing DSR portal, there were 3 cancelled pre-qualifications done in 2023
--None showing since that time
--The current one is from 2024 and is the current primary (although labeled as secondary)
--Rather than needing a Digi or a circuit ""increase,"" a secondary circuit should be installed
--Opening a prequalification request to see if another circuit option is available
--Reached out to Anna via Teams and advised of the update
--Leaving the ticket in the current associate's queue for follow-up

07-09-2026 13:00:27 - (Work notes)
* Perform **L1 troubleshooting** again.
* Check for **CRC errors** on the **modem-to-switch** interface.
* Verify for packet drops on the following links:

 **Versa Port 0 ? Switch**
 **Versa Port 2 ? Switch**
* Replace the **Ethernet cable** between the modem and the switch.
* Reboot the **Cox modem** and the **switch** after replacing the cable.
* Check the **Versa memory utilization** for any abnormalities.

**Digi Failover:**

* If a nearby branch has a **Digi with an AT&T SIM**, source it to this branch and connect it to **Versa Port 3**.
* Alternatively, if **Verizon** has good signal strength at the site, Anthony can provide a **Digi with a Verizon SIM** for failover connectivity.

07-09-2026 12:11:11 - (Work notes)
-Versa router was rebooted manually and post reboot the memory usage reduced to 89% from 95%
-Tech checked with the users and some users were getting better speeds while other were facing internet slowness in both Wifi and Wired.
-Tech informed that we might need to talk to NBT and get the internet speed increased for this branch.

07-08-2026 13:33:41 - (Work notes)
Called GLS and informed them about this issue, raised an ticket ( GLS # 12247357 ). Need to do follow up with GLS

07-08-2026 12:49:56 - (Work notes)
Users reported slowness with internal applications over both wired and wireless connections. Removed EEE configuration and completed initial troubleshooting but the issue persists. Observed high memory utilization on the Versa device. Contacted DSR to verify circuit health DSR confirmed no latency, packet loss, or bandwidth utilization issues and reported the circuit to be healthy and performed the extended reboot of versa and switch but still the issue persist.
 We will Continue troubleshoot the issue with the GLS and requestor for restoration.

07-03-2026 02:06:14 - (Work notes)
Side note: Called DSR to report slowness however they confirmed everything looks clean from circuit level.

07-03-2026 02:05:43 - (Work notes)
We have rebooted the Versa and switches and monitor the performance
Informed Anna to update if slowness issue persists.

07-02-2026 12:47:05 - (Work notes)
Noticed Versa router at Branch running on high memory utilization, rest all checks are fine.
Requested Anna for extended reboot of Versa and switch as well just to eliminate any utilization issue causing the problem.

07-02-2026 10:43:17 - (Work notes)
We have rebooted the Versa and switches and monitor the performance
Informed Anna to update if slowness issue persists.

07-02-2026 10:36:49 - (Work notes)
//Please ignore the last comment//

07-02-2026 08:44:55 - (Work notes)
Mike Willems the BM instructed to order the batteries for the APC unit as he won't be able to check the APC unit and the connector cable.

07-02-2026 02:19:41 - (Work notes)
noticed Versa router at Branch running on high memory utilization, rest all checks are fine.
Requested Anna for extended reboot of Versa and switch as well just to eliminate any utilization issue causing the problem.

07-01-2026 05:17:41 - (Work notes)
Checking all parameters

06-26-2026 11:28:15 - (Work notes)
Created from a similar incident INC2114411

",
INC2190331,In Progress,,07-08-2026 07:15,07-08-2026 08:11,,Network Operations Center (NOC),,FEI2807 | Site offline,"Site offline no direct cause at this time
Site: 2807 (Connected to 2806?)
POC:","07-08-2026 08:11:08 - (Work notes)
No response from location but seeing switch, AP and router pinging

07-08-2026 07:26:14 - (Work notes)
Alert in solarwinds showing location offline
Checking over location> Not listed in location directory
Confirmed address matches location 2806 under
Messaged POC to check status of location
Inet 01- DHCP
Inet 02 - Static 162.196.225.193
Attempt ping of Inet 02 interface> no response
Cannot locate circuit at this time
Director shows utilization of Inet 02 over Inet 01 and MPLS
Router uptime is 454 days
Degraded performance across site since last week

",
INC2187803,In Progress,,07-04-2026 12:28,07-04-2026 12:28,,Network Operations Center (NOC),,Hard down,Hard down || FEI0142 || Startt time: 07/04/2026 04:40 AM EST,"07-04-2026 12:28:41 - (Work notes)
Currently site is hard down, site is closed on weekends, need to check with BM during business hours.

",
RITM3428825,Closed Complete,,07-08-2026 11:45,07-08-2026 18:34,07-08-2026 18:34,Network Operations Center (NOC),,** URGENT** Need IP address for new Vserver,I need a new IP address for a new Netapp Vserver that is being stood up in LEB. It needs to be in the 10.254.56.0/24 network. And can be named feiintsvm2.sys.ds.wolseley.com,"07-08-2026 14:34:27 - (Work notes)
Reserved the following IP address in the 10.254.56.0/24 - INT_SW_NAS_254_56_1-24_56 IP range for this request
10.254.56.18

07-08-2026 14:32:21 - (Work notes)
Confirmed 10.254.56.18 is not responding to ping

",
TASK0211500,Closed Complete,,06-17-2026 13:59:07,06-24-2026 03:08:21,06-18-2026 05:41:53,Network Operations Center (NOC),,Assign IP Address - HighJump - App - PRD - a09912,"RITM Variables
==============
Requested by:
Requested by phone number:Requested for:
Requested for phone number:Location Number (ex. FEI0001): FEI9146
Locale: Ferguson TC
Requested For GID: AAM2989
Server Type: Virtual On Prem
Server Purpose: App
Environment: PRD
User Type: Internal (INT)
Data Type: STD
Load Balance: New
Preferred VLAN: INT_F5_HJ_224.0.192-26_2003
Affected System: HighJump (WNA)
System Owner:
Supporting Workgroup: Rapid Response Team (RRT)
OS: Windows
OS Version: Windows 2025
Server Size: Small
Monitoring: Yes
CPU: 2
Memory: 8GB
App Disk (Drive, Label, Size): d, app, 50gb
Server Name: a09912
VLAN: 2003
Gateway: 10.224.0.193
Netmask: 255.255.255.192
Data Center: LEB
Network Zone: Internal
DR Criticality: 2 - Platinum
Replication Name: NONE
vCenter Folder: highjump/prd
Backup Type: VM Backups (No backup client required)
SRM: No
ILO name: NONE
ILO IP Address: NONE
ILO Netmask: NONE
ILO Gateway: NONE
AD Domain: DS
DNS Zone: sys.ds.wolseley.com
Patch Schedule: Patch Group 4
Maintenance Window: Every Day (09:00pm to 06:00am)
Additional Details: -Use the following description in VMware and AD: Prod:West:Supply Chain:Highjump:Web Services Server
-Add to VMware datastore - SRM_LEB_GNRL_WMS_WEST_1_R1
-Build server in INT_F5_HJ_224.0.192-26_2003 vlan.
-Add server to the following GPO Filter groups:
WNA-SetAdmin-WNA-WMS-SCSEngineering-Filter
WNA-SetAdmin-WNA-WMS-SCCC-Admins-filter
WNA-SetAdmin-WNA-WMS-Admins-Filter
Servers-2025-BaseLine-Security-Filter
WOS-Servers-CachedCreds-Security-Filter
","06-18-2026 05:41:53 - (Work Notes)
The IP has been reserved for the server, and the details are provided below.

IP : 10.224.0.5
Mask : 255.255.255.192
GW ip : 10.224.0.5

",
RITM3427416,Closed Complete,,07-06-2026 12:11,07-08-2026 18:35,07-08-2026 18:35,Network Operations Center (NOC),,1082 - Two cameras are offline.,"Requested by:
Requested by phone number:Requested for:
Requested for phone number:Location Number (ex. FEI0001): FEI9146
Locale: Ferguson TC
Requested For GID: ABI7312
Operating Company: FEI
Branch Name: FEI1082
Branch Address: 1315 Santiago Street, Santa Ana, CA, 92701, United States
Contact Name:
Contact Phone Number:Contact Email Address:
Type of Service: Voice/Data
Service Request: New Data Service (DSL;Cable;Etc)
Request/Special Instructions/Due Date: Two cameras inside of Wave Sync are offline. Please see the attached photo.
","07-07-2026 18:44:40 - (Work notes)
RFO: IP Range misconfigured, DHCP range was to small to allow all 12 cameras to obtain IP addresses
> Affected cameras were receiving 169.254.xx.xx ip addresses
Resolution: Extended range by 10 IP's, cycled the ports the affected cameras were connected to.
Status: Affected cams now have vlan18 ip addresses and should be operational

",
RITM3419905,Closed Complete,,06-16-2026 16:45:59,06-24-2026 04:25:51,06-24-2026 04:25:51,Network Operations Center (NOC),,Camera Port Request - Location FEI0560 due 06/17/2026,"Requested by:
Requested by phone number:Requested for:
Requested for phone number:Location Number (ex. FEI0001): FEI6197
Locale: Ferguson TC
Requested For GID: AAM0609
Branch Location: FEI0560
Ports Needed for Vlan 1/101: 1
Ports Needed for Vlan 18: 10
Due Date: 06-17-2026
Additional Comments: one recorder(Cable to VLAN1, cable to VLAN 18, 9 cameras,

Please provide the Surveillance IP range (10.100.x.x/xx) for this site. If one does not exist, the Surveillance IP range will need to be created & added to the router & switches.
","06-24-2026 04:25:24 - (Work notes)
Template has been pushed successfully

06-18-2026 03:06:25 - (Work notes)
GLS created ticket 73525 for your request. Please allow 1-2 business days for the completion of the request.

06-16-2026 23:24:31 - (Work notes)
Subnet 10.100.79.96/27 has been created in EIP

06-16-2026 18:11:02 - (Work notes)
Site does not have a Branch Security IP range configured in EIP
> One will need to be made

Versa Router is not configured for Branch Security
> MACD will need to be submitted to GLS once a Security range has been created in EIP

The following ports have been updated / assigned on 0560-Jackson-MS130-MDF-SW4 (S/N Q3LR-HH8C-RLPE)
9 - NVR NIC 1 - vlan1
10 - NVR NIC 2 - vlan18
11 - 19 - Security Camera - vlan18

",
TASK0212560,Closed Complete,,07-08-2026 06:57,07-08-2026 21:18,07-08-2026 21:18,Network Operations Center (NOC),,Assign IP Address - Databases - SQLDB - TEST - a09918,"RITM Variables
==============
Requested by:
Requested by phone number:Requested for:
Requested for phone number:Location Number (ex. FEI0001): FEI9146
Locale: Ferguson TC
Requested For GID: ABD8577
Server Type: Virtual On Prem
Server Purpose: SQLDB
Environment: TEST
User Type: Internal (INT)
Data Type: STD
Colocated Server (Sister Server): A08508
Preferred VLAN: 46
Affected System: Databases (Enterprise Solutions)
System Owner:
Supporting Workgroup: OPS / Operations Center / App Admin (NPN)
OS: Windows
OS Version: Windows 2019
Server Size: Custom
Monitoring: Yes
CPU: 8
Memory: 68GB
App Disk (Drive, Label, Size): C:\ 100GB
D:\ (App) 200GB
E:\ (Tempdb) 500GB
G:\ (Trans Log) 500GB
K:\ (USRDB1) 2TB
L:\ (USRDB2) 1.5TB
M:\ (USRDB3) 2TB
Q:\ (Backup) 1.64TB
Server Name: a09918
VLAN: 46
Gateway: 10.113.44.1
Netmask: 255.255.254.0
Data Center: DC21
Network Zone: Internal
Replication Name: NONE
vCenter Folder: databases/test
Backup Type: OS + Database (Install backup client)
SRM: No
ILO name: NONE
ILO IP Address: NONE
ILO Netmask: NONE
ILO Gateway: NONE
AD Domain: DS
DNS Zone: sys.ds.wolseley.com
Admin Group for Remote Access: FEI-ENTSOL-DBA
Patch Schedule: Patch Group 2
Maintenance Window: Every Day (09:00pm to 06:00am)
Additional Details: The new server is required to replace/upgrade server a08508 which is running Windows Server 2016 Standard. Windows 2019 Standard is required to match Production.

Install NetBackup MS SQL Client.
","07-08-2026 21:17:31 - (Work Notes)
please find the IP details below

IP : 10.113.44.81
Gateway: 10.113.44.1
Subnet mask : 255.255.254.0

",
RITM3425093,Closed Complete,,06-29-2026 14:07:28,07-09-2026 15:31,06-29-2026 18:12:18,Network Operations Center (NOC),,"sCANNING DIDGITAL TAGS AND GETTING ""NO SCENARIO"" MESSAGE","Requested by:
Requested by phone number:Requested for:
Requested for phone number:Location Number (ex. FEI0001): FEI1112
Locale: Ferguson TC
Requested For GID: ABI0412
Affected System: Network
Title: sCANNING DIDGITAL TAGS AND GETTING ""NO SCENARIO"" MESSAGE
Details of Issue, Request, or Question: I just scanned new tags to my show room and so far the 2.2 are working fine but most of the 2.6 are giving me a message of ""no scenario"" in Vusion. The desktop and app.
Please choose the best fit for this submission: Something needs to be setup or changed (or other general help)
","06-29-2026 14:32:58 - (Work notes)
Reaching out to FEI Vusion Admins
Winter Diggins
Kortni Razzaque
Charlene Thomas

",
RITM3428375,Closed Complete,,07-07-2026 15:58,07-09-2026 02:26,07-09-2026 02:26,Network Operations Center (NOC),,Camera Port Request - Location FEI0585 due 07/21/2026,"Requested by:
Requested by phone number:Requested for:
Requested for phone number:Location Number (ex. FEI0001): FEI9143
Locale: Ferguson TC
Requested For GID: ABG9071
Branch Location: FEI0585
Ports Needed for Vlan 1/101: 1
Ports Needed for Vlan 18: 5
Due Date: 2026-07-21
Additional Comments: 4 cameras. IP 10.100.6.224/27
","07-09-2026 02:26:29 - (Work notes)
Closure notes

1. update ports 11 14 with correct cam description -- COMPLETED
2 - CONFIRM VLAN18 SUBNET IS CONFIGURED ON VERSA ROUTER -- CONFIRMED
3 - Email ticket POC via ServiceNow with verified ports & Update Shared Spreadsheet if needed -- DONE (email sent via servicenow)
4 - OK TO CLOSE TICKET ONCE THE ABOVE IS DONE SINCE THE IP RANGE FOR THIS SITE IS ALREADY CONFIGURED



Logs

Gi1/0/11 Security Camera notconnect 18 auto auto 10/100/1000BaseTX
Gi1/0/12 Security Camera notconnect 18 auto auto 10/100/1000BaseTX
Gi1/0/13 Security Camera notconnect 18 auto auto 10/100/1000BaseTX
Gi1/0/14 Security Camera notconnect 18 auto auto 10/100/1000BaseTX

Gi1/0/15 NVR NIC2 VLAN18 notconnect 18 auto auto 10/100/1000BaseTX
Gi1/0/16 NVR NIC1 VLAN1 connected 1 a-full a-1000 10/100/1000BaseTX

07-08-2026 11:20:53 - (Work notes)
1 - REVIEW AND CORRECT ALL SECURITY PORTS USING THE TEMPLATES BELOW
> update ports 11 14 with correct cam description
2 - CONFIRM VLAN18 SUBNET IS CONFIGURED ON VERSA ROUTER
3 - Email ticket POC via ServiceNow with verified ports & Update Shared Spreadsheet if needed
4 - OK TO CLOSE TICKET ONCE THE ABOVE IS DONE SINCE THE IP RANGE FOR THIS SITE IS ALREADY CONFIGURED
// ---- + ---- + ---- ---- + ---- + ---- // ---- + ---- + ---- ---- + ---- + ---- //

NVR NIC 1
---- + ---- + ---- ---- + ---- + ----
int Gix/0/x
descr NVR NIC1 VLAN1


NVR NIC 2
---- + ---- + ---- ---- + ---- + ----
config t
default int Gix/0/x

int Gix/0/x
description NVR NIC2 VLAN18
spanning-tree portfast
switchport access vlan 18
load-interval 30
service-policy in QOS


Cam Ports
---- + ---- + ---- ---- + ---- + ----
default int Gix/0/x

int Gix/0/x
description Security Camera
spanning-tree portfast
switchport access vlan 18
load-interval 30
service-policy in QOS

07-08-2026 03:49:19 - (Work notes)
Switchport has been configured.

Gi2/0/11 ""NVR Server - NIC2 notconnect 18 auto auto 10/100/1000BaseTX
Gi2/0/12 ""NVR Server - NIC2 notconnect 18 auto auto 10/100/1000BaseTX
Gi2/0/13 ""NVR Server - NIC2 notconnect 18 auto auto 10/100/1000BaseTX
Gi2/0/14 ""NVR Server - NIC2 notconnect 18 auto auto 10/100/1000BaseTX
Gi2/0/15 ""NVR Server - NIC2 notconnect 18 auto auto 10/100/1000BaseTX

Gi2/0/16 ""NVR NIC1 VLAN1 notconnect 1 auto auto 10/100/1000BaseTX

",
TASK0211497,Closed Complete,,06-17-2026 13:58:39,06-22-2026 06:47:47,06-22-2026 06:47:47,Network Operations Center (NOC),,Assign IP Address - HighJump - App - PRD - a09909,"RITM Variables
==============
Requested by:
Requested by phone number:Requested for:
Requested for phone number:Location Number (ex. FEI0001): FEI9146
Locale: Ferguson TC
Requested For GID: AAM2989
Server Type: Virtual On Prem
Server Purpose: App
Environment: PRD
User Type: Internal (INT)
Data Type: STD
Load Balance: New
Preferred VLAN: INT_F5_HJ_224.0.192-26_2003
Affected System: HighJump (WNA)
System Owner:
Supporting Workgroup: Rapid Response Team (RRT)
OS: Windows
OS Version: Windows 2025
Server Size: Small
Monitoring: Yes
CPU: 2
Memory: 8GB
App Disk (Drive, Label, Size): d, app, 50gb
Server Name: a09909
VLAN: 2003
Gateway: 10.224.0.193
Netmask: 255.255.255.192
Data Center: LEB
Network Zone: Internal
DR Criticality: 2 - Platinum
Replication Name: NONE
vCenter Folder: highjump/prd
Backup Type: VM Backups (No backup client required)
SRM: No
ILO name: NONE
ILO IP Address: NONE
ILO Netmask: NONE
ILO Gateway: NONE
AD Domain: DS
DNS Zone: sys.ds.wolseley.com
Patch Schedule: Patch Group 3
Maintenance Window: Every Day (09:00pm to 06:00am)
Additional Details: -Use the following description in VMware and AD: Prod:East:Supply Chain:Highjump:Web Services Server
-Add to VMware datastore - SRM_LEB_GNRL_WMS_EAST_1_R1
-Build server in INT_F5_HJ_224.0.192-26_2003 vlan.
-Add server to the following GPO Filter groups:
WNA-SetAdmin-WNA-WMS-SCSEngineering-Filter
WNA-SetAdmin-WNA-WMS-SCCC-Admins-filter
WNA-SetAdmin-WNA-WMS-Admins-Filter
Servers-2025-BaseLine-Security-Filter
WOS-Servers-CachedCreds-Security-Filter
","06-22-2026 06:47:00 - (Work Notes)
We have reserved an IP for the server in IPAM; therefore, closing the request.

IP :10.224.0.215
Mask : 255.255.255.192
Gateway ip : 10.224.0.193

",
TASK0211487,Closed Complete,,06-17-2026 13:53:00,06-19-2026 13:43:36,06-19-2026 13:43:35,Network Operations Center (NOC),,Assign IP Address - MIS Jbase - App - PRD - a09751,"RITM Variables
==============
Requested by:
Requested by phone number:
Requested for:
Requested for phone number:
Location Number (ex. FEI0001): FEI9104
Locale: Ferguson TC
Requested For GID: AAI0934
Server Type: Virtual On Prem
Server Purpose: App
Environment: PRD
User Type: Both (DMZ)
Data Type: STD
Preferred VLAN: DMZ_FW_MA_10.254.216.104/29_1813
Preferred IP Address: 10.254.216.106
Affected System: MIS Jbase (Plumber Supply)
System Owner:
Supporting Workgroup: Infrastructure Operations / CloudOps
OS: Linux
OS Version: RedHat 7.9 (Out of Support)
Server Size: Custom
Monitoring: Yes
CPU: 8
Memory: 32GB
Server Name: a09751
IP Address: 10.254.216.106
VLAN: 1813
Gateway: 10.254.216.105
Netmask: 255.255.255.248
Data Center: LEB
Network Zone: DMZ
DR Criticality: 6 - Out of Scope
Replication Name: NONE
vCenter Folder: mis jbase/prd
Backup Type: VM Backups (No backup client required)
SRM: No
ILO name: NONE
ILO IP Address: NONE
ILO Netmask: NONE
ILO Gateway: NONE
AD Domain: DMZ
DNS Zone: sys.dmz.wolseley.com
Patch Schedule: Unix/Linux Patch Schedule
Maintenance Window: Every Day (09:00pm to 06:00am)
Additional Details: This is a migration from Azure to LEB. the shell has been created (a09751) and the drives migrated from azure. Since this is a historical system no patching and backups NBU_tier3
",,
RITM3426585,Closed Complete,,07-02-2026 09:44,07-13-2026 07:05:00,07-13-2026 07:05:00,Network Operations Center (NOC),,SS Auto Create Request - Voice and data needs,"Requested by:
Requested by phone number:Requested for:
Requested for phone number:Location Number (ex. FEI0001): FEI3550
Locale: Ferguson TC
Requested For GID: AAK2358
Operating Company: FEI
Branch Name: FEI3550
Branch Address: 41554 Koppernick Road, Canton, MI, 48187-2406, United States
Contact Name:
Contact Phone Number:Contact Email Address:
Type of Service: Warehouse Renovation
Service Request: New Data Service (DSL;Cable;Etc)
Request/Special Instructions/Due Date: We have an existing ethernet port that has no internet service running to it. We would like to have the port reconnected so we can add a desktop terminal.
",,
TASK0211495,Closed Complete,,06-17-2026 13:56:08,06-19-2026 13:57:12,06-19-2026 13:57:12,Network Operations Center (NOC),,Assign IP Address - HighJump - App - PRD - a09906,"RITM Variables
==============
Requested by:
Requested by phone number:Requested for:
Requested for phone number:Location Number (ex. FEI0001): FEI9146
Locale: Ferguson TC
Requested For GID: AAM2989
Server Type: Virtual On Prem
Server Purpose: App
Environment: PRD
User Type: Internal (INT)
Data Type: STD
Load Balance: New
Preferred VLAN: INT_F5_HJ_224.0.192-26_2003
Affected System: HighJump (WNA)
System Owner:
Supporting Workgroup: Rapid Response Team (RRT)
OS: Windows
OS Version: Windows 2025
Server Size: Small
Monitoring: Yes
CPU: 2
Memory: 8GB
App Disk (Drive, Label, Size): d, app, 50gb
Server Name: a09906
VLAN: 2003
Gateway: 10.224.0.193
Netmask: 255.255.255.192
Data Center: LEB
Network Zone: Internal
DR Criticality: 2 - Platinum
Replication Name: NONE
vCenter Folder: highjump/prd
Backup Type: VM Backups (No backup client required)
SRM: No
ILO name: NONE
ILO IP Address: NONE
ILO Netmask: NONE
ILO Gateway: NONE
AD Domain: DS
DNS Zone: sys.ds.wolseley.com
Patch Schedule: Patch Group 4
Maintenance Window: Every Day (09:00pm to 06:00am)
Additional Details: -Use the following description in VMware and AD: Prod:Cent:Supply Chain:Highjump:Web Services Server
-Add to VMware datastore - SRM_LEB_GNRL_WMS_CENT_1_R1
-Build server in INT_F5_HJ_224.0.192-26_2003 vlan.
-Add server to the following GPO Filter groups:
WNA-SetAdmin-WNA-WMS-SCSEngineering-Filter
WNA-SetAdmin-WNA-WMS-SCCC-Admins-filter
WNA-SetAdmin-WNA-WMS-Admins-Filter
Servers-2025-BaseLine-Security-Filter
WOS-Servers-CachedCreds-Security-Filter
",,
TASK0211503,Closed Complete,,06-17-2026 14:01:45,06-18-2026 02:24:47,06-18-2026 02:24:48,Network Operations Center (NOC),,Assign IP Address - ARSS - App - PRD - a09747,"RITM Variables
==============
Requested by:
Requested by phone number:
Requested for:
Requested for phone number:
Location Number (ex. FEI0001): FEI9104
Locale: Ferguson TC
Requested For GID: AAI0934
Server Type: Virtual On Prem
Server Purpose: App
Environment: PRD
User Type: Both (DMZ)
Data Type: STD
Preferred VLAN: 1810
Preferred IP Address: 10.254.216.84
Affected System: ARSS (Meyer Appliance)
System Owner:
Supporting Workgroup: Infrastructure Operations / CloudOps
OS: Windows
OS Version: Windows 2019
Server Size: Small
Monitoring: Yes
CPU: 2
Memory: 8GB
Server Name: a09747
IP Address: 10.254.216.84
VLAN: 1810
Gateway: 10.254.216.81
Netmask: 255.255.255.248
Data Center: LEB
Network Zone: DMZ
DR Criticality: 6 - Out of Scope
Replication Name: NONE
vCenter Folder: arss/prd
Backup Type: VM Backups (No backup client required)
SRM: No
ILO name: NONE
ILO IP Address: NONE
ILO Netmask: NONE
ILO Gateway: NONE
AD Domain: DMZ
DNS Zone: sys.dmz.wolseley.com
Patch Schedule: Patch Group 3
Maintenance Window: Every Day (09:00pm to 06:00am)
Additional Details: This vm's shell and os have been created and installed.
Servername: a09747
Administrator password: windsor8CHING@wand
Passwords for this project are in Cyberark
","06-18-2026 02:24:01 - (Work Notes)
IP has been assigned

",
TASK0211504,Closed Complete,,06-17-2026 14:01:57,06-18-2026 02:27:36,06-18-2026 02:27:37,Network Operations Center (NOC),,Assign IP Address - ARSS - App - PRD - a09745,"RITM Variables
==============
Requested by:
Requested by phone number:
Requested for:
Requested for phone number:
Location Number (ex. FEI0001): FEI9104
Locale: Ferguson TC
Requested For GID: AAI0934
Server Type: Virtual On Prem
Server Purpose: App
Environment: PRD
User Type: Both (DMZ)
Data Type: STD
Preferred VLAN: 1810
Preferred IP Address: 10.254.216.82
Affected System: ARSS (Meyer Appliance)
System Owner:
Supporting Workgroup: Infrastructure Operations / CloudOps
OS: Windows
OS Version: Windows 2019
Server Size: Small
Monitoring: Yes
CPU: 2
Memory: 8GB
Server Name: a09745
IP Address: 10.254.216.82
VLAN: 1810
Gateway: 10.254.216.81
Netmask: 255.255.255.248
Data Center: LEB
Network Zone: DMZ
DR Criticality: 6 - Out of Scope
Replication Name: NONE
vCenter Folder: arss/prd
Backup Type: VM Backups (No backup client required)
SRM: No
ILO name: NONE
ILO IP Address: NONE
ILO Netmask: NONE
ILO Gateway: NONE
AD Domain: DMZ
DNS Zone: sys.dmz.wolseley.com
Patch Schedule: Patch Group 3
Maintenance Window: Every Day (09:00pm to 06:00am)
Additional Details: This vm's shell and os have been created and installed.
Servername: a09745
Administrator password: windsor8CHING@wand
Passwords for this project are in Cyberark
","06-18-2026 02:27:09 - (Work Notes)
IP has been assigned.

",
TASK0211498,Closed Complete,,06-17-2026 13:58:46,06-22-2026 06:51:25,06-22-2026 06:51:25,Network Operations Center (NOC),,Assign IP Address - HighJump - App - PRD - a09910,"RITM Variables
==============
Requested by:
Requested by phone number:Requested for:
Requested for phone number:Location Number (ex. FEI0001): FEI9146
Locale: Ferguson TC
Requested For GID: AAM2989
Server Type: Virtual On Prem
Server Purpose: App
Environment: PRD
User Type: Internal (INT)
Data Type: STD
Load Balance: New
Preferred VLAN: INT_F5_HJ_224.0.192-26_2003
Affected System: HighJump (WNA)
System Owner:
Supporting Workgroup: Rapid Response Team (RRT)
OS: Windows
OS Version: Windows 2025
Server Size: Small
Monitoring: Yes
CPU: 2
Memory: 8GB
App Disk (Drive, Label, Size): d, app, 50gb
Server Name: a09910
VLAN: 2003
Gateway: 10.224.0.193
Netmask: 255.255.255.192
Data Center: LEB
Network Zone: Internal
DR Criticality: 2 - Platinum
Replication Name: NONE
vCenter Folder: highjump/prd
Backup Type: VM Backups (No backup client required)
SRM: No
ILO name: NONE
ILO IP Address: NONE
ILO Netmask: NONE
ILO Gateway: NONE
AD Domain: DS
DNS Zone: sys.ds.wolseley.com
Patch Schedule: Patch Group 4
Maintenance Window: Every Day (09:00pm to 06:00am)
Additional Details: -Use the following description in VMware and AD: Prod:East:Supply Chain:Highjump:Web Services Server
-Add to VMware datastore - SRM_LEB_GNRL_WMS_EAST_1_R1
-Build server in INT_F5_HJ_224.0.192-26_2003 vlan.
-Add server to the following GPO Filter groups:
WNA-SetAdmin-WNA-WMS-SCSEngineering-Filter
WNA-SetAdmin-WNA-WMS-SCCC-Admins-filter
WNA-SetAdmin-WNA-WMS-Admins-Filter
Servers-2025-BaseLine-Security-Filter
WOS-Servers-CachedCreds-Security-Filter
","06-22-2026 06:51:24 - (Work Notes)
We have reserved an IP for the server in IPAM; therefore, closing the request.

IP : 10.224.0.216
Mask :255.255.255.192
Gateway ip : 10.224.0.193

",
TASK0211501,Closed Complete,,06-17-2026 13:59:16,06-18-2026 05:40:21,06-18-2026 05:40:22,Network Operations Center (NOC),,Assign IP Address - Eclipse - App - PRD - a09756,"RITM Variables
==============
Requested by:
Requested by phone number:
Requested for:
Requested for phone number:
Location Number (ex. FEI0001): FEI9104
Locale: Ferguson TC
Requested For GID: AAI0934
Server Type: Virtual On Prem
Server Purpose: App
Environment: PRD
User Type: Both (DMZ)
Data Type: STD
Preferred VLAN: adapter 1 DMZ_FW_MA_254_216_120-29_1815
Preferred IP Address: 10.254.216.122
Affected System: Eclipse (South West Anderson)
System Owner:
Supporting Workgroup: Infrastructure Operations / CloudOps
OS: Linux
OS Version: RedHat 7.9 (Out of Support)
Server Size: Medium
Monitoring: Yes
CPU: 4
Memory: 16GB
Server Name: a09756
IP Address: 10.254.216.122
VLAN: 1815
Gateway: 10.254.216.121
Netmask: 255.255.255.248
Data Center: LEB
Network Zone: DMZ
DR Criticality: 6 - Out of Scope
Replication Name: NONE
vCenter Folder: eclipse/prd
Backup Type: VM Backups (No backup client required)
SRM: No
ILO name: NONE
ILO IP Address: NONE
ILO Netmask: NONE
ILO Gateway: NONE
AD Domain: DMZ
DNS Zone: sys.dmz.wolseley.com
Patch Schedule: Unix/Linux Patch Schedule
Maintenance Window: Every Day (09:00pm to 06:00am)
Additional Details: This is a migration from Azure to LEB. the shell has been created (a09756) and the drives migrated from azure. Since this is a historical system no patching and backups should be NBU_tier3
","06-18-2026 05:40:15 - (Work Notes)
IP:10.254.216.122
GW:10.254.216.121
Subnet : 255.255.255.248
hence closing this task

",
TASK0211502,Closed Complete,,06-17-2026 14:01:33,06-18-2026 05:43:04,06-18-2026 05:43:05,Network Operations Center (NOC),,Assign IP Address - Eclipse - App - PRD - a09757,"RITM Variables
==============
Requested by:
Requested by phone number:
Requested for:
Requested for phone number:
Location Number (ex. FEI0001): FEI9104
Locale: Ferguson TC
Requested For GID: AAI0934
Server Type: Virtual On Prem
Server Purpose: App
Environment: PRD
User Type: Both (DMZ)
Data Type: STD
Preferred VLAN: adapter 1 DMZ_FW_MA_254_216_120-29_1815
Preferred IP Address: 10.254.216.123
Affected System: Eclipse (South West Anderson)
System Owner:
Supporting Workgroup: Infrastructure Operations / CloudOps
OS: Windows
OS Version: Windows 2019
Server Size: Custom
Monitoring: Yes
CPU: 8
Memory: 16GB
Server Name: a09757
IP Address: 10.254.216.123
VLAN: 1815
Gateway: 10.254.216.121
Netmask: 255.255.255.248
Data Center: LEB
Network Zone: DMZ
DR Criticality: 6 - Out of Scope
Replication Name: NONE
vCenter Folder: eclipse/prd
Backup Type: VM Backups (No backup client required)
SRM: No
ILO name: NONE
ILO IP Address: NONE
ILO Netmask: NONE
ILO Gateway: NONE
AD Domain: DMZ
DNS Zone: sys.dmz.wolseley.com
Patch Schedule: Patch Group 3
Maintenance Window: Every Day (09:00pm to 06:00am)
Additional Details: This is a migration from Azure to LEB. the shell has been created (a09757) and the drives migrated from azure. Since this is a historical system no patching and backups should be NBU_tier3
","06-18-2026 05:43:04 - (Work Notes)
Ip:10.254.216.123
GW:10.254.216.121
Subnet: 255.255.255.248
Hence closing this task

06-18-2026 05:42:53 - (Work Notes)
Ip:10.254.216.123
GW:10.254.216.121
Subnet: 255.255.255.248
Hence closing this task

",
TASK0211499,Closed Complete,,06-17-2026 13:58:56,06-18-2026 05:57:35,06-18-2026 05:57:36,Network Operations Center (NOC),,Assign IP Address - HighJump - App - PRD - a09911,"RITM Variables
==============
Requested by:
Requested by phone number:Requested for:
Requested for phone number:Location Number (ex. FEI0001): FEI9146
Locale: Ferguson TC
Requested For GID: AAM2989
Server Type: Virtual On Prem
Server Purpose: App
Environment: PRD
User Type: Internal (INT)
Data Type: STD
Load Balance: New
Preferred VLAN: INT_F5_HJ_224.0.192-26_2003
Affected System: HighJump (WNA)
System Owner:
Supporting Workgroup: Rapid Response Team (RRT)
OS: Windows
OS Version: Windows 2025
Server Size: Small
Monitoring: Yes
CPU: 2
Memory: 8GB
App Disk (Drive, Label, Size): d, app, 50gb
Server Name: a09911
VLAN: 2003
Gateway: 10.224.0.193
Netmask: 255.255.255.192
Data Center: LEB
Network Zone: Internal
DR Criticality: 2 - Platinum
Replication Name: NONE
vCenter Folder: highjump/prd
Backup Type: VM Backups (No backup client required)
SRM: No
ILO name: NONE
ILO IP Address: NONE
ILO Netmask: NONE
ILO Gateway: NONE
AD Domain: DS
DNS Zone: sys.ds.wolseley.com
Patch Schedule: Patch Group 3
Maintenance Window: Every Day (09:00pm to 06:00am)
Additional Details: -Use the following description in VMware and AD: Prod:West:Supply Chain:Highjump:Web Services Server
-Add to VMware datastore - SRM_LEB_GNRL_WMS_WEST_1_R1
-Build server in INT_F5_HJ_224.0.192-26_2003 vlan.
-Add server to the following GPO Filter groups:
WNA-SetAdmin-WNA-WMS-SCSEngineering-Filter
WNA-SetAdmin-WNA-WMS-SCCC-Admins-filter
WNA-SetAdmin-WNA-WMS-Admins-Filter
Servers-2025-BaseLine-Security-Filter
WOS-Servers-CachedCreds-Security-Filter
","06-18-2026 05:57:35 - (Work Notes)
The IP has been reserved for the server, and the details are provided below.

IP : 10.224.0.209
Mask : 255.255.255.192
GW Ip :10.224.0.193

06-18-2026 05:56:09 - (Work Notes)
IP : 10.224.0.209
Mask : 255.255.255.192
GW Ip :10.224.0.193

06-18-2026 05:56:01 - (Work Notes)
ignore below snap.

",
TASK0211496,Closed Complete,,06-17-2026 13:56:58,06-18-2026 06:28:37,06-18-2026 06:28:37,Network Operations Center (NOC),,Assign IP Address - HighJump - App - PRD - a09902,"RITM Variables
==============
Requested by:
Requested by phone number:Requested for:
Requested for phone number:Location Number (ex. FEI0001): FEI9146
Locale: Ferguson TC
Requested For GID: AAM2989
Server Type: Virtual On Prem
Server Purpose: App
Environment: PRD
User Type: Internal (INT)
Data Type: STD
Load Balance: New
Preferred VLAN: INT_F5_HJ_224.0.192-26_2003
Affected System: HighJump (WNA)
System Owner:
Supporting Workgroup: Rapid Response Team (RRT)
OS: Windows
OS Version: Windows 2025
Server Size: Small
Monitoring: Yes
CPU: 2
Memory: 8GB
App Disk (Drive, Label, Size): d, app, 50gb
Server Name: a09902
VLAN: 2003
Gateway: 10.224.0.193
Netmask: 255.255.255.192
Data Center: LEB
Network Zone: Internal
DR Criticality: 2 - Platinum
Replication Name: NONE
vCenter Folder: highjump/prd
Backup Type: VM Backups (No backup client required)
SRM: No
ILO name: NONE
ILO IP Address: NONE
ILO Netmask: NONE
ILO Gateway: NONE
AD Domain: DS
DNS Zone: sys.ds.wolseley.com
Patch Schedule: Patch Group 4
Maintenance Window: Every Day (09:00pm to 06:00am)
Additional Details: -Use the following description in VMware and AD: Prod:BetaT1:Supply Chain:Highjump:Web Services Server
-Add to VMware datastore - SRM_LEB_GNRL_WMS_BETA_1_R1
-Build server in INT_F5_HJ_224.0.192-26_2003 vlan.
-Add server to the following GPO Filter groups:
WNA-SetAdmin-WNA-WMS-SCSEngineering-Filter
WNA-SetAdmin-WNA-WMS-SCCC-Admins-filter
WNA-SetAdmin-WNA-WMS-Admins-Filter
Servers-2025-BaseLine-Security-Filter
WOS-Servers-CachedCreds-Security-Filter
","06-18-2026 06:28:37 - (Work Notes)
The IP has been reserved for the server, and the details are provided below.

IP: 10.224.0.211
Mask: 255.255.255.192
GW ip : 10.224.0.193

",
TASK0211494,Closed Complete,,06-17-2026 13:55:09,06-19-2026 14:58:20,06-19-2026 14:58:12,Network Operations Center (NOC),,Assign IP Address - HighJump - App - PRD - a09908,"RITM Variables
==============
Requested by:
Requested by phone number:Requested for:
Requested for phone number:Location Number (ex. FEI0001): FEI9146
Locale: Ferguson TC
Requested For GID: AAM2989
Server Type: Virtual On Prem
Server Purpose: App
Environment: PRD
User Type: Internal (INT)
Data Type: STD
Load Balance: New
Preferred VLAN: INT_F5_HJ_224.0.192-26_2003
Affected System: HighJump (WNA)
System Owner:
Supporting Workgroup: Rapid Response Team (RRT)
OS: Windows
OS Version: Windows 2025
Server Size: Small
Monitoring: Yes
CPU: 2
Memory: 8GB
App Disk (Drive, Label, Size): d, app, 50gb
Server Name: a09908
VLAN: 2003
Gateway: 10.224.0.193
Netmask: 255.255.255.192
Data Center: LEB
Network Zone: Internal
DR Criticality: 2 - Platinum
Replication Name: NONE
vCenter Folder: highjump/prd
Backup Type: VM Backups (No backup client required)
SRM: No
ILO name: NONE
ILO IP Address: NONE
ILO Netmask: NONE
ILO Gateway: NONE
AD Domain: DS
DNS Zone: sys.ds.wolseley.com
Patch Schedule: Patch Group 4
Maintenance Window: Every Day (09:00pm to 06:00am)
Additional Details: -Use the following description in VMware and AD: Prod:DC:Supply Chain:Highjump:Web Services Server
-Add to VMware datastore - SRM_LEB_GNRL_WMS_DC_1_R1
-Build server in INT_F5_HJ_224.0.192-26_2003 vlan.
-Add server to the following GPO Filter groups:
WNA-SetAdmin-WNA-WMS-SCSEngineering-Filter
WNA-SetAdmin-WNA-WMS-SCCC-Admins-filter
WNA-SetAdmin-WNA-WMS-Admins-Filter
Servers-2025-BaseLine-Security-Filter
WOS-Servers-CachedCreds-Security-Filter
",,
TASK0212523,Closed Complete,,07-07-2026 07:04,07-09-2026 08:10,07-09-2026 08:10,Network Operations Center (NOC),,Remove Server from F5 Configurations - Databases - Virtual - Production - F00642,"RITM Variables
==============
Requested by:
Requested by phone number:Requested for:
Requested for phone number:Location Number (ex. FEI0001): FEI6197
Locale: Ferguson TC
Requested For GID: AAA7562
Device: Server
Device Name: F00642
CI: F00642
Affected System: Databases (WNA)
Description: BuisnessGroup: Database Systems
Server Function: Database Server
Data Type: std

Server Type: Virtual
Serial # (physical only): VMware-42 31 e4 62 82 aa fe ad-72 08 76 e3 49 4a 0a a6
Environment: Production
DNS Zone (FQDN): f00642.sys.ds.wolseley.com
AD Domain: sys.ds.wolseley.com
Data Center: LEB-DATACENTER
IP Address: 10.224.5.51
Operating System: Windows 2016 Standard
Load Balanced?: Yes
Additional Instructions: I do not know for sure if i is load balanced.
Abort Decom?: No
","07-09-2026 08:10:20 - (Work Notes)
Removed f00642 from Pool: sql2016report-prd
Deleted f00642

07-07-2026 07:04:52 - (Work Notes)
Additional Instructions
I do not know for sure if i is load balanced.

",
TASK0211493,Closed Complete,,06-17-2026 13:54:58,06-19-2026 14:58:34,06-19-2026 14:58:34,Network Operations Center (NOC),,Assign IP Address - HighJump - App - PRD - a09907,"RITM Variables
==============
Requested by:
Requested by phone number:Requested for:
Requested for phone number:Location Number (ex. FEI0001): FEI9146
Locale: Ferguson TC
Requested For GID: AAM2989
Server Type: Virtual On Prem
Server Purpose: App
Environment: PRD
User Type: Internal (INT)
Data Type: STD
Load Balance: New
Preferred VLAN: INT_F5_HJ_224.0.192-26_2003
Affected System: HighJump (WNA)
System Owner:
Supporting Workgroup: Rapid Response Team (RRT)
OS: Windows
OS Version: Windows 2025
Server Size: Small
Monitoring: Yes
CPU: 2
Memory: 8GB
App Disk (Drive, Label, Size): d, app, 50gb
Server Name: a09907
VLAN: 2003
Gateway: 10.224.0.193
Netmask: 255.255.255.192
Data Center: LEB
Network Zone: Internal
DR Criticality: 2 - Platinum
Replication Name: NONE
vCenter Folder: highjump/prd
Backup Type: VM Backups (No backup client required)
SRM: No
ILO name: NONE
ILO IP Address: NONE
ILO Netmask: NONE
ILO Gateway: NONE
AD Domain: DS
DNS Zone: sys.ds.wolseley.com
Patch Schedule: Patch Group 5
Maintenance Window: Every Day (09:00pm to 06:00am)
Additional Details: -Use the following description in VMware and AD: Prod:DC:Supply Chain:Highjump:Web Services Server
-Add to VMware datastore - SRM_LEB_GNRL_WMS_DC_1_R1
-Build server in INT_F5_HJ_224.0.192-26_2003 vlan.
-Add server to the following GPO Filter groups:
WNA-SetAdmin-WNA-WMS-SCSEngineering-Filter
WNA-SetAdmin-WNA-WMS-SCCC-Admins-filter
WNA-SetAdmin-WNA-WMS-Admins-Filter
Servers-2025-BaseLine-Security-Filter
WOS-Servers-CachedCreds-Security-Filter
",,
TASK0212511,Closed Complete,,07-07-2026 07:04,07-09-2026 08:10,07-09-2026 08:10,Network Operations Center (NOC),,Remove Server from F5 Configurations - Databases - Virtual - Production - F00641,"RITM Variables
==============
Requested by:
Requested by phone number:Requested for:
Requested for phone number:Location Number (ex. FEI0001): FEI6197
Locale: Ferguson TC
Requested For GID: AAA7562
Device: Server
Device Name: F00641
CI: F00641
Affected System: Databases (WNA)
Description: BuisnessGroup: Database Systems
Server Function: Database Server
Data Type: std

Server Type: Virtual
Serial # (physical only): VMware-42 31 8e ff 31 39 f6 85-76 5b c8 81 de 0d ab cc
Environment: Production
DNS Zone (FQDN): f00641.sys.ds.wolseley.com
AD Domain: sys.ds.wolseley.com
Data Center: LEB-DATACENTER
IP Address: 10.224.5.11
Operating System: Windows 2016 Standard
Load Balanced?: Yes
Additional Instructions: I do not know for sure if i is load balanced.
Abort Decom?: No
","07-09-2026 08:10:25 - (Work Notes)
Removed f00641 from Pool: sql2016report-prd
Deleted f00641

01070265:3: The Pool (/Common/sql2016report-prd) cannot be deleted because it is in use by a Virtual Server (/Common/sql2016report-prd).

07-07-2026 07:04:43 - (Work Notes)
Additional Instructions
I do not know for sure if i is load balanced.

",
RITM3427283,Closed Complete,,07-06-2026 10:19,07-08-2026 09:17,07-08-2026 09:17,Network Operations Center (NOC),,1029 - Cameras inside wave sync are all black,"Requested by:
Requested by phone number:Requested for:
Requested for phone number:Location Number (ex. FEI0001): FEI9146
Locale: Ferguson TC
Requested For GID: ABI7312
Operating Company: FEI
Branch Name: FEI1029
Branch Address: 2020 Springdale Road, Suite 100, Cherry Hill, NJ, 08003, United States
Contact Name:
Contact Phone Number:Contact Email Address:
Type of Service: Voice/Data
Service Request: New Data Service (DSL;Cable;Etc)
Request/Special Instructions/Due Date: Cameras inside wave sync are all black
Additional Details: See attached photos.
","07-08-2026 09:17:25 - (Work notes)
You can actually cancel this request. Its more appropriate to go through service channel as those other cameras are analog.

07-07-2026 19:15:56 - (Work notes)
reached out to Jessica via teams to set up collab call to explain the issue

07-07-2026 19:13:34 - (Work notes)
NVR nic isn't pulling a vlan18 ip address
Site's DHCP range is big enough to provide an ip

Possible NVR NIC misconfig?

07-07-2026 19:12:34 - (Work notes)
Gi1/0/30 up up NVR Server - NIC2 - VLAN18
Gi1/0/33 up up NVR Camera - VLAN18
Gi1/0/34 up up NVR Camera - VLAN18
Gi1/0/36 up up NVR Server - NIC1 - VLAN1

---- + ---- + ---- ---- + ---- + ----
1029_Cherry_Hill_NJ_2960XR-30#sh int status | i NVR
Gi1/0/30 NVR Server - NIC2 connected 18 a-full a-1000 10/100/1000BaseTX
Gi1/0/33 NVR Camera - VLAN1 connected 18 a-full a-100 10/100/1000BaseTX
Gi1/0/34 NVR Camera - VLAN1 connected 18 a-full a-100 10/100/1000BaseTX
Gi1/0/36 NVR Server - NIC1 connected 1 a-full a-1000 10/100/1000BaseTX

---- + ---- + ---- ---- + ---- + ----
1029_Cherry_Hill_NJ_2960XR-30#SH MAC ADDress-table | i Gi1/0/30 - 18 cc28.aa43.cc5a DYNAMIC Gi1/0/30
1029_Cherry_Hill_NJ_2960XR-30#SH MAC ADDress-table | i Gi1/0/33 - 18 e430.22b2.70ef DYNAMIC Gi1/0/33
1029_Cherry_Hill_NJ_2960XR-30#SH MAC ADDress-table | i Gi1/0/34 - 18 e430.22b4.2e83 DYNAMIC Gi1/0/34
1029_Cherry_Hill_NJ_2960XR-30#SH MAC ADDress-table | i Gi1/0/36 - 1 2023.5128.c3f6 DYNAMIC Gi1/0/36

",
RITM3423957,Closed Complete,,06-25-2026 13:21:45,07-02-2026 06:45,07-02-2026 06:45,Network Operations Center (NOC),,Switchport changes for 8395,"Requested by:
Requested by phone number:Requested for:
Requested for phone number:Location Number (ex. FEI0001): FEI3395
Locale: Ferguson TC
Requested For GID: AAP1816
Affected System: Network
Title: Switchport changes for 8395
Details of Issue, Request, or Question: Need to change these ports to VLAN1 on 10.141.106.40 at 8395:

1/0/41
1/0/25

Could I also get access to log in to these switches at 8395? I am able to log into to the network switches at 3395 and 8295 but lost the ability to log in at 8395 after the network change.
Please choose the best fit for this submission: Something needs to be setup or changed (or other general help)
",,
TASK0212448,Closed Complete,,07-06-2026 07:01,07-06-2026 08:30,07-06-2026 08:30,Network Operations Center (NOC),,Remove Server from F5 Configurations - MS Dynamics CRM - Virtual - Production - A07794,"RITM Variables
==============
Requested by:
Requested by phone number:Requested for:
Requested for phone number:Location Number (ex. FEI0001): FEI6197
Locale: Ferguson TC
Requested For GID: AAA7562
Device: Server
Device Name: A07794
CI: A07794
Affected System: MS Dynamics CRM (WNA)
Server Type: Virtual
Serial # (physical only): VMware-42 31 45 27 ee d6 91 61-cf a8 61 7f e7 5d af cf
Environment: Production
DNS Zone (FQDN): a07794.sys.ds.wolseley.com
AD Domain: sys.ds.wolseley.com
Data Center: LEB-DATACENTER
IP Address: 10.254.36.52
Operating System: Windows 2016 Standard
Load Balanced?: Yes
Additional Instructions: I do not know for sure if i is load balanced.
Abort Decom?: No
","07-06-2026 08:30:21 - (Work Notes)
Searched all LEB F5 Environments for IP *10.254.36.5* & *07794*, no exact match results presented

07-06-2026 07:01:12 - (Work Notes)
Additional Instructions
I do not know for sure if i is load balanced.

",
RITM3423021,Closed Complete,,06-23-2026 18:23:37,07-09-2026 18:20,07-09-2026 18:20,Network Operations Center (NOC),,Request to confirm Illuminator Port IP addresses,"Request to confirm Illuminator Port IP addresses
This request has evolved into verifying the IP addresses / Switch Ports for the following Pick & Replen devices:
Illuminator Ports
Print Ports
PC ports
PTL Controller

Site has requested a tech come on site to address the request
coordinate tech dispatch date and time with
","07-09-2026 16:11:40 - (Work notes)
Performed the following port description updates on switches

////0355-Chandler-AZ-3048-X2-41 | IDF 01
int Gi1/0/37
descr ""REPLEN PORT 01 PC""

int Gi1/0/35
descr ""REPLEN PORT 01 ILLUM""

int Gi1/0/33
descr ""REPLEN PORT 02 PC""

int Gi1/0/31
descr ""REPLEN PORT 02 ILLUM""

/////0355-Chandler-AZ-3048-X2-42 | IDF 02
int Gi2/0/35
descr ""REPLEN PORT 05 PC""

int Gi2/0/34
descr ""REPLEN PORT 05 ILLUM""

int Gi2/0/39
descr ""REPLEN PORT 06 PC""

int Gi2/0/37
descr ""REPLEN PORT 06 ILLUM""


////0355-Chandler-AZ-3048-X2-53 | IDF 13
int Gi1/0/43
descr ""PICK PORT 07 ILLUM""

int Gi1/0/42
descr ""PICK PORT 07 PC""

int Gi1/0/41
descr ""PICK PORT 07 PRINTER""

int Gi1/0/39
descr ""PICK PORT 08 ILLUM""

int Gi1/0/44
descr ""PICK PORT 08 PC""

int Gi1/0/37
descr ""PICK PORT 08 PRINTER""

int Gi1/0/38
descr ""PICK PORT 08 PTL CTRLR""

int Gi1/0/35
descr ""PICK PORT 09 ILLUM""

int Gi1/0/36
descr ""PICK PORT 09 PC""

int Gi1/0/33
descr ""PICK PORT 09 PRINTER""

int Gi1/0/34
descr ""PICK PORT 09 PTL CTRLR""

int Gi1/0/28
descr ""PICK PORT 10 ILLUM""

int Gi1/0/32
descr ""PICK PORT 10 PC""

int Gi1/0/29
descr ""PICK PORT 10 PRINTER""

int Gi1/0/30
descr ""PICK PORT 10 PTL CTRLR""

07-09-2026 13:37:27 - (Work notes)
Tech arrived on site at 9 am
Finally connected with Darrin and tech via my cell at 9:53 am
Worked with tech to positively id all pick & replen station/port devices and where they connect on our switches
RFO #1 for both illuminators: IP address was defaulted to 2.0.0.2
> Required tech to manually update the IP on both devices
- Illum 5: 10.149.219.21
- Illum 6: 10.149.219.22

RFO #2 for [[ ONLY ]] Illum 5: data run terminated to a port config'd for vlan1
> resolved by having the tech move the cable
FR: 2/0/33
TO: 2/0/34
Once this was done, KPI confirmed they could see the unit online
Site was able to run testing on this unit and tests passed, HOWEVER shortly after the testing, the illuminator ball started spinning around constantly
Tech attempted to adjust ""Advance Illuminator Settings"" outlined in the doc below, however in the middle of doing this, the unit stopped spinning.
site ran testing on the illuminator again and testing passed

06-30-2026 14:51:39 - (Work notes)
Dispatch request sent to TW for this
// ---- + ---- + ---- ---- + ---- + ---- // ---- + ---- + ---- ---- + ---- + ---- //
From:
Sent: Tuesday, June 30, 2026 2:28 PM
To: Ferguson Communications
Subject: 0355 Chandler AZ - Dispatch Request: AutoStore Pick/Replen Port Verifications | RITM3423021

Greetings TW,

We need a tech on site tomorrow (if possible) for the following live/collab work with me:
If tomorrow is not a possibility, that's fine, I will work with the Branch Manager to determine the next best date for the following week

1)	There are 2 Illuminator devices showing IP's of 2.0.0.2 at Replenish stations # 5 & 6. These should be showing IP addresses starting 10.149.219.xx
a.	I need the tech to work with me live to determine where the cabling for these devices terminate to and correct the connections as needed
b.	These Illuminator devices need to be connected to our Dell switch ports that are configured for vlan27
i.	PC's need to be connected to Dell switch ports configured for vlan1
c.	As needed, the Illuminator at Replen Stations 1 & 2 could be used as examples of proper cabling

Several switch port descriptions are wrong / inaccurate and I need assistance with cleaning this up.
2)	Assist with identifying where cable connections terminate on our switches for the following devices at ALL Pick Stations:
a.	Illuminator
b.	PC
c.	Printer
d.	PTL Controller
3)	Assist with identifying where cable connections terminate on our switches for the following devices at ALL Replenish Stations:
a.	Illuminator
b.	PC

In order to ""expedite"" the process for the last 2 tasks, I would like to watch switch logs for up/down switch port events while the tech disconnects/reconnects the ethernet cables for these devices at the station side.

NOTE:
I anticipate cabling verification / moves for up to 5 devices may be needed on the switch end
PTL Controllers – I do not have a picture of what these look like or where they are located at the stations, however I'm hoping to work with the tech to identify the cables related to these to identify where they are and what they look like and get a picture of one.

Currently my research indicates that all of these devices should be connecting back to one of 3 IDF's: 01, 02 & 13
An image has been attached if needed showing the approximate locations of these enclosures as well as an image of where the Pick & Replen stations are located around the AutoStore structure.



[[ CONTACT INFORMATION ]]
On Site Primary Contact: /
On Site Secondary Contact: / / /

Primary Technical Contact: – (D) / (C) –
Secondary Technical Contact: Ferguson Network Ops Dept , Opt 1

[[ LOCATION ]]
ADDRESS: 675 E Queen Creek Rd, Chandler, AZ 85286-5041
HOURS:
TZ: MST

06-26-2026 18:59:07 - (Work notes)
Follow up sent asking if a general timeframe is best to avoid disruption to operations

06-26-2026 18:58:38 - (Work notes)
So sorry for the delay, its just been a crazy week. We could accommodate a tech next week Tuesday or Wednesday if possible.



06-26-2026 12:16:15 - (Work notes)
No response has been received at this time
Sent follow up requesting feedback

06-23-2026 18:54:02 - (Work notes)
From:
Sent: Tuesday, June 23, 2026 6:54 PM
To: ;
Subject: RITM3423021 - Request to confirm AS Illuminator IP Addresses

Greetings Jim,

Based on the research I've been doing with Mike over the past few days, I'd like to work with you on coordinating the best date and time to dispatch a tech to the Distribution center to address the updating / confirming of all AutoStore Pick & Replen station devices.

While this started with just a request for validating the Illuminator port IP Addresses, my extended research has brought to light that there are several devices that have been mislabeled in our switch configurations & devices whose cabling will need to be investigated & corrected

I would anticipate that with Mike's assistance, the tech and I should be able to address identifying data run / switch ports for each of the existing 8 stations at a rate of about 15 / 20 minutes per station, but hopefully less.
-	During the process, it should be expected that the station will be unavailable for use
-	This process will involve having the tech disconnect and reconnect the network cables servicing the following devices:
o	Illuminator
o	Printer
o	PC
o	PTL Controller

Addressing any IP Address or cabling issues brough to light during the initial validation will possibly take longer to resolve.

Given the above estimate and procedure, when would you prefer to have a tech dispatched out to the DC?

",
TASK0212401,Closed Complete,,07-02-2026 06:56,07-02-2026 08:14,07-02-2026 08:14,Network Operations Center (NOC),,Release IP Address Reservations from Efficient IP - Trilogie - Physical - Test - A02071,"RITM Variables
==============
Requested by:
Requested by phone number:Requested for:
Requested for phone number:Location Number (ex. FEI0001): FEI9146
Locale: Ferguson TC
Requested For GID: AAG4771
Device: Server
Device Name: A02071
CI: A02071
Affected System: Trilogie (WNA)
Description: IVM Host is a03812 - Trilogie TESTSUB3 testsub3.sys.ds.wolseley.com
Server version: Apache/2.4.43 HP-UX_Apache-based_Web_Server (Unix)
Server built: Sep 15 2020 07:33:37
Server's Module Magic Number: 20120211:92
Server loaded: APR 1.7.0, APR-UTIL 1.6.1
Compiled using: APR 1.7.0, APR-UTIL 1.6.1
Architecture: 64-bit
Server MPM: worker
 threaded: yes (fixed thread count)
 forked: yes (variable process count)
Server compiled with....
 -D APR_HAS_SENDFILE
 -D APR_HAS_MMAP
 -D APR_HAVE_IPV6 (IPv4-mapped addresses enabled)
 -D APR_USE_SYSVSEM_SERIALIZE
 -D APR_USE_PTHREAD_SERIALIZE
 -D APR_HAS_OTHER_CHILD
 -D AP_HAVE_RELIABLE_PIPED_LOGS
 -D DYNAMIC_MODULE_LIMIT=256
 -D HTTPD_ROOT=""/opt/hpws24/apache""
 -D SUEXEC_BIN=""/opt/hpws24/apache/bin/suexec""
 -D DEFAULT_PIDLOG=""logs/httpd.pid""
 -D DEFAULT_SCOREBOARD=""logs/apache_runtime_status""
 -D DEFAULT_ERRORLOG=""logs/error_log""
 -D AP_TYPES_CONFIG_FILE=""conf/mime.types""
 -D SERVER_CONFIG_FILE=""conf/httpd.conf""
 -D DEFAULT_CHROOT_DIR=""""
Server Type: Physical
Serial # (physical only): SGH209XXR4
Environment: Test
DNS Zone (FQDN): a02071.sys.ds.wolseley.com
AD Domain: sys.ds.wolseley.com
Data Center: Equinix-DC21
Network Location: DC21-DEV-TEST-ENCL003 Bay 1
IP Address: 10.113.32.35
Operating System: HP/UX
Load Balanced?: No
Additional Instructions: Ok to decom, per .
Abort Decom?: No
","07-02-2026 08:14:34 - (Work Notes)
The IP address 10.113.32.35 is showing free and released.

07-02-2026 06:56:25 - (Work Notes)
Additional Instructions
Ok to decom, per .

",
CHG0082828,Closed,,06-25-2026 08:37:20,07-02-2026 08:42,07-02-2026 08:42,Network Operations Center (NOC),,Versa Failover Test Branches week of 06/29/2026 to 07/03/2026 - Scheduled,"Versa Failover Test Branches. Testing that the Versa routers can failover from one link in the Versa box to another.

3020 Secaucus, NJ - 7/1/2026 @11:15 AM EST // (rescheduled to 7/8/2026)
0355 Chandler, AZ - 7/2/2026 @8:00 AM EST /
",,
TASK0212007,Closed Complete,,06-26-2026 07:05:28,06-28-2026 13:45:33,06-28-2026 13:45:34,Network Operations Center (NOC),,Release IP Address Reservations from Efficient IP - MS Dynamics CRM - Virtual - Disaster Recovery - a09148,"RITM Variables
==============
Requested by:
Requested by phone number:
Requested for:
Requested for phone number:
Location Number (ex. FEI0001): FEI9147
Locale: Ferguson TC
Requested For GID: AAQ4922
Device: Server
Device Name: a09148
CI: a09148
Affected System: MS Dynamics CRM (WNA)
Server Type: Virtual
Environment: Disaster Recovery
DNS Zone (FQDN): a09148.sys.ds.wolseley.com
AD Domain: sys.ds.wolseley.com
Data Center: Equinix-DC21
IP Address: 10.113.38.36
ILO IP Address: ILO:
Operating System: Windows 2016 Standard
Load Balanced?: No
Abort Decom?: No
","06-28-2026 13:45:33 - (Work Notes)
IP has been released for this device[a09148] and it is mapped for below given device.

a09399.sys.ds.wolseley.com

",
TASK0211491,Closed Complete,,06-17-2026 13:54:26,06-18-2026 11:10:03,06-18-2026 11:10:03,Network Operations Center (NOC),,Assign IP Address - HighJump - App - PRD - a09904,"RITM Variables
==============
Requested by:
Requested by phone number:Requested for:
Requested for phone number:Location Number (ex. FEI0001): FEI9146
Locale: Ferguson TC
Requested For GID: AAM2989
Server Type: Virtual On Prem
Server Purpose: App
Environment: PRD
User Type: Internal (INT)
Data Type: STD
Load Balance: New
Preferred VLAN: INT_F5_HJ_224.0.192-26_2003
Affected System: HighJump (WNA)
System Owner:
Supporting Workgroup: Rapid Response Team (RRT)
OS: Windows
OS Version: Windows 2025
Server Size: Small
Monitoring: Yes
CPU: 2
Memory: 8GB
App Disk (Drive, Label, Size): d, app, 50gb
Server Name: a09904
VLAN: 2003
Gateway: 10.224.0.193
Netmask: 255.255.255.192
Data Center: LEB
Network Zone: Internal
DR Criticality: 2 - Platinum
Replication Name: NONE
vCenter Folder: highjump/prd
Backup Type: VM Backups (No backup client required)
SRM: No
ILO name: NONE
ILO IP Address: NONE
ILO Netmask: NONE
ILO Gateway: NONE
AD Domain: DS
DNS Zone: sys.ds.wolseley.com
Patch Schedule: Patch Group 3
Maintenance Window: Every Day (09:00pm to 06:00am)
Additional Details: -Use the following description in VMware and AD: Prod:BetaT2:Supply Chain:Highjump:Web Services Server
-Add to VMware datastore - SRM_LEB_GNRL_WMS_BETA_1_R1
-Build server in INT_F5_HJ_224.0.192-26_2003 vlan.
-Add server to the following GPO Filter groups:
WNA-SetAdmin-WNA-WMS-SCSEngineering-Filter
WNA-SetAdmin-WNA-WMS-SCCC-Admins-filter
WNA-SetAdmin-WNA-WMS-Admins-Filter
Servers-2025-BaseLine-Security-Filter
WOS-Servers-CachedCreds-Security-Filter
","06-18-2026 11:10:03 - (Work Notes)
IP address reserved under INT_F5_HJ_224_0_192-26_2003
Ip address: 10.224.0.213

",
TASK0211492,Closed Complete,,06-17-2026 13:54:36,06-18-2026 11:04:20,06-18-2026 11:04:19,Network Operations Center (NOC),,Assign IP Address - HighJump - App - PRD - a09905,"RITM Variables
==============
Requested by:
Requested by phone number:Requested for:
Requested for phone number:Location Number (ex. FEI0001): FEI9146
Locale: Ferguson TC
Requested For GID: AAM2989
Server Type: Virtual On Prem
Server Purpose: App
Environment: PRD
User Type: Internal (INT)
Data Type: STD
Load Balance: New
Preferred VLAN: INT_F5_HJ_224.0.192-26_2003
Affected System: HighJump (WNA)
System Owner:
Supporting Workgroup: Rapid Response Team (RRT)
OS: Windows
OS Version: Windows 2025
Server Size: Small
Monitoring: Yes
CPU: 2
Memory: 8GB
App Disk (Drive, Label, Size): d, app, 50gb
Server Name: a09905
VLAN: 2003
Gateway: 10.224.0.193
Netmask: 255.255.255.192
Data Center: LEB
Network Zone: Internal
DR Criticality: 2 - Platinum
Replication Name: NONE
vCenter Folder: highjump/prd
Backup Type: VM Backups (No backup client required)
SRM: No
ILO name: NONE
ILO IP Address: NONE
ILO Netmask: NONE
ILO Gateway: NONE
AD Domain: DS
DNS Zone: sys.ds.wolseley.com
Patch Schedule: Patch Group 3
Maintenance Window: Every Day (09:00pm to 06:00am)
Additional Details: -Use the following description in VMware and AD: Prod:Cent:Supply Chain:Highjump:Web Services Server
-Add to VMware datastore - SRM_LEB_GNRL_WMS_CENT_1_R1
-Build server in INT_F5_HJ_224.0.192-26_2003 vlan.
-Add server to the following GPO Filter groups:
WNA-SetAdmin-WNA-WMS-SCSEngineering-Filter
WNA-SetAdmin-WNA-WMS-SCCC-Admins-filter
WNA-SetAdmin-WNA-WMS-Admins-Filter
Servers-2025-BaseLine-Security-Filter
WOS-Servers-CachedCreds-Security-Filter
","06-18-2026 11:04:19 - (Work Notes)
IP address reserved under INT_F5_HJ_224_0_192-26_2003
IP Address: 10.224.0.212

",
RITM3420231,Closed Complete,,06-17-2026 11:05:26,06-17-2026 12:43:01,06-17-2026 12:43:00,Network Operations Center (NOC),,Request for Equinix Public IP in EUS2 - for apigee to connect with feitsupplychainaks001,"This is a public IP we need in EUS2 for apigee to connect with feitsupplychainaks001
Once I get the public IP I will put a firewall NAT request.",,
RITM3421486,Closed Complete,,06-19-2026 10:07:50,06-30-2026 11:03:00,06-30-2026 11:03:00,Network Operations Center (NOC),,Vendor's website blocked. Cannot complete quote for Wolseley's customer,"Requested by:
Requested by phone number:Requested for:
Requested for phone number:Location Number (ex. FEI0001): wca376
Locale: Wolseley Canada
Requested For GID: AAT0204
Urgent Request: No
Description / Purpose of the Security Policy Exemption Request: Vendor's website blocked. Cannot complete quote for Wolseley's customer
Source Name: WCA3KVB164.wca.ds.wolseley.com
Destination Name: https://www.thermo2000.com/
Source IP/FQDN: 10.161.55.117
Destination IP/FQDN: 23.137.0.206
Source Zone Location: Branch
Destination Zone Location: Internet
Additional Comments or Descriptions: It is a vendor that we sell products for. There boilers, commercially and residential. There indirect water heaters and buffer tanks, We , in the heating department all need access to this product.

Robert Bater has 3 - 90 Kw boilers on order with them right now and have a quote out for 6 Turbomax indirect heaters for an apartment building.
Project Number: THey are currently quoting a client for apartment building.
QA not found: false
","06-19-2026 15:21:05 - (Work notes)
--Confirmed that the site wasn't being blocked by Umbrella and found that the traffic from Robert Bater (10.161.55.117) was allowed. www.Thermo2000.com is categorized as ""Business Services (Legacy), Business and industry""
--Filtered traffic in Panorama using ( addr.src in 10.161.55.117 ) and ( addr.dst in 23.137.0.206 ). Once again the traffic was allowed. It hit the ""App-URL Filtering Standard-1"" and the session end reason was ""tcp-fin""

I wasn't able to find any indication that traffic to www.Thermo2000.com (23.137.0.206) was being blocked by our firewall.

",
RITM3427198,Closed Complete,,07-06-2026 08:57,07-08-2026 10:46,07-08-2026 10:46,Network Operations Center (NOC),,SS Auto Create Request - Voice and data needs,"Requested by:
Requested by phone number:Requested for:
Requested for phone number:Location Number (ex. FEI0001): FEI1826
Locale: Ferguson TC
Requested For GID: ABI7312
Operating Company: FEI
Branch Name: FEI1826
Branch Address: 1936 Fairway Drive, Building 15, San Leandro, CA, 94577-5631, United States
Contact Name:
Contact Phone Number:Contact Email Address:
Type of Service: Voice/Data
Service Request: New Data Service (DSL;Cable;Etc)
Request/Special Instructions/Due Date: CCTV server is offline in wave sync. See attached photos.
Additional Details: Server offline
",,
TASK0211490,Closed Complete,,06-17-2026 13:53:33,06-18-2026 11:11:26,06-18-2026 11:11:26,Network Operations Center (NOC),,Assign IP Address - HighJump - App - PRD - a09903,"RITM Variables
==============
Requested by:
Requested by phone number:Requested for:
Requested for phone number:Location Number (ex. FEI0001): FEI9146
Locale: Ferguson TC
Requested For GID: AAM2989
Server Type: Virtual On Prem
Server Purpose: App
Environment: PRD
User Type: Internal (INT)
Data Type: STD
Load Balance: New
Preferred VLAN: INT_F5_HJ_224.0.192-26_2003
Affected System: HighJump (WNA)
System Owner:
Supporting Workgroup: Rapid Response Team (RRT)
OS: Windows
OS Version: Windows 2025
Server Size: Small
Monitoring: Yes
CPU: 2
Memory: 8GB
App Disk (Drive, Label, Size): d, app, 50gb
Server Name: a09903
VLAN: 2003
Gateway: 10.224.0.193
Netmask: 255.255.255.192
Data Center: LEB
Network Zone: Internal
DR Criticality: 2 - Platinum
Replication Name: NONE
vCenter Folder: highjump/prd
Backup Type: VM Backups (No backup client required)
SRM: No
ILO name: NONE
ILO IP Address: NONE
ILO Netmask: NONE
ILO Gateway: NONE
AD Domain: DS
DNS Zone: sys.ds.wolseley.com
Patch Schedule: Patch Group 5
Maintenance Window: Every Day (09:00pm to 06:00am)
Additional Details: -Use the following description in VMware and AD: Prod:BetaT2:Supply Chain:Highjump:Web Services Server
-Add to VMware datastore - SRM_LEB_GNRL_WMS_BETA_1_R1
-Build server in INT_F5_HJ_224.0.192-26_2003 vlan.
-Add server to the following GPO Filter groups:
WNA-SetAdmin-WNA-WMS-SCSEngineering-Filter
WNA-SetAdmin-WNA-WMS-SCCC-Admins-filter
WNA-SetAdmin-WNA-WMS-Admins-Filter
Servers-2025-BaseLine-Security-Filter
WOS-Servers-CachedCreds-Security-Filter
","06-18-2026 11:11:26 - (Work Notes)
IP address reserved under IP address reserved under INT_F5_HJ_224_0_192-26_2003
Ip address: 10.224.0.214

",
RITM3421129,Closed Complete,,06-18-2026 14:50:15,06-19-2026 11:49:18,06-19-2026 11:49:13,Network Operations Center (NOC),,Rogue AP / Network found out site - Meraki AP needs SSID to broadcast,Internal Audit discovered a rogue network at branch 570 and initially thought a wifi install was needed but Lisa and Rick discovered an AP in air marshall only mode. Please work with the branch to turn on the Wi-Fi and shut down the legacy network,"06-19-2026 11:47:50 - (Work notes)
Comment #46
By : cstroud
When : June 18, 2026 @ 2:40pm
Auto update from DSR Ticket#39426182
DSR 39426182
Site 570

Modem Nokia BGW320-505 MAC 5807F87B5CA1

O status
-----------------------------------
Received call from James with Ferguson.
He says he needs to ensure that WiFi is disabled.
-----------------------------------

Called ATT, spoke with Omkar.
He has disabled WiFi.

06-18-2026 17:12:52 - (Work notes)
PENDING: Awaiting follow up from DSR to confirm Wireless on AT&T Modem has been disabled

06-18-2026 17:12:13 - (Work notes)
associates

06-18-2026 15:59:46 - (Work notes)
The update has been succesfull, currently seeing a Memoir10 device connected to the WOS

06-18-2026 15:57:36 - (Work notes)
added the wos tag to the AP to broadcast WOS WIFI

06-18-2026 15:55:38 - (Work notes)
Added Static entry for this AP in EIP
IP: 10.134.28.101

---- + ---- + ---- ---- + ---- + ----
UPDATED AP NAME IN MERAKI
FR: 0570-AP-SEC
TO: 0570-AP101

---- + ---- + ---- ---- + ---- + ----
Found and updated Switch port configuration for AP

default int Gi1/0/14

int Gi1/0/14
 description 0570-AP101
 switchport mode trunk
 load-interval 30
 priority-queue out
 mls qos trust cos
shut

no shut

wr

---- + ---- + ---- ---- + ---- + ----
Confirmed post reboot of the AP that it is now assigned to the ""101"" ip

06-18-2026 15:39:33 - (Work notes)
MR36
Air Marshall ONLY
0570-AP-SEC
10.134.28.154
e4:55:a8:93:15:fb
0570_RIVERSIDE_CA_2960XR_30.na.sys.ds.wo / GigabitEthernet1/0/14

06-18-2026 15:09:50 - (Work notes)
Reaching out to DSR to request WIFI be disabled on the modem.
DSR: 39426182

DSR provides that AT&T is having issues internally at this time and that the request will need to be addressed after AT&T's support tools/environment has been addressed

06-18-2026 15:03:02 - (Work notes)
Andrew Tanous

",
RITM3418707,Closed Complete,,06-15-2026 09:59:38,06-17-2026 15:12:32,06-17-2026 15:12:32,Network Operations Center (NOC),,Camera Port Request - Location FEI0925A due 06/18/2026,"Requested by:
Requested by phone number:Requested for:
Requested for phone number:Location Number (ex. FEI0001): FEI6197
Locale: Ferguson TC
Requested For GID: AAM0609
Branch Location: FEI0925A
Ports Needed for Vlan 1/101: 1
Ports Needed for Vlan 18: 2
Due Date: 06-18-2026
Additional Comments: This is an Exacqvision to wave conversion. There is no existing ports known for Exacqvision as the exacqvision was never network connected. We need 3 ports, one on vlan1 for the recorder, and 2 on VLAN 18 - one for recorder to camera switch and one for the camera switch to use.
","06-17-2026 15:12:32 - (Work notes)
VLAN & PORT INFORMATION HAS BEEN COMMUNICATED TO GSOC

06-17-2026 15:07:31 - (Work notes)
From: MAC Mailbox
Sent: Wednesday, June 17, 2026 11:34 AM
To: MAC Mailbox ; ; GLS Network Operations Center
Cc: #FEI-NOC
Subject: Re: 0925[A]-Oakdale-PA - MACD Add Surveillance | RITM3418707

Caution: This email originated from outside of the organization. DO NOT click links or open attachments unless you recognize or trust the sender.
Team

Template has been updated

06-16-2026 09:36:34 - (Work notes)
PENDING: Awaiting GLS MACD completion

06-15-2026 14:31:08 - (Work notes)
We have created ticket 73354 for your request. Please allow 1-2 business days for the completion of the request.

06-15-2026 13:06:58 - (Work notes)
PENDING: Awaiting GLS MACD follow up

06-15-2026 13:01:39 - (Work notes)
Updated the following ports on the Meraki switch
13 - vlan101 - NVR NIC1 VLAN1
14 - vlan18 - NVR NIC1 VLAN18
16 - vlan18 - Security Camera

06-15-2026 12:26:32 - (Work notes)
PENDING: Awaiting GLS follow up

06-15-2026 12:25:53 - (Work notes)
The following MACD request is being submitted to GLS
---- + ---- + ---- ---- + ---- + ----
Please add the following for site 0925A-Oakdale-PA

Template:
US-SRV-PRD-2RTR-A-ADDON-SURVEILLANCE-VLAN
US-SRV-PRD-ADDON-SURVEILLANCE-SECURITY

Bind Data
branch-surveillance_IPv4__staticaddress: 10.100.34.190/27
branch-surveillance__vrrpGroupVirtualAddress: 10.100.34.161

06-15-2026 12:25:05 - (Work notes)
10.100.34.160/27 - 0925A Oakdale, PA - Surveillance
10.100.34.161	In use Gateway
10.100.34.190	In use Router-A

",
TASK0211649,Closed Complete,,06-19-2026 12:01:12,06-19-2026 12:45:43,06-19-2026 12:45:43,Network Operations Center (NOC),,"Remove the Device from IPAM, NNM , PRTG and any Other Monitoring Program","Requested by:
Requested by phone number:Requested for:
Requested for phone number:Location Number (ex. FEI0001): FEI9146
Locale: Ferguson TC
Requested For GID: AAJ4104
Device CI:
FQDN:
IP Address: 10.113.250.150
No CI: false
Is this device in the LEB or NPN Datacenter?: No
Additional Information: Serial Number
",,
TASK0211653,Closed Complete,,06-19-2026 12:01:22,06-19-2026 12:47:35,06-19-2026 12:47:35,Network Operations Center (NOC),,"Remove the Device from IPAM, NNM , PRTG and any Other Monitoring Program","Requested by:
Requested by phone number:Requested for:
Requested for phone number:Location Number (ex. FEI0001): FEI9146
Locale: Ferguson TC
Requested For GID: AAJ4104
Device CI:
FQDN:
IP Address: 10.113.250.151
No CI: false
Is this device in the LEB or NPN Datacenter?: No
Additional Information: Serial Number
",,
TASK0211488,Closed Complete,,06-17-2026 13:53:11,06-17-2026 17:16:35,06-17-2026 17:16:35,Network Operations Center (NOC),,Assign IP Address - MIS Jbase - App - PRD - a09752,"RITM Variables
==============
Requested by:
Requested by phone number:
Requested for:
Requested for phone number:
Location Number (ex. FEI0001): FEI9104
Locale: Ferguson TC
Requested For GID: AAI0934
Server Type: Virtual On Prem
Server Purpose: App
Environment: PRD
User Type: Both (DMZ)
Data Type: STD
Preferred VLAN: DMZ_FW_MA_10.254.216.104/29_1813
Preferred IP Address: 10.254.216.107
Affected System: MIS Jbase (Plumber Supply)
System Owner:
Supporting Workgroup: Infrastructure Operations / CloudOps
OS: Windows
OS Version: Windows 2019
Server Size: Medium
Monitoring: Yes
CPU: 4
Memory: 16GB
Server Name: a09752
IP Address: 10.254.216.107
VLAN: 1813
Gateway: 10.254.216.105
Netmask: 255.255.255.248
Data Center: LEB
Network Zone: DMZ
DR Criticality: 6 - Out of Scope
Replication Name: NONE
vCenter Folder: mis jbase/prd
Backup Type: VM Backups (No backup client required)
SRM: No
ILO name: NONE
ILO IP Address: NONE
ILO Netmask: NONE
ILO Gateway: NONE
AD Domain: DMZ
DNS Zone: sys.dmz.wolseley.com
Patch Schedule: Patch Group 3
Maintenance Window: Every Day (09:00pm to 06:00am)
Additional Details: This is a migration from Azure to LEB. the shell has been created (a09752) and the drives migrated from azure. Since this is a historical system no patching and backups NBU_tier3
","06-17-2026 17:06:53 - (Work Notes)
The request is not needed, The IP Address for this server is already reserved for it in the prefered VLAN / IP Range

",
TASK0211960,Closed Complete,,06-25-2026 07:32:28,06-26-2026 07:26:31,06-26-2026 07:26:31,Network Operations Center (NOC),,Assign IP Address - Trilogie - App - DEV - a08783,"RITM Variables
==============
Requested by:
Requested by phone number:Requested for:
Requested for phone number:Location Number (ex. FEI0001): FEI9133
Locale: Ferguson TC
Requested For GID: AAK4333
Server Type: Virtual On Prem
Server Purpose: App
Environment: DEV
User Type: Internal (INT)
Data Type: STD
Preferred VLAN: 40
Affected System: Trilogie (WNA)
System Owner:
Supporting Workgroup: OPS / Trilogie ERP / QRT (NPN)
OS: Vendor Image
OS Version: Linux-Based
Server Size: Medium
Monitoring: No
CPU: 4
Memory: 16GB
Server Name: a08783
VLAN: 40
Gateway: 10.113.32.1
Netmask: 255.255.254.0
Data Center: DC21
Network Zone: Internal
DR Criticality: 2 - Platinum
Replication Name: NONE
vCenter Folder: trilogie/dev
SRM: No
ILO name: NONE
ILO IP Address: NONE
ILO Netmask: NONE
ILO Gateway: NONE
AD Domain: DS
DNS Zone: sys.ds.wolseley.com
Patch Schedule: Other
Other Patch Schedule: n/a
Maintenance Window: Every Day (09:00pm to 06:00am)
Additional Details: I only the server names and IP for this machine, and I will create them in Vmware on the SDF hardware. see RITM3300258 for previous example. This will be used for trilogie grpc POC/sbx work.
",,
TASK0211663,Closed Complete,,06-19-2026 13:02:23,06-23-2026 10:37:07,06-23-2026 10:37:07,Network Operations Center (NOC),,"Remove the Device from IPAM, NNM , PRTG and any Other Monitoring Program","Requested by:
Requested by phone number:Requested for:
Requested for phone number:Location Number (ex. FEI0001): FEI9146
Locale: Ferguson TC
Requested For GID: AAJ4104
Device CI:
FQDN:
IP Address: 10.113.250.150
No CI: false
Is this device in the LEB or NPN Datacenter?: Yes
Additional Information: Located in DC21 - Serial Number
",,
TASK0211668,Closed Complete,,06-19-2026 13:02:40,06-23-2026 11:06:44,06-23-2026 11:06:43,Network Operations Center (NOC),,"Remove the Device from IPAM, NNM , PRTG and any Other Monitoring Program","Requested by:
Requested by phone number:Requested for:
Requested for phone number:Location Number (ex. FEI0001): FEI9146
Locale: Ferguson TC
Requested For GID: AAJ4104
Device CI:
FQDN:
IP Address: 10.113.250.151
No CI: false
Is this device in the LEB or NPN Datacenter?: Yes
Additional Information: Located in DC21 - Serial Number
",,
TASK0212117,Closed Complete,,06-29-2026 07:11:56,06-29-2026 16:08:16,06-29-2026 16:08:17,Network Operations Center (NOC),,Release IP Address Reservations from Efficient IP - Trilogie - Physical - A03812,"RITM Variables
==============
Requested by:
Requested by phone number:Requested for:
Requested for phone number:Location Number (ex. FEI0001): FEI9146
Locale: Ferguson TC
Requested For GID: AAG4771
Device: Server
Device Name: A03812
CI: A03812
Affected System: Trilogie (WNA)
Description: IVM Hypervisor for Trilogie (A00930, A01552, A02071, A02072)
C7000: DC21-DEV-TEST-ENCL003
Server Type: Physical
Serial # (physical only): SGH209XXR6
DNS Zone (FQDN): a03812.sys.ds.wolseley.com
AD Domain: sys.ds.wolseley.com
Data Center: Equinix-DC21
Network Location: DC21-DEV-TEST-ENCL003 bay1
IP Address: 10.113.32.30
Operating System: HP/UX
Load Balanced?: No
List Additional IPs: NA
List Additional Storage LUNs: confirmed that he already has this information on the storage side
Additional Instructions: Ok to decom, per .
Abort Decom?: No
","06-29-2026 16:08:16 - (Work Notes)
IP has been released.

06-29-2026 07:11:56 - (Work Notes)
Additional Instructions
Ok to decom, per .

06-29-2026 07:11:56 - (Work Notes)
Additional Storage LUNs
 confirmed that he already has this information on the storage side

06-29-2026 07:11:56 - (Work Notes)
Additional IPs
NA

",
RITM3422620,Closed Complete,,06-23-2026 10:33:04,06-23-2026 12:10:44,06-23-2026 12:10:43,Network Operations Center (NOC),,Form to request a public IP address for specific Azure resources.,"This is a public IP we need in EUS2 for APIM to connect to AKS Cluster feideprocrmaks001
We need this IP to be assigned from 89.207.164.32/28
this network has been configured to publish route back to azure over express route.
any IP outside of this N/W wouldn't be able to connect from APIM to AKS


Once I get the public IP I will put a firewall NAT request.","06-23-2026 12:09:03 - (Work notes)
APIM_AKS_Cluster_feideprocrmaks001
IP Address: 89.207.164.42

",
TASK0212062,Closed Complete,,06-29-2026 07:07:19,06-29-2026 15:57:52,06-29-2026 15:57:52,Network Operations Center (NOC),,Release IP Address Reservations from Efficient IP - Trilogie - Physical - Production - A01551,"RITM Variables
==============
Requested by:
Requested by phone number:Requested for:
Requested for phone number:Location Number (ex. FEI0001): FEI9146
Locale: Ferguson TC
Requested For GID: AAG4771
Device: Server
Device Name: A01551
CI: A01551
Affected System: Trilogie (WNA)
Description: Trilogie PRODSUB
prodsub.sys.ds.wolseley.com
- HP-UX a01551 B.11.31 U ia64 unlimited-user license
Server Type: Physical
Serial # (physical only): SGH147YT3J
Environment: Production
DNS Zone (FQDN): a01551.sys.ds.wolseley.com
AD Domain: sys.ds.wolseley.com
Data Center: LEB-DATACENTER
Network Location: LEB-ENCL029 bay4
IP Address: 10.254.40.185
Operating System: HP/UX
Load Balanced?: No
List Additional IPs: NA
List Additional Storage LUNs: confirmed that he already has this information on the storage side
Additional Instructions: Ok to decom, per .
Abort Decom?: No
","06-29-2026 15:57:52 - (Work Notes)
IP has been released.

06-29-2026 07:07:19 - (Work Notes)
Additional Instructions
Ok to decom, per .

06-29-2026 07:07:19 - (Work Notes)
Additional Storage LUNs
 confirmed that he already has this information on the storage side

06-29-2026 07:07:19 - (Work Notes)
Additional IPs
NA

",
TASK0212073,Closed Complete,,06-29-2026 07:07:37,06-29-2026 15:59:12,06-29-2026 15:59:13,Network Operations Center (NOC),,Release IP Address Reservations from Efficient IP - Trilogie - Physical - Production - A02515,"RITM Variables
==============
Requested by:
Requested by phone number:Requested for:
Requested for phone number:Location Number (ex. FEI0001): FEI9146
Locale: Ferguson TC
Requested For GID: AAG4771
Device: Server
Device Name: A02515
CI: A02515
Affected System: Trilogie (WNA)
Description: Trilogie PRODSUB2
prodsub2.sys.ds.wolseley.com
Server version: Apache/2.4.54 HP-UX_Apache-based_Web_Server (Unix)
Server built: Oct 28 2022 14:45:15
Server's Module Magic Number: 20120211:124
Server loaded: APR 1.7.0, APR-UTIL 1.6.1, PCRE 10.39 2021-10-29
Compiled using: APR 1.7.0, APR-UTIL 1.6.1, PCRE 10.39 2021-10-29
Architecture: 64-bit
Server MPM: worker
 threaded: yes (fixed thread count)
 forked: yes (variable process count)
Server compiled with....
 -D APR_HAS_SENDFILE
 -D APR_HAS_MMAP
 -D APR_HAVE_IPV6 (IPv4-mapped addresses enabled)
 -D APR_USE_SYSVSEM_SERIALIZE
 -D APR_USE_PTHREAD_SERIALIZE
 -D APR_HAS_OTHER_CHILD
 -D AP_HAVE_RELIABLE_PIPED_LOGS
 -D DYNAMIC_MODULE_LIMIT=256
 -D HTTPD_ROOT=""/opt/hpws24/apache""
 -D SUEXEC_BIN=""/opt/hpws24/apache/bin/suexec""
 -D DEFAULT_PIDLOG=""logs/httpd.pid""
 -D DEFAULT_SCOREBOARD=""logs/apache_runtime_status""
 -D DEFAULT_ERRORLOG=""logs/error_log""
 -D AP_TYPES_CONFIG_FILE=""conf/mime.types""
 -D SERVER_CONFIG_FILE=""conf/httpd.conf""
 -D DEFAULT_CHROOT_DIR=""""
Server Type: Physical
Serial # (physical only):
Environment: Production
DNS Zone (FQDN): a02515.sys.ds.wolseley.com
AD Domain: sys.ds.wolseley.com
Data Center: LEB-DATACENTER
Network Location: LEB-ENCL029 bay3
IP Address: 10.254.40.186
Operating System: HP/UX
Load Balanced?: No
List Additional IPs: NA
List Additional Storage LUNs: confirmed that he already has this information on the storage side
Additional Instructions: Ok to decom, per .
Abort Decom?: No
","06-29-2026 15:59:12 - (Work Notes)
IP has been released.

06-29-2026 07:07:37 - (Work Notes)
Additional Instructions
Ok to decom, per .

06-29-2026 07:07:37 - (Work Notes)
Additional Storage LUNs
 confirmed that he already has this information on the storage side

06-29-2026 07:07:37 - (Work Notes)
Additional IPs
NA

",
TASK0212084,Closed Complete,,06-29-2026 07:07:59,06-29-2026 16:02:04,06-29-2026 16:02:05,Network Operations Center (NOC),,Release IP Address Reservations from Efficient IP - Trilogie - Physical - Production - A00458,"RITM Variables
==============
Requested by:
Requested by phone number:Requested for:
Requested for phone number:Location Number (ex. FEI0001): FEI9146
Locale: Ferguson TC
Requested For GID: AAG4771
Device: Server
Device Name: A00458
CI: A00458
Affected System: Trilogie (WNA)
Description: Server version: Apache/2.4.43 HP-UX_Apache-based_Web_Server (Unix)
Server built: Sep 15 2020 07:33:37
Server's Module Magic Number: 20120211:92
Server loaded: APR 1.7.0, APR-UTIL 1.6.1
Compiled using: APR 1.7.0, APR-UTIL 1.6.1
Architecture: 64-bit
Server MPM: worker
 threaded: yes (fixed thread count)
 forked: yes (variable process count)
Server compiled with....
 -D APR_HAS_SENDFILE
 -D APR_HAS_MMAP
 -D APR_HAVE_IPV6 (IPv4-mapped addresses enabled)
 -D APR_USE_SYSVSEM_SERIALIZE
 -D APR_USE_PTHREAD_SERIALIZE
 -D APR_HAS_OTHER_CHILD
 -D AP_HAVE_RELIABLE_PIPED_LOGS
 -D DYNAMIC_MODULE_LIMIT=256
 -D HTTPD_ROOT=""/opt/hpws24/apache""
 -D SUEXEC_BIN=""/opt/hpws24/apache/bin/suexec""
 -D DEFAULT_PIDLOG=""logs/httpd.pid""
 -D DEFAULT_SCOREBOARD=""logs/apache_runtime_status""
 -D DEFAULT_ERRORLOG=""logs/error_log""
 -D AP_TYPES_CONFIG_FILE=""conf/mime.types""
 -D SERVER_CONFIG_FILE=""conf/httpd.conf""
 -D DEFAULT_CHROOT_DIR=""""
Server Type: Physical
Serial # (physical only): SGH147YT3S
Environment: Production
DNS Zone (FQDN): a00458.sys.ds.wolseley.com
AD Domain: sys.ds.wolseley.com
Data Center: LEB-DATACENTER
Network Location: LEB-ENCL029 bay1
IP Address: 10.254.20.216
Operating System: HP/UX
Load Balanced?: No
List Additional IPs: NA
List Additional Storage LUNs: confirmed that he already has this information on the storage side
Additional Instructions: Ok to decom, per .
Abort Decom?: No
","06-29-2026 16:02:04 - (Work Notes)
IP has been released.

06-29-2026 07:07:59 - (Work Notes)
Additional Instructions
Ok to decom, per .

06-29-2026 07:07:59 - (Work Notes)
Additional Storage LUNs
 confirmed that he already has this information on the storage side

06-29-2026 07:07:59 - (Work Notes)
Additional IPs
NA

",
TASK0212151,Closed Complete,,06-29-2026 07:18:52,06-29-2026 16:05:25,06-29-2026 16:05:25,Network Operations Center (NOC),,Release IP Address Reservations from Efficient IP - Active Directory - Virtual - A07745,"RITM Variables
==============
Requested by:
Requested by phone number:Requested for:
Requested for phone number:Location Number (ex. FEI0001): FEI9110
Locale: Ferguson TC
Requested For GID: ABE7353
Device: Server
Device Name: A07745
CI: A07745
Affected System: Active Directory (WNA)
Server Type: Virtual
Serial # (physical only): VMware-42 31 28 b5 f6 b8 d5 4a-ce 35 89 42 fe e1 04 c8
DNS Zone (FQDN): a07745.sys.ds.wolseley.com
AD Domain: sys.ds.wolseley.com
Data Center: LEB-DATACENTER
IP Address: 10.254.71.167
Operating System: Windows 2016 Standard
Load Balanced?: No
Additional Instructions: Server was already shut down 2026-06-16
Abort Decom?: No
","06-29-2026 16:05:25 - (Work Notes)
IP has been released.

06-29-2026 07:18:52 - (Work Notes)
Additional Instructions
Server was already shut down 2026-06-16

",
TASK0212128,Closed Complete,,06-29-2026 07:12:18,06-29-2026 16:06:47,06-29-2026 16:06:47,Network Operations Center (NOC),,Release IP Address Reservations from Efficient IP - Trilogie - Physical - Production - UBACKUP3,"RITM Variables
==============
Requested by:
Requested by phone number:Requested for:
Requested for phone number:Location Number (ex. FEI0001): FEI9146
Locale: Ferguson TC
Requested For GID: AAG4771
Device: Server
Device Name: UBACKUP3
CI: UBACKUP3
Affected System: Trilogie (WNA)
Description: Trilogie dev/test backups
Server Type: Physical
Serial # (physical only): SGH209XXR8
Environment: Production
DNS Zone (FQDN): ubackup3.sys.ds.wolseley.com
AD Domain: sys.ds.wolseley.com
Data Center: Equinix-DC21
Network Location: DC21-DEV-TEST-ENCL003 bay4
IP Address: 10.113.32.159
Operating System: HP/UX
Load Balanced?: No
List Additional IPs: NA
List Additional Storage LUNs: confirmed that he already has this information on the storage side
Additional Instructions: Ok to decom, per
Abort Decom?: No
","06-29-2026 16:06:47 - (Work Notes)
IP has been released.

06-29-2026 07:12:18 - (Work Notes)
Additional Instructions
Ok to decom, per

06-29-2026 07:12:18 - (Work Notes)
Additional Storage LUNs
 confirmed that he already has this information on the storage side

06-29-2026 07:12:18 - (Work Notes)
Additional IPs
NA

",
TASK0212455,Closed Complete,,07-06-2026 07:01,07-06-2026 11:29,07-06-2026 11:29,Network Operations Center (NOC),,Release IP Address Reservations from Efficient IP - MS Dynamics CRM - Virtual - Production - A07794,"RITM Variables
==============
Requested by:
Requested by phone number:Requested for:
Requested for phone number:Location Number (ex. FEI0001): FEI6197
Locale: Ferguson TC
Requested For GID: AAA7562
Device: Server
Device Name: A07794
CI: A07794
Affected System: MS Dynamics CRM (WNA)
Server Type: Virtual
Serial # (physical only): VMware-42 31 45 27 ee d6 91 61-cf a8 61 7f e7 5d af cf
Environment: Production
DNS Zone (FQDN): a07794.sys.ds.wolseley.com
AD Domain: sys.ds.wolseley.com
Data Center: LEB-DATACENTER
IP Address: 10.254.36.52
Operating System: Windows 2016 Standard
Load Balanced?: Yes
Additional Instructions: I do not know for sure if i is load balanced.
Abort Decom?: No
","07-06-2026 11:29:18 - (Work Notes)
IP Address shows free in EIP, No work needed

07-06-2026 07:01:15 - (Work Notes)
Additional Instructions
I do not know for sure if i is load balanced.

",
TASK0211489,Closed Complete,,06-17-2026 13:53:23,07-02-2026 12:10,07-02-2026 12:10,Network Operations Center (NOC),,Assign IP Address - HighJump - App - PRD - a09901,"RITM Variables
==============
Requested by:
Requested by phone number:Requested for:
Requested for phone number:Location Number (ex. FEI0001): FEI9146
Locale: Ferguson TC
Requested For GID: AAM2989
Server Type: Virtual On Prem
Server Purpose: App
Environment: PRD
User Type: Internal (INT)
Data Type: STD
Load Balance: New
Preferred VLAN: INT_F5_HJ_224.0.192-26_2003
Affected System: HighJump (WNA)
System Owner:
Supporting Workgroup: Rapid Response Team (RRT)
OS: Windows
OS Version: Windows 2025
Server Size: Small
Monitoring: Yes
CPU: 2
Memory: 8GB
App Disk (Drive, Label, Size): d, app, 50gb
Server Name: a09901
VLAN: 2003
Gateway: 10.224.0.193
Netmask: 255.255.255.192
Data Center: LEB
Network Zone: Internal
DR Criticality: 2 - Platinum
Replication Name: NONE
vCenter Folder: highjump/prd
Backup Type: VM Backups (No backup client required)
SRM: No
ILO name: NONE
ILO IP Address: NONE
ILO Netmask: NONE
ILO Gateway: NONE
AD Domain: DS
DNS Zone: sys.ds.wolseley.com
Patch Schedule: Patch Group 3
Maintenance Window: Every Day (09:00pm to 06:00am)
Additional Details: -Use the following description in VMware and AD: Prod:BetaT1:Supply Chain:Highjump:Web Services Server
-Add to VMware datastore - SRM_LEB_GNRL_WMS_BETA_1_R1
-Build server in INT_F5_HJ_224.0.192-26_2003 vlan.
-Add server to the following GPO Filter groups:
WNA-SetAdmin-WNA-WMS-SCSEngineering-Filter
WNA-SetAdmin-WNA-WMS-SCCC-Admins-filter
WNA-SetAdmin-WNA-WMS-Admins-Filter
Servers-2025-BaseLine-Security-Filter
WOS-Servers-CachedCreds-Security-Filter
","07-02-2026 12:08:23 - (Work Notes)
The following entry was created in the 10.224.0.192/26 - INT_F5_HJ_224_0_192-26_2003 IP Range
Name: a09901.sys.ds.wolseley.com
IP: 10.224.0.217

",
TASK0212466,Closed Complete,,07-06-2026 07:01,07-06-2026 11:31,07-06-2026 11:31,Network Operations Center (NOC),,Release IP Address Reservations from Efficient IP - Databases - Virtual - Development - A06785,"RITM Variables
==============
Requested by:
Requested by phone number:Requested for:
Requested for phone number:Location Number (ex. FEI0001): FEI9138
Locale: Ferguson TC
Requested For GID: ABJ3122
Device: Server
Device Name: A06785
CI: A06785
Affected System: Databases (WNA)
Description: Database server for HighJump one\pulse Dev application.
Server Type: Virtual
Serial # (physical only): VMware-42 2e 92 c7 fa 7f 65 4c-eb 9d 46 1b 54 ad 48 1a
Environment: Development
DNS Zone (FQDN): a06785.sys.ds.wolseley.com
AD Domain: sys.ds.wolseley.com
Data Center: Equinix-DC21
Network Location: FEIC-NPN-MSSQL-1
IP Address: 10.113.46.37
Operating System: Windows 2012 R2 Standard
Load Balanced?: No
Additional Instructions: Old development server for HJOne, no longer in use since HighJump upgrade was completed end of April.
Abort Decom?: No
","07-06-2026 11:31:40 - (Work Notes)
IP Address shows FREE in EIP, No work needed

07-06-2026 07:01:29 - (Work Notes)
Additional Instructions
Old development server for HJOne, no longer in use since HighJump upgrade was completed end of April.

",
TASK0212352,Closed Complete,,07-01-2026 07:08,07-01-2026 11:47,07-01-2026 11:47,Network Operations Center (NOC),,Remove Server from F5 Configurations - MS Dynamics CRM - Virtual - Production - A08573,"RITM Variables
==============
Requested by:
Requested by phone number:Requested for:
Requested for phone number:Location Number (ex. FEI0001): FEI6197
Locale: Ferguson TC
Requested For GID: AAA7562
Device: Server
Device Name: A08573
CI: A08573
Affected System: MS Dynamics CRM (WNA)
Server Type: Virtual
Serial # (physical only): VMware-42 26 e3 be 1c 04 51 47-e1 00 10 a0 ec 9d e6 50
Environment: Production
DNS Zone (FQDN): a08573.sys.ds.wolseley.com
AD Domain: sys.ds.wolseley.com
Data Center: LEB-DATACENTER
IP Address: 10.254.92.25
ILO IP Address: ILO:
Operating System: Windows 2016 Standard
Load Balanced?: Yes
Additional Instructions: Unsure if it is load balanced. Unable to login.
Abort Decom?: No
","07-01-2026 11:47:34 - (Work Notes)
Searched using the following: *10.254.92.* / *08573*
No results in any of the following F5 Environments
WOS-LEB-DMZ-BIGIP01
WOS-LEB-HostAGG-bigip01
LEB-PCI-F5-01
BUILD-DMZ-BIGIP01
EQX-ASH-DC21-DEVTEST-101
EQX-ASH-DC21-DMZ-101
EQX-ASH-DC21-Hostagg-101
EQX-ASH-DC21-PCI-101

07-01-2026 07:08:27 - (Work Notes)
Additional Instructions
Unsure if it is load balanced. Unable to login.

",
RITM3428299,Closed Complete,,07-07-2026 15:12,07-13-2026 10:25:54,07-13-2026 10:25:54,Network Operations Center (NOC),,Camera Port Request - Location FEI1877 due 07/21/2026,"Requested by:
Requested by phone number:Requested for:
Requested for phone number:Location Number (ex. FEI0001): FEI9143
Locale: Ferguson TC
Requested For GID: ABG9071
Branch Location: FEI1877
Ports Needed for Vlan 1/101: 1
Ports Needed for Vlan 18: 6
Due Date: 2026-07-21
Additional Comments: 5 cameras. Please provide the Surveillance IP Range (10.100xx) for the site. If one does not exist, the Surveillance IP Range will need to be created and added to the router and switches.
","07-13-2026 10:25:54 - (Work notes)
Created 10.100.113.32/27 range for Surveillance

---- + ---- + ---- ---- + ---- + ----
updated route with
US-SRV-PRD-2RTR-A-ADDON-SURVEILLANCE-VLAN
US-SRV-PRD-ADDON-SURVEILLANCE-SECURITY
10.100.113.33
10.100.113.62/27

07-09-2026 01:32:59 - (Work notes)
The required port configuration has been completed as per James's recommendation. We are now routing the ticket back to James for further Process .

-----------------------------------------------------------------------------------------

Gi1/0/4 Security Camera notconnect 18 auto auto 10/100/1000BaseTX
Gi1/0/5 Security Camera notconnect 18 auto auto 10/100/1000BaseTX
Gi1/0/6 Security Camera notconnect 18 auto auto 10/100/1000BaseTX
Gi1/0/7 Security Camera notconnect 18 auto auto 10/100/1000BaseTX
Gi1/0/8 Security Camera notconnect 18 auto auto 10/100/1000BaseTX
Gi1/0/9 NVR NIC1 VLAN1 notconnect 1 auto auto 10/100/1000BaseTX
Gi1/0/10 NVR NIC2 VLAN18 notconnect 18 auto auto 10/100/1000BaseTX

07-08-2026 11:48:19 - (Work notes)
ASSIGNING BACK TO PREVIOUS TICKET OWNER FOR NEXT STEPS:
1 - REVIEW AND CORRECT ALL SECURITY PORTS USING THE TEMPLATES BELOW
> default and config cam ports 4 - 8
> defaults and config NVR ports 9 & 10
> be sure to ""wr"" changes
2 - RE-ASSIGN BACK TO FAUBERT ONCE THIS IS COMPLETED FOR IP RANGE CREATION
// ---- + ---- + ---- ---- + ---- + ---- // ---- + ---- + ---- ---- + ---- + ---- //

NVR NIC 1
---- + ---- + ---- ---- + ---- + ----
int Gix/0/x
descr NVR NIC1 VLAN1


NVR NIC 2
---- + ---- + ---- ---- + ---- + ----
config t
default int Gix/0/x

int Gix/0/x
description NVR NIC2 VLAN18
spanning-tree portfast
switchport access vlan 18
load-interval 30
service-policy in QOS


Cam Ports
---- + ---- + ---- ---- + ---- + ----
default int Gix/0/x

int Gix/0/x
description Security Camera
spanning-tree portfast
switchport access vlan 18
load-interval 30
service-policy in QOS

07-08-2026 10:15:49 - (Work notes)
Will be creating the following subnet for this site
10.100.113.32/27

07-08-2026 01:34:34 - (Work notes)
The required ports have been allocated, and our team is currently working on the internal subnet configuration. We will provide an update once the configuration is completed

Gi1/0/4,Gi1/0/5,Gi1/0/6,Gi1/0/7,Gi1/0/8--Security Cameras
Gi1/0/9(Vlan18) Gi1/0/10(Vlan1)----NVR cameras

Gi1/0/4 down down ""Security cameras""
Gi1/0/5 down down ""Security cameras""
Gi1/0/6 down down ""Security cameras""
Gi1/0/7 down down ""Security cameras""
Gi1/0/8 down down ""Security cameras""
Gi1/0/9 down down ""NVR cameras""
Gi1/0/10 down down ""NVR cameras""

",
TASK0212340,Closed Complete,,07-01-2026 07:08,07-01-2026 11:48,07-01-2026 11:48,Network Operations Center (NOC),,Remove Server from F5 Configurations - MS Dynamics CRM - Virtual - Production - A08572,"RITM Variables
==============
Requested by:
Requested by phone number:Requested for:
Requested for phone number:Location Number (ex. FEI0001): FEI6197
Locale: Ferguson TC
Requested For GID: AAA7562
Device: Server
Device Name: A08572
CI: A08572
Affected System: MS Dynamics CRM (WNA)
Server Type: Virtual
Serial # (physical only): VMware-42 26 76 ad b7 06 0a 3d-8c 01 f1 3a ec 17 b4 b1
Environment: Production
DNS Zone (FQDN): a08572.sys.ds.wolseley.com
AD Domain: sys.ds.wolseley.com
Data Center: LEB-DATACENTER
IP Address: 10.254.92.19
ILO IP Address: ILO:
Operating System: Windows 2016 Standard
Load Balanced?: Yes
Additional Instructions: Unsure if it is load balanced. Unable to login.
Abort Decom?: No
","07-01-2026 11:48:16 - (Work Notes)
Searched using the following: *10.254.92.* / *08572*
No results in any of the following F5 Environments
WOS-LEB-DMZ-BIGIP01
WOS-LEB-HostAGG-bigip01
LEB-PCI-F5-01
BUILD-DMZ-BIGIP01
EQX-ASH-DC21-DEVTEST-101
EQX-ASH-DC21-DMZ-101
EQX-ASH-DC21-Hostagg-101
EQX-ASH-DC21-PCI-101

07-01-2026 07:08:16 - (Work Notes)
Additional Instructions
Unsure if it is load balanced. Unable to login.

",
TASK0212632,Closed Complete,,07-10-2026 07:03,07-10-2026 07:58,07-10-2026 07:58,Network Operations Center (NOC),,Remove Server from F5 Configurations - CDN - Virtual - Production - A05702,"RITM Variables
==============
Requested by:
Requested by phone number:Requested for:
Requested for phone number:Location Number (ex. FEI0001): FEI9146
Locale: Ferguson TC
Requested For GID: AAN7815
Device: Server
Device Name: A05702
CI: A05702
Affected System: CDN (WNA)
Description: Search Project
Server Type: Virtual
Serial # (physical only): VMware-42 1b 47 64 91 ce 55 1e-34 24 91 10 f6 63 df 73
Environment: Production
DNS Zone (FQDN): a05702.sys.ds.wolseley.com
AD Domain: sys.ds.wolseley.com
Data Center: LEB-DATACENTER
Network Location: FEIC-LEB-PROD-General
IP Address: 10.224.1.45
Operating System: Windows 2012 R2 Standard
Load Balanced?: Yes
Additional Instructions: - Servers to be decomissioned after successful upgrade to Windows Server 2022.
 - Server upgrade ticket: CHG0081208
 - Server 6 of 6 (PRD)
Abort Decom?: No
","07-10-2026 07:58:18 - (Work Notes)
Node a05702 is a member of the following pools
Prod-Search-Tool-80
Prod-Search-Tool-443

Removed node from the above pools and deleted node

07-10-2026 07:03:58 - (Work Notes)
Additional Instructions
- Servers to be decomissioned after successful upgrade to Windows Server 2022.
 - Server upgrade ticket: CHG0081208
 - Server 6 of 6 (PRD)

",
RITM3428297,Closed Complete,,07-07-2026 15:11,07-13-2026 11:02:18,07-13-2026 11:02:17,Network Operations Center (NOC),,Camera Port Request - Location FEI1636 due 07/21/2026,"Requested by:
Requested by phone number:Requested for:
Requested for phone number:Location Number (ex. FEI0001): FEI9143
Locale: Ferguson TC
Requested For GID: ABG9071
Branch Location: FEI1636
Ports Needed for Vlan 1/101: 1
Ports Needed for Vlan 18: 4
Due Date: 2026-07-21
Additional Comments: 3 cameras. Please provide the Surveillance IP Range (10.100xx) for the site. If one does not exist, the Surveillance IP Range will need to be created and added to the router and switches.
","07-13-2026 11:02:17 - (Work notes)
Created 10.100.114.112/28 IP Range for Surveillance
Gateway: 10.100.114.113
Subnet Mask: 255.255.255.240

Camera Ports
31 33

NVR Ports
37 vlan18
38 vlan1

07-09-2026 02:03:30 - (Work notes)
The required port configuration has been completed as per James's recommendation. We are now routing the ticket back to James for further Process .

-------------------------------------------------------------------------------------------------------
Gi1/0/31 Security Camera notconnect 18 auto auto 10/100/1000BaseTX
Gi1/0/32 Security Camera notconnect 18 auto auto 10/100/1000BaseTX
Gi1/0/33 Security Camera notconnect 18 auto auto 10/100/1000BaseTX
Gi1/0/37 NVR NIC2 VLAN18 notconnect 18 auto auto 10/100/1000BaseTX
Gi1/0/38 NVR NIC1 VLAN1 notconnect 1 auto auto 10/100/1000BaseTX

07-08-2026 11:42:20 - (Work notes)
ASSIGNING BACK TO PREVIOUS TICKET OWNER FOR NEXT STEPS:
1 - REVIEW AND CORRECT ALL SECURITY PORTS USING THE TEMPLATES BELOW
> correct ports 31 - 33 with correct cam descr
> correct port 37 with correct nic2 descr
> correct port 38 with correct nic1 descr
> be sure to ""wr"" changes
2 - RE-ASSIGN BACK TO FAUBERT ONCE THIS IS COMPLETED FOR IP RANGE CREATION
// ---- + ---- + ---- ---- + ---- + ---- // ---- + ---- + ---- ---- + ---- + ---- //

NVR NIC 1
---- + ---- + ---- ---- + ---- + ----
int Gix/0/x
descr NVR NIC1 VLAN1


NVR NIC 2
---- + ---- + ---- ---- + ---- + ----
config t
default int Gix/0/x

int Gix/0/x
description NVR NIC2 VLAN18
spanning-tree portfast
switchport access vlan 18
load-interval 30
service-policy in QOS


Cam Ports
---- + ---- + ---- ---- + ---- + ----
default int Gix/0/x

int Gix/0/x
description Security Camera
spanning-tree portfast
switchport access vlan 18
load-interval 30
service-policy in QOS

07-08-2026 00:57:51 - (Work notes)
The required ports have been allocated, and our team is currently working on the internal subnet configuration. We will provide an update once the configuration is completed

 Gi1/0/31, Gi1/0/32, Gi1/0/33--Security camera
Gi1/0/37(vlan 18),Gi1/0/38(Vlan 1)--NVR camera

",
TASK0212620,Closed Complete,,07-10-2026 07:03,07-10-2026 08:04,07-10-2026 08:04,Network Operations Center (NOC),,Remove Server from F5 Configurations - CDN - Virtual - Production - A05701,"RITM Variables
==============
Requested by:
Requested by phone number:Requested for:
Requested for phone number:Location Number (ex. FEI0001): FEI9146
Locale: Ferguson TC
Requested For GID: AAN7815
Device: Server
Device Name: A05701
CI: A05701
Affected System: CDN (WNA)
Description: Search Project
Server Type: Virtual
Serial # (physical only): VMware-42 1b cf 5c 32 43 93 66-39 d8 7c 9c 5d 4b 44 89
Environment: Production
DNS Zone (FQDN): a05701.sys.ds.wolseley.com
AD Domain: sys.ds.wolseley.com
Data Center: LEB-DATACENTER
Network Location: FEIC-LEB-PROD-General
IP Address: 10.224.1.44
Operating System: Windows 2012 R2 Standard
Load Balanced?: Yes
Additional Instructions: - Servers to be decomissioned after successful upgrade to Windows Server 2022.
 - Server upgrade ticket: CHG0081208
 - Server 5 of 6 (PRD)
Abort Decom?: No
","07-10-2026 08:04:22 - (Work Notes)
Node a05701 is a member of the following pools
Prod-Search-Tool-80
Prod-Search-Tool-443

Removed node from the above pools and deleted node

07-10-2026 07:03:47 - (Work Notes)
Additional Instructions
- Servers to be decomissioned after successful upgrade to Windows Server 2022.
 - Server upgrade ticket: CHG0081208
 - Server 5 of 6 (PRD)

",
TASK0212364,Closed Complete,,07-01-2026 07:08,07-01-2026 12:22,07-01-2026 12:22,Network Operations Center (NOC),,Remove Server from F5 Configurations - MS Dynamics CRM - Virtual - Production - A08574,"RITM Variables
==============
Requested by:
Requested by phone number:Requested for:
Requested for phone number:Location Number (ex. FEI0001): FEI6197
Locale: Ferguson TC
Requested For GID: AAA7562
Device: Server
Device Name: A08574
CI: A08574
Affected System: MS Dynamics CRM (WNA)
Server Type: Virtual
Serial # (physical only): VMware-42 0c 69 79 c0 38 15 b9-2e 81 8c b5 d7 89 28 33
Environment: Production
DNS Zone (FQDN): a08574.sys.ds.wolseley.com
AD Domain: sys.ds.wolseley.com
Data Center: Equinix-DC21
IP Address: 10.113.38.38
ILO IP Address: ILO:
Operating System: Windows 2016 Standard
Load Balanced?: Yes
Additional Instructions: Unsure if it is load balanced. Unable to login.
Abort Decom?: No
","07-01-2026 12:22:51 - (Work Notes)
Searched using the following: *10.113.38.*
No results in any of the following F5 Environments for the server indicated in the details
WOS-LEB-DMZ-BIGIP01
WOS-LEB-HostAGG-bigip01
LEB-PCI-F5-01
BUILD-DMZ-BIGIP01
EQX-ASH-DC21-DEVTEST-101
EQX-ASH-DC21-DMZ-101
EQX-ASH-DC21-Hostagg-101
EQX-ASH-DC21-PCI-101

07-01-2026 07:08:38 - (Work Notes)
Additional Instructions
Unsure if it is load balanced. Unable to login.

",
TASK0212328,Closed Complete,,07-01-2026 07:08,07-01-2026 12:23,07-01-2026 12:23,Network Operations Center (NOC),,Remove Server from F5 Configurations - MS Dynamics CRM - Virtual - Test - A08453,"RITM Variables
==============
Requested by:
Requested by phone number:Requested for:
Requested for phone number:Location Number (ex. FEI0001): FEI6197
Locale: Ferguson TC
Requested For GID: AAA7562
Device: Server
Device Name: A08453
CI: A08453
Affected System: MS Dynamics CRM (WNA)
Server Type: Virtual
Serial # (physical only): VMware-42 0c 8b 39 30 db 17 f1-d1 3b bd 68 94 66 b4 98
Environment: Test
DNS Zone (FQDN): a08453.sys.ds.wolseley.com
AD Domain: sys.ds.wolseley.com
Any Known Alias/DNS CNAME: f00601.sys.ds.wolseley.com
Data Center: Equinix-DC21
IP Address: 10.113.38.42
ILO IP Address: ILO:
Operating System: Windows 2016 Standard
Load Balanced?: Yes
Additional Instructions: Unsure if it is load balanced. Unable to login.
Abort Decom?: No
","07-01-2026 07:08:04 - (Work Notes)
Additional Instructions
Unsure if it is load balanced. Unable to login.

",
RITM3428277,Closed Complete,,07-07-2026 14:52,07-13-2026 10:46:38,07-13-2026 10:46:37,Network Operations Center (NOC),,Camera Port Request - Location FEI1461 due 07/21/2026,"Requested by:
Requested by phone number:Requested for:
Requested for phone number:Location Number (ex. FEI0001): FEI9143
Locale: Ferguson TC
Requested For GID: ABG9071
Branch Location: FEI1461
Ports Needed for Vlan 1/101: 1
Ports Needed for Vlan 18: 5
Due Date: 2026-07-21
Additional Comments: 4 cameras. Please provide the Surveillance IP Range (10.100.xx) for the site. If one does not exist, the Surveillance IP range will need to be created and added to the router and switches.
","07-13-2026 10:46:37 - (Work notes)
Created 10.100.114.80/28 IP range for Surveillance
Gateway: 10.100.114.81
Subnet Mask: 255.255.255.240

Security Camera Ports:
24 27

NVR Ports:
28 vlan18
29 vlan1

07-09-2026 01:22:51 - (Work notes)
Made changes per recommendation below and config saved.


Gi1/0/24 Security Camera notconnect 18 auto auto 10/100/1000BaseTX
Gi1/0/25 Security Camera notconnect 18 auto auto 10/100/1000BaseTX
Gi1/0/26 Security Camera notconnect 18 auto auto 10/100/1000BaseTX
Gi1/0/27 Security Camera notconnect 18 auto auto 10/100/1000BaseTX
Gi1/0/28 NVR NIC2 VLAN18 notconnect 18 auto auto 10/100/1000BaseTX
Gi1/0/29 NVR NIC1 VLAN1 notconnect 1 auto auto 10/100/1000BaseTX

07-08-2026 17:33:41 - (Work notes)
I will be removing / deleting the following ip range in EIP
10.100.113.0/27

07-08-2026 11:32:33 - (Work notes)
ASSIGNING BACK TO PREVIOUS TICKET OWNER FOR NEXT STEPS:
1 - REVIEW AND CORRECT ALL SECURITY PORTS USING THE TEMPLATES BELOW
> update ports 24 27 with correct cam descr
> update port 28 with correct NIC descr
> be sure to ""wr"" changes
2 - RE-ASSIGN BACK TO FAUBERT ONCE THIS IS COMPLETED FOR IP RANGE CREATION
// ---- + ---- + ---- ---- + ---- + ---- // ---- + ---- + ---- ---- + ---- + ---- //

NVR NIC 1
---- + ---- + ---- ---- + ---- + ----
int Gix/0/x
descr NVR NIC1 VLAN1


NVR NIC 2
---- + ---- + ---- ---- + ---- + ----
config t
default int Gix/0/x

int Gix/0/x
description NVR NIC2 VLAN18
spanning-tree portfast
switchport access vlan 18
load-interval 30
service-policy in QOS


Cam Ports
---- + ---- + ---- ---- + ---- + ----
default int Gix/0/x

int Gix/0/x
description Security Camera
spanning-tree portfast
switchport access vlan 18
load-interval 30
service-policy in QOS

07-08-2026 10:17:59 - (Work notes)
transferring to myself for subnet creation

07-08-2026 02:08:57 - (Work notes)
Switch port has been configured.

Gi1/0/24 ""NVR Server - NIC2 notconnect 18 auto auto 10/100/1000BaseTX
Gi1/0/25 ""NVR Server - NIC2 notconnect 18 auto auto 10/100/1000BaseTX
Gi1/0/26 ""NVR Server - NIC2 notconnect 18 auto auto 10/100/1000BaseTX
Gi1/0/27 ""NVR Server - NIC2 notconnect 18 auto auto 10/100/1000BaseTX
Gi1/0/28 ""NVR Server - NIC2 notconnect 18 auto auto 10/100/1000BaseTX
Gi1/0/29 ""NVR NIC1 VLAN1 notconnect 1 auto auto 10/100/1000BaseTX

",
RITM3425146,Closed Complete,,06-29-2026 15:23:48,06-30-2026 07:50:09,06-30-2026 07:50:09,Network Operations Center (NOC),,Form to request a public IP address for specific Azure resources.,"This is a public IP we need in EUS2 for APIM to connect to AKS Cluster feipeprocrmaks001 (PROD ENV)
We need this IP to be assigned from 89.207.164.32/28
this network has been configured to publish route back to azure over express route.
any IP outside of this N/W wouldn't be able to connect from APIM to AKS


Once I get the public IP I will put a firewall NAT request.","06-30-2026 07:44:07 - (Work notes)
Reserved the following IP address in the 89.207.164.32/28 - DC21 Microsoft Public IP Range:
89.207.164.44

Name: APIM_AKS_Cluster_feipeprocrmaks001
Ref: RITM3425146

",
RITM3425139,Closed Complete,,06-29-2026 15:20:07,06-30-2026 07:50:16,06-30-2026 07:50:16,Network Operations Center (NOC),,Form to request a public IP address for specific Azure resources.,"This is a public IP we need in EUS2 for APIM to connect to AKS Cluster feiteprocrmaks001 (TEST ENV)
We need this IP to be assigned from 89.207.164.32/28
this network has been configured to publish route back to azure over express route.
any IP outside of this N/W wouldn't be able to connect from APIM to AKS


Once I get the public IP I will put a firewall NAT request.","06-30-2026 07:36:24 - (Work notes)
Reserved the following IP address in the 89.207.164.32/28 - DC21 Microsoft Public IP Range:
89.207.164.43

APIM_AKS_Cluster_feiteprocrmaks001
RITM3425139

",
TASK0212316,Closed Complete,,07-01-2026 07:07,07-01-2026 12:23,07-01-2026 12:23,Network Operations Center (NOC),,Remove Server from F5 Configurations - MS Dynamics CRM - Virtual - Test - A08443,"RITM Variables
==============
Requested by:
Requested by phone number:Requested for:
Requested for phone number:Location Number (ex. FEI0001): FEI6197
Locale: Ferguson TC
Requested For GID: AAA7562
Device: Server
Device Name: A08443
CI: A08443
Affected System: MS Dynamics CRM (WNA)
Server Type: Virtual
Serial # (physical only): VMware-42 0c 6c ef 61 80 ec 52-cb 26 ec 55 cf 73 a4 c3
Environment: Test
DNS Zone (FQDN): a08443.sys.ds.wolseley.com
AD Domain: sys.ds.wolseley.com
Any Known Alias/DNS CNAME: f00600.sys.ds.wolseley.com
Data Center: Equinix-DC21
IP Address: 10.113.38.20
ILO IP Address: ILO:
Operating System: Windows 2016 Standard
Load Balanced?: Yes
Additional Instructions: I do not know for sure if it is load balanced. Unable to login.
Abort Decom?: No
","07-01-2026 07:07:52 - (Work Notes)
Additional Instructions
I do not know for sure if it is load balanced. Unable to login.

",
RITM3426760,Closed Complete,,07-02-2026 12:43,07-07-2026 15:18,07-07-2026 15:18,Network Operations Center (NOC),,"FEI Branch 1088 (Riverside, CA) CCTV Install (Corporate Security)","Security IP Range creation and Router configuration update needed
Security equipment has been installed, no vlan18 ip's being issued
1 NVR, 3 Cameras","07-06-2026 08:45:07 - (Work notes)
pending follow up from gls

07-02-2026 13:39:30 - (Work notes)
GLS MAC 74435

07-02-2026 13:37:21 - (Work notes)
From:
Sent: Thursday, July 2, 2026 1:35 PM
To: ; NOC [GLS]
Cc: #FEI-NOC ;
Subject: RITM3426760 - 1088 Riverside, CA - MACD Add Surveillance

Greetings GLS

Please add the following for site 1088 Riverside, CA

Template:
US-SRV-PRD-2RTR-A-ADDON-SURVEILLANCE-VLAN
US-SRV-PRD-ADDON-SURVEILLANCE-SECURITY

Bind Data
branch-surveillance_IPv4__staticaddress: 10.100.108.190/27
branch-surveillance__vrrpGroupVirtualAddress: 10.100.108.161

07-02-2026 13:37:03 - (Work notes)
10.100.108.161 - Gateway
10.100.108.190/27

1088 Riverside, CA

",
RITM3428302,Closed Complete,,07-07-2026 15:17,07-13-2026 11:09:31,07-13-2026 11:09:30,Network Operations Center (NOC),,Camera Port Request - Location FEI1893 due 07/21/2026,"Requested by:
Requested by phone number:Requested for:
Requested for phone number:Location Number (ex. FEI0001): FEI9143
Locale: Ferguson TC
Requested For GID: ABG9071
Branch Location: FEI1893
Ports Needed for Vlan 1/101: 1
Ports Needed for Vlan 18: 4
Due Date: 2026-07-21
Additional Comments: 3 cameras. Please provide the Surveillance IP Range (10.100xx) for the site. If one does not exist, the Surveillance IP Range will need to be created and added to the router and switches.
","07-13-2026 11:09:30 - (Work notes)
Created 10.100.114.128/28 IP Range for Surveillance
Gateway: 10.100.114.129
Subnet Mask: 255.255.255.240

Camera Ports:
Gi1/0/14 16

NVR Ports
18 vlan1
19 vlan18

07-09-2026 02:11:32 - (Work notes)
The required port configuration has been completed as per James's recommendation. We are now routing the ticket back to James for further Process .

----------------------------------------------------------------------------------------------------------------
Gi1/0/14 Security Camera notconnect 18 auto auto 10/100/1000BaseTX
Gi1/0/15 Security Camera notconnect 18 auto auto 10/100/1000BaseTX
Gi1/0/16 Security Camera notconnect 18 auto auto 10/100/1000BaseTX
Gi1/0/18 NVR NIC1 VLAN1 notconnect 1 auto auto 10/100/1000BaseTX
Gi1/0/19 NVR NIC2 VLAN18 notconnect 18 auto auto 10/100/1000BaseTX

07-08-2026 11:50:36 - (Work notes)
ASSIGNING BACK TO PREVIOUS TICKET OWNER FOR NEXT STEPS:
1 - REVIEW AND CORRECT ALL SECURITY PORTS USING THE TEMPLATES BELOW
> default and config cam ports 14 - 16
> default and config NVR ports 18 & 19
> be sure to ""wr"" changes
2 - RE-ASSIGN BACK TO FAUBERT ONCE THIS IS COMPLETED FOR IP RANGE CREATION
// ---- + ---- + ---- ---- + ---- + ---- // ---- + ---- + ---- ---- + ---- + ---- //

NVR NIC 1
---- + ---- + ---- ---- + ---- + ----
int Gix/0/x
descr NVR NIC1 VLAN1


NVR NIC 2
---- + ---- + ---- ---- + ---- + ----
config t
default int Gix/0/x

int Gix/0/x
description NVR NIC2 VLAN18
spanning-tree portfast
switchport access vlan 18
load-interval 30
service-policy in QOS


Cam Ports
---- + ---- + ---- ---- + ---- + ----
default int Gix/0/x

int Gix/0/x
description Security Camera
spanning-tree portfast
switchport access vlan 18
load-interval 30
service-policy in QOS

07-08-2026 01:48:07 - (Work notes)
The required ports have been allocated, and our team is currently working on the internal subnet configuration. We will provide an update once the configuration is completed

Gi1/0/14,Gi1/0/15,Gi1/0/16----------Security cameras
Gi1/0/18(Vlan18) Gi1/0/19(Vlan1)----------NVR cameras

Gi1/0/14 down down ""Security cameras""
Gi1/0/15 down down ""Security cameras""
Gi1/0/16 down down ""Security cameras""

Gi1/0/18 down down ""NVR cameras""
Gi1/0/19 down down ""NVR cameras""

",
RITM3425632,Closed Complete,,06-30-2026 12:52:33,06-30-2026 17:53:41,06-30-2026 17:53:41,Network Operations Center (NOC),,DHCP reservations for 8395,"Requested by:
Requested by phone number:Requested for:
Requested for phone number:Location Number (ex. FEI0001): FEI3395
Locale: Ferguson TC
Requested For GID: AAP1816
Affected System: Network
Title: DHCP reservations for 8395
Details of Issue, Request, or Question:
Name IP MAC Description
SH-ZQ630-B92E	10.141.107.46 9075de18b92e	SH-ZQ630-B92E
SH-ZQ630-4294	10.141.107.40 9075de174294	SH-ZQ630-4294
Please choose the best fit for this submission: Something needs to be setup or changed (or other general help)
","06-30-2026 17:51:21 - (Work notes)
Disabled Pool Read-Only status
Created the following DHCP Static Entries
90:75:de:18:b9:2e - 10.141.107.46 / SH-ZQ630-B92E
90:75:de:17:42:94 - 10.141.107.40 / SH-ZQ630-4294
Re-enabled Pool Read-Only status

",
RITM3428288,Closed Complete,,07-07-2026 15:04,07-13-2026 10:57:06,07-13-2026 10:57:06,Network Operations Center (NOC),,Camera Port Request - Location FEI1581 due 07/21/2026,"Requested by:
Requested by phone number:Requested for:
Requested for phone number:Location Number (ex. FEI0001): FEI9143
Locale: Ferguson TC
Requested For GID: ABG9071
Branch Location: FEI1581
Ports Needed for Vlan 1/101: 1
Ports Needed for Vlan 18: 4
Due Date: 2026-07-21
Additional Comments: 3 cameras. Please provide the Surveillance IP Range (10.100xx) for the site. If one does not exist, the Surveillance IP Range will need to be created and added to the router and switches.
","07-13-2026 10:57:06 - (Work notes)
Created 10.100.114.96/28 IP range for Surveillance
Gateway: 10.100.114.97
Subnet Mask 255.255.255.240

Camera Ports:
Switch 2 TW0YYTHYDNT001CG0096 / Service Tag# 38FNV43
Ports 1 3

NVR Ports
Switch 2 TW0YYTHYDNT001CG0096 / Service Tag# 38FNV43
4 vlan18
5 vlan1

07-09-2026 02:01:12 - (Work notes)
Changes done and config saved.

Gi2/0/1 Security Camera
Gi2/0/2 Security Camera
Gi2/0/3 Security Camera
Gi2/0/4 NVR NIC2 VLAN18
Gi2/0/5 NVR NIC1 VLAN1

07-08-2026 11:36:24 - (Work notes)
ASSIGNING BACK TO PREVIOUS TICKET OWNER FOR NEXT STEPS:
1 - REVIEW AND CORRECT ALL SECURITY PORTS USING THE TEMPLATES BELOW
> Default and config ports 2/0/1 2/0/3 for cams
> Default and config port 2/0/4 for NVR NIC
> be sure to ""wr"" changes
2 - RE-ASSIGN BACK TO FAUBERT ONCE THIS IS COMPLETED FOR IP RANGE CREATION
// ---- + ---- + ---- ---- + ---- + ---- // ---- + ---- + ---- ---- + ---- + ---- //

NVR NIC 1
---- + ---- + ---- ---- + ---- + ----
int Gix/0/x
descr ""NVR NIC1 VLAN1""

NVR NIC 2
---- + ---- + ---- ---- + ---- + ----
config t
default Gigabitethernet x/0/x
y

int Gix/0/x
description ""NVR NIC2 VLAN18""
spanning-tree portfast
switchport access vlan 18
load-interval 30
service-policy in QOS

Cam Ports
---- + ---- + ---- ---- + ---- + ----
default Gigabitethernet x/0/x
y

int Gix/0/x
description ""Security Camera""
spanning-tree portfast
switchport access vlan 18
load-interval 30
service-policy in QOS

07-08-2026 10:18:23 - (Work notes)
transferring for subnet creation

07-08-2026 03:36:00 - (Work notes)
Switchport config has been completed.

Gi2/0/1 NVR Server - NI N/A Unknown Auto Down On A 18
Gi2/0/2 NVR Server - NI N/A Unknown Auto Down On A 18
Gi2/0/3 NVR Server - NI N/A Unknown Auto Down On A 18
Gi2/0/4 NVR Server - NI N/A Unknown Auto Down On A 18


Gi2/0/5 NVR NIC1 VLAN1 N/A Unknown Auto Down On A 1

",
TASK0212371,Closed Complete,,07-01-2026 07:08,07-01-2026 13:46,07-01-2026 13:46,Network Operations Center (NOC),,Release IP Address Reservations from Efficient IP - MS Dynamics CRM - Virtual - Production - A08574,"RITM Variables
==============
Requested by:
Requested by phone number:Requested for:
Requested for phone number:Location Number (ex. FEI0001): FEI6197
Locale: Ferguson TC
Requested For GID: AAA7562
Device: Server
Device Name: A08574
CI: A08574
Affected System: MS Dynamics CRM (WNA)
Server Type: Virtual
Serial # (physical only): VMware-42 0c 69 79 c0 38 15 b9-2e 81 8c b5 d7 89 28 33
Environment: Production
DNS Zone (FQDN): a08574.sys.ds.wolseley.com
AD Domain: sys.ds.wolseley.com
Data Center: Equinix-DC21
IP Address: 10.113.38.38
ILO IP Address: ILO:
Operating System: Windows 2016 Standard
Load Balanced?: Yes
Additional Instructions: Unsure if it is load balanced. Unable to login.
Abort Decom?: No
","07-01-2026 13:46:40 - (Work Notes)
IP has been released.

07-01-2026 07:08:40 - (Work Notes)
Additional Instructions
Unsure if it is load balanced. Unable to login.

",
TASK0212359,Closed Complete,,07-01-2026 07:08,07-01-2026 13:48,07-01-2026 13:48,Network Operations Center (NOC),,Release IP Address Reservations from Efficient IP - MS Dynamics CRM - Virtual - Production - A08573,"RITM Variables
==============
Requested by:
Requested by phone number:Requested for:
Requested for phone number:Location Number (ex. FEI0001): FEI6197
Locale: Ferguson TC
Requested For GID: AAA7562
Device: Server
Device Name: A08573
CI: A08573
Affected System: MS Dynamics CRM (WNA)
Server Type: Virtual
Serial # (physical only): VMware-42 26 e3 be 1c 04 51 47-e1 00 10 a0 ec 9d e6 50
Environment: Production
DNS Zone (FQDN): a08573.sys.ds.wolseley.com
AD Domain: sys.ds.wolseley.com
Data Center: LEB-DATACENTER
IP Address: 10.254.92.25
ILO IP Address: ILO:
Operating System: Windows 2016 Standard
Load Balanced?: Yes
Additional Instructions: Unsure if it is load balanced. Unable to login.
Abort Decom?: No
","07-01-2026 13:48:15 - (Work Notes)
IP has been released.

07-01-2026 07:08:30 - (Work Notes)
Additional Instructions
Unsure if it is load balanced. Unable to login.

",
TASK0212335,Closed Complete,,07-01-2026 07:08,07-01-2026 13:50,07-01-2026 13:50,Network Operations Center (NOC),,Release IP Address Reservations from Efficient IP - MS Dynamics CRM - Virtual - Test - A08453,"RITM Variables
==============
Requested by:
Requested by phone number:Requested for:
Requested for phone number:Location Number (ex. FEI0001): FEI6197
Locale: Ferguson TC
Requested For GID: AAA7562
Device: Server
Device Name: A08453
CI: A08453
Affected System: MS Dynamics CRM (WNA)
Server Type: Virtual
Serial # (physical only): VMware-42 0c 8b 39 30 db 17 f1-d1 3b bd 68 94 66 b4 98
Environment: Test
DNS Zone (FQDN): a08453.sys.ds.wolseley.com
AD Domain: sys.ds.wolseley.com
Any Known Alias/DNS CNAME: f00601.sys.ds.wolseley.com
Data Center: Equinix-DC21
IP Address: 10.113.38.42
ILO IP Address: ILO:
Operating System: Windows 2016 Standard
Load Balanced?: Yes
Additional Instructions: Unsure if it is load balanced. Unable to login.
Abort Decom?: No
","07-01-2026 13:50:28 - (Work Notes)
IP has been released.

07-01-2026 07:08:06 - (Work Notes)
Additional Instructions
Unsure if it is load balanced. Unable to login.

",
TASK0212323,Closed Complete,,07-01-2026 07:07,07-01-2026 13:53,07-01-2026 13:53,Network Operations Center (NOC),,Release IP Address Reservations from Efficient IP - MS Dynamics CRM - Virtual - Test - A08443,"RITM Variables
==============
Requested by:
Requested by phone number:Requested for:
Requested for phone number:Location Number (ex. FEI0001): FEI6197
Locale: Ferguson TC
Requested For GID: AAA7562
Device: Server
Device Name: A08443
CI: A08443
Affected System: MS Dynamics CRM (WNA)
Server Type: Virtual
Serial # (physical only): VMware-42 0c 6c ef 61 80 ec 52-cb 26 ec 55 cf 73 a4 c3
Environment: Test
DNS Zone (FQDN): a08443.sys.ds.wolseley.com
AD Domain: sys.ds.wolseley.com
Any Known Alias/DNS CNAME: f00600.sys.ds.wolseley.com
Data Center: Equinix-DC21
IP Address: 10.113.38.20
ILO IP Address: ILO:
Operating System: Windows 2016 Standard
Load Balanced?: Yes
Additional Instructions: I do not know for sure if it is load balanced. Unable to login.
Abort Decom?: No
","07-01-2026 13:53:44 - (Work Notes)
IP has been released.

07-01-2026 07:07:54 - (Work Notes)
Additional Instructions
I do not know for sure if it is load balanced. Unable to login.

",
TASK0212347,Closed Complete,,07-01-2026 07:08,07-01-2026 13:52,07-01-2026 13:52,Network Operations Center (NOC),,Release IP Address Reservations from Efficient IP - MS Dynamics CRM - Virtual - Production - A08572,"RITM Variables
==============
Requested by:
Requested by phone number:Requested for:
Requested for phone number:Location Number (ex. FEI0001): FEI6197
Locale: Ferguson TC
Requested For GID: AAA7562
Device: Server
Device Name: A08572
CI: A08572
Affected System: MS Dynamics CRM (WNA)
Server Type: Virtual
Serial # (physical only): VMware-42 26 76 ad b7 06 0a 3d-8c 01 f1 3a ec 17 b4 b1
Environment: Production
DNS Zone (FQDN): a08572.sys.ds.wolseley.com
AD Domain: sys.ds.wolseley.com
Data Center: LEB-DATACENTER
IP Address: 10.254.92.19
ILO IP Address: ILO:
Operating System: Windows 2016 Standard
Load Balanced?: Yes
Additional Instructions: Unsure if it is load balanced. Unable to login.
Abort Decom?: No
","07-01-2026 13:52:08 - (Work Notes)
IP has been released.

07-01-2026 07:08:18 - (Work Notes)
Additional Instructions
Unsure if it is load balanced. Unable to login.

",
RITM3420544,Closed Complete,,06-17-2026 15:22:01,07-01-2026 13:57,07-01-2026 13:57,Network Operations Center (NOC),,Need 3 Ports Enabled for Access Control System/Intercom,"Requesting 3 ports enabled for new ACS and Intercom System. Lower switch in MDF room has ports 44, 46 and 47 available. Ports 44 will be for the intercom and ports 46 & 47 will be for the ACS.","06-18-2026 10:16:31 - (Work notes)
Update for Branch 5295:

The onsite team is currently in the MDF room performing connectivity testing. They have confirmed the following connections:

Upper 24-port Cisco switch: Port 23
Lower 48-port Cisco switch: Ports 39 and 41

At this time, connectivity on all connected ports is working properly. The team is still in the middle of testing and has requested that the ticket remain open until all testing and connections are completed.

They will provide an update once testing is finished or if they encounter any issues.


Upper 24-port Cisco switch: Port 23
Mac 0050.f929.760c
Switch : 10.135.228.30
Port: Gi2/0/23

06-18-2026 09:07:01 - (Work notes)
Site is 5295

06-18-2026 02:58:03 - (Work notes)
Kindly ignore the below comments regarding GLS, as they were shared in the wrong window.

06-18-2026 02:24:42 - (Work notes)
GLS created ticket 73525 for your request. Please allow 1-2 business days for the completion of the request.

06-18-2026 01:08:41 - (Work notes)
Kindly share the switch details where the ACS and Intercom system need to be connected. Please note that ports 44, 46, and 47 are faulty—kindly use ports 39, 40, or 41 instead.

",
RITM3428304,Closed Complete,,07-07-2026 15:19,07-13-2026 11:18:11,07-13-2026 11:18:11,Network Operations Center (NOC),,Camera Port Request - Location FEI1895 due 07/21/2026,"Requested by:
Requested by phone number:Requested for:
Requested for phone number:Location Number (ex. FEI0001): FEI9143
Locale: Ferguson TC
Requested For GID: ABG9071
Branch Location: FEI1895
Ports Needed for Vlan 1/101: 1
Ports Needed for Vlan 18: 5
Due Date: 2026-07-21
Additional Comments: 4 cameras. Please provide the Surveillance IP Range (10.100xx) for the site. If one does not exist, the Surveillance IP Range will need to be created and added to the router and switches.
","07-13-2026 11:18:11 - (Work notes)
Created 10.100.114.144/28 IP Range for Surveillance
Gateway: 10.100.114.145
Subnet Mask: 255.255.255.240

Camera Ports:
3 6

NVR Ports:
7 vlan1
8 vlan18

07-09-2026 01:39:32 - (Work notes)
The required port configuration has been completed as per James's recommendation. We are now routing the ticket back to James for further Process .

-------------------------------------------------------------------------------------------------------
Gi1/0/3 Security Camera notconnect 18 auto auto 10/100/1000BaseTX
Gi1/0/4 Security Camera notconnect 18 auto auto 10/100/1000BaseTX
Gi1/0/5 Security Camera notconnect 18 auto auto 10/100/1000BaseTX
Gi1/0/6 Security Camera notconnect 18 auto auto 10/100/1000BaseTX
Gi1/0/7 NVR NIC1 VLAN1 notconnect 1 auto auto 10/100/1000BaseTX
Gi1/0/8 NVR NIC2 VLAN18 notconnect 18 auto auto 10/100/1000BaseTX

07-08-2026 11:52:29 - (Work notes)
ASSIGNING BACK TO PREVIOUS TICKET OWNER FOR NEXT STEPS:
1 - REVIEW AND CORRECT ALL SECURITY PORTS USING THE TEMPLATES BELOW
> default and config cam ports 3 - 6
> default and config NVR ports 7 & 8
> be sure to ""wr"" changes
2 - RE-ASSIGN BACK TO FAUBERT ONCE THIS IS COMPLETED FOR IP RANGE CREATION
// ---- + ---- + ---- ---- + ---- + ---- // ---- + ---- + ---- ---- + ---- + ---- //

NVR NIC 1
---- + ---- + ---- ---- + ---- + ----
int Gix/0/x
descr NVR NIC1 VLAN1


NVR NIC 2
---- + ---- + ---- ---- + ---- + ----
config t
default int Gix/0/x

int Gix/0/x
description NVR NIC2 VLAN18
spanning-tree portfast
switchport access vlan 18
load-interval 30
service-policy in QOS


Cam Ports
---- + ---- + ---- ---- + ---- + ----
default int Gix/0/x

int Gix/0/x
description Security Camera
spanning-tree portfast
switchport access vlan 18
load-interval 30
service-policy in QOS

07-08-2026 02:12:52 - (Work notes)
The required ports have been allocated, and our team is currently working on the internal subnet configuration. We will provide an update once the configuration is completed

Gi1/0/3,Gi1/0/4,Gi1/0/5,Gi1/0/6---Security Cameras
Gi1/0/7(Vlan18) Gi1/0/8(Vlan1)----NVR Cameras

Gi1/0/3 down down ""Security cameras""
Gi1/0/4 down down ""Security cameras""
Gi1/0/5 down down ""Security cameras""
Gi1/0/6 down down ""Security cameras""
Gi1/0/7 down down ""NVR cameras""
Gi1/0/8 down down ""NVR cameras""

",
RITM3428336,Closed Complete,,07-07-2026 15:38,07-13-2026 11:37:56,07-13-2026 11:37:56,Network Operations Center (NOC),,Camera Port Request - Location FEI1940 due 07/21/2026,"Requested by:
Requested by phone number:Requested for:
Requested for phone number:Location Number (ex. FEI0001): FEI9143
Locale: Ferguson TC
Requested For GID: ABG9071
Branch Location: FEI1940
Ports Needed for Vlan 1/101: 1
Ports Needed for Vlan 18: 4
Due Date: 2026-07-21
Additional Comments: 3 cameras. Please provide the Surveillance IP Range (10.100xx) for the site. If one does not exist, the Surveillance IP Range will need to be created and added to the router and switches.
","07-13-2026 11:37:56 - (Work notes)
Created 10.100.114.192/28 IP Range for Surveillance
Gateway: 10.100.114.193
Subnet Mask: 255.255.255.240

Camera Ports:
18 - 20

NVR Ports:
21 vlan1
22 vlan18

07-09-2026 01:20:29 - (Work notes)
The required port configuration has been completed as per James's recommendation. We are now routing the ticket back to James for further Process .

----------------------------------------------------------------------------------
Gi1/0/18 down down Security Camera
Gi1/0/19 down down Security Camera
Gi1/0/20 down down Security Camera
Gi1/0/21 down down NVR NIC1 VLAN1
Gi1/0/22 down down NVR NIC2 VLAN18
-----------------------------------------------------------------------------------

interface GigabitEthernet1/0/18
 description Security Camera
 switchport access vlan 18
 load-interval 30
 spanning-tree portfast edge
 service-policy input QOS
!
interface GigabitEthernet1/0/19
 description Security Camera
 switchport access vlan 18
 load-interval 30
 spanning-tree portfast edge
 service-policy input QOS
!
interface GigabitEthernet1/0/20
 description Security Camera
 switchport access vlan 18
 load-interval 30
 spanning-tree portfast edge
 service-policy input QOS
!
interface GigabitEthernet1/0/21
 description NVR NIC1 VLAN1
 switchport mode access
!
interface GigabitEthernet1/0/22
 description NVR NIC2 VLAN18
 switchport access vlan 18
 load-interval 30
 spanning-tree portfast edge
 service-policy input QOS

07-08-2026 11:54:39 - (Work notes)
ASSIGNING BACK TO PREVIOUS TICKET OWNER FOR NEXT STEPS:
1 - REVIEW AND CORRECT ALL SECURITY PORTS USING THE TEMPLATES BELOW
> default and config cam ports 18 - 20
> default and config NVR ports 21 & 22
> be sure to ""wr"" changes
2 - RE-ASSIGN BACK TO FAUBERT ONCE THIS IS COMPLETED FOR IP RANGE CREATION
// ---- + ---- + ---- ---- + ---- + ---- // ---- + ---- + ---- ---- + ---- + ---- //

NVR NIC 1
---- + ---- + ---- ---- + ---- + ----
int Gix/0/x
descr NVR NIC1 VLAN1


NVR NIC 2
---- + ---- + ---- ---- + ---- + ----
config t
default int Gix/0/x

int Gix/0/x
description NVR NIC2 VLAN18
spanning-tree portfast
switchport access vlan 18
load-interval 30
service-policy in QOS


Cam Ports
---- + ---- + ---- ---- + ---- + ----
default int Gix/0/x

int Gix/0/x
description Security Camera
spanning-tree portfast
switchport access vlan 18
load-interval 30
service-policy in QOS

07-08-2026 02:45:32 - (Work notes)
The required ports have been allocated, and our team is currently working on the internal subnet configuration. We will provide an update once the configuration is completed

Gi1/0/18,Gi1/0/19,Gi1/0/20---Security cameras
Gi1/0/21(Vlan18) Gi1/0/22(Vlan1)--------NVR Cameras

Gi1/0/18 down down ""Security cameras""
Gi1/0/19 down down ""Security cameras""
Gi1/0/20 down down ""Security cameras""
Gi1/0/21 down down ""NVR cameras""
Gi1/0/22 down down ""NVR cameras""

",
RITM3428324,Closed Complete,,07-07-2026 15:33,07-13-2026 11:23:35,07-13-2026 11:23:35,Network Operations Center (NOC),,Camera Port Request - Location FEI2648 due 07/21/2026,"Requested by:
Requested by phone number:Requested for:
Requested for phone number:Location Number (ex. FEI0001): FEI9143
Locale: Ferguson TC
Requested For GID: ABG9071
Branch Location: FEI2648
Ports Needed for Vlan 1/101: 1
Ports Needed for Vlan 18: 4
Due Date: 2026-07-21
Additional Comments: 3 cameras. Please provide the Surveillance IP Range (10.100xx) for the site. If one does not exist, the Surveillance IP Range will need to be created and added to the router and switches.
","07-13-2026 11:23:35 - (Work notes)
Created 10.100.114.160/28 IP Range for Surveillance
Gateway: 10.100.114.161
Subnet Mask: 255.255.255.240

Camera Ports:
11 13

NVR Ports:
14 vlan1
15 vlan18

07-09-2026 01:50:06 - (Work notes)
The required port configuration has been completed as per James's recommendation. We are now routing the ticket back to James for further Process .

------------------------------------------------------------------------------------------------------------
Gi1/0/11 Security Camera notconnect 18 auto auto 10/100/1000BaseTX
Gi1/0/12 Security Camera notconnect 18 auto auto 10/100/1000BaseTX
Gi1/0/13 Security Camera notconnect 18 auto auto 10/100/1000BaseTX
Gi1/0/14 NVR NIC1 VLAN1 notconnect 1 auto auto 10/100/1000BaseTX
Gi1/0/15 NVR NIC2 VLAN18 notconnect 18 auto auto 10/100/1000BaseTX

07-08-2026 12:02:00 - (Work notes)
ASSIGNING BACK TO PREVIOUS TICKET OWNER FOR NEXT STEPS:
1 - REVIEW AND CORRECT ALL SECURITY PORTS USING THE TEMPLATES BELOW
> default and config cam ports 11 - 13
> default and config NVR ports 14 & 15
> be sure to ""wr"" changes
2 - RE-ASSIGN BACK TO FAUBERT ONCE THIS IS COMPLETED FOR IP RANGE CREATION
// ---- + ---- + ---- ---- + ---- + ---- // ---- + ---- + ---- ---- + ---- + ---- //

NVR NIC 1
---- + ---- + ---- ---- + ---- + ----
int Gix/0/x
descr NVR NIC1 VLAN1


NVR NIC 2
---- + ---- + ---- ---- + ---- + ----
config t
default int Gix/0/x

int Gix/0/x
description NVR NIC2 VLAN18
spanning-tree portfast
switchport access vlan 18
load-interval 30
service-policy in QOS


Cam Ports
---- + ---- + ---- ---- + ---- + ----
default int Gix/0/x

int Gix/0/x
description Security Camera
spanning-tree portfast
switchport access vlan 18
load-interval 30
service-policy in QOS

07-08-2026 03:03:22 - (Work notes)
The required ports have been allocated, and our team is currently working on the internal subnet configuration. We will provide an update once the configuration is completed

Gi1/0/11,Gi1/0/12,Gi1/0/13-----------Security Cameras
Gi1/0/14(Vlan18) Gi1/0/15(Vlan1)----NVR Cameras

Gi1/0/11 down down ""Security cameras""
Gi1/0/12 down down ""Security cameras""
Gi1/0/13 down down ""Security cameras""
Gi1/0/14 down down ""NVR cameras""
Gi1/0/15 down down ""NVR cameras""

",
RITM3428327,Closed Complete,,07-07-2026 15:34,07-13-2026 11:30:37,07-13-2026 11:30:37,Network Operations Center (NOC),,Camera Port Request - Location FEI1659 due 07/21/2026,"Requested by:
Requested by phone number:Requested for:
Requested for phone number:Location Number (ex. FEI0001): FEI9143
Locale: Ferguson TC
Requested For GID: ABG9071
Branch Location: FEI1659
Ports Needed for Vlan 1/101: 1
Ports Needed for Vlan 18: 5
Due Date: 2026-07-21
Additional Comments: 4 cameras. Please provide the Surveillance IP Range (10.100xx) for the site. If one does not exist, the Surveillance IP Range will need to be created and added to the router and switches.
","07-13-2026 11:29:58 - (Work notes)
Created 10.100.114.176/28 IP Range for Surveillance
Gateway: 10.100.114.177
Subnet Mask: 255.255.255.240

Camera Ports:
30 33

NVR Ports:
34 vlan1
35 vlan18

07-09-2026 02:19:01 - (Work notes)
The required port configuration has been completed as per James's recommendation. We are now routing the ticket back to James for further Process .
----------------------------------------------------------------------------------------------
Gi1/0/30 Security Camera N/A Unknown Auto Down Off A 18
Gi1/0/31 Security Camera N/A Unknown Auto Down Off A 18
Gi1/0/32 Security Camera N/A Unknown Auto Down Off A 18
Gi1/0/33 Security Camera N/A Unknown Auto Down Off A 18
Gi1/0/34 NVR NIC1 VLAN1 N/A Unknown Auto Down Off A 1
Gi1/0/35 NVR NIC2 VLAN18 N/A Unknown Auto Down Off A 18

07-08-2026 11:46:00 - (Work notes)
ASSIGNING BACK TO PREVIOUS TICKET OWNER FOR NEXT STEPS:
1 - REVIEW AND CORRECT ALL SECURITY PORTS USING THE TEMPLATES BELOW
> default and config cam ports 30 - 33
> default and config NVR ports 34 & 35
> be sure to ""wr"" changes
2 - RE-ASSIGN BACK TO FAUBERT ONCE THIS IS COMPLETED FOR IP RANGE CREATION
// ---- + ---- + ---- ---- + ---- + ---- // ---- + ---- + ---- ---- + ---- + ---- //
NVR NIC 1
---- + ---- + ---- ---- + ---- + ----
int Gix/0/x
descr ""NVR NIC1 VLAN1""

NVR NIC 2
---- + ---- + ---- ---- + ---- + ----
config t
default Gigabitethernet x/0/x
y

int Gix/0/x
description ""NVR NIC2 VLAN18""
spanning-tree portfast
switchport access vlan 18
load-interval 30
service-policy in QOS

Cam Ports
---- + ---- + ---- ---- + ---- + ----
default Gigabitethernet x/0/x
y

int Gix/0/x
description ""Security Camera""
spanning-tree portfast
switchport access vlan 18
load-interval 30
service-policy in QOS

07-08-2026 02:33:16 - (Work notes)
The required ports have been allocated, and our team is currently working on the internal subnet configuration. We will provide an update once the configuration is completed

Gi1/0/31,Gi1/0/32,Gi1/0/33,Gi1/0/34---------Security cameras
Gi1/0/34(Vlan18) Gi1/0/35(Vlan1)---------------NVR Cameras

Gi1/0/30 Security camera N/A Unknown Auto Down Off A 18
Gi1/0/31 Security camera N/A Unknown Auto Down Off A 18
Gi1/0/32 Security camera N/A Unknown Auto Down Off A 18
Gi1/0/33 Security camera N/A Unknown Auto Down Off A 18
Gi1/0/34 NVR cameras N/A Unknown Auto Down Off A 18
Gi1/0/35 NVR cameras N/A Unknown Auto Down Off A 1

",
RITM3428341,Closed Complete,,07-07-2026 15:43,07-13-2026 11:42:22,07-13-2026 11:42:23,Network Operations Center (NOC),,Camera Port Request - Location FEI2596 due 07/21/2026,"Requested by:
Requested by phone number:Requested for:
Requested for phone number:Location Number (ex. FEI0001): FEI9143
Locale: Ferguson TC
Requested For GID: ABG9071
Branch Location: FEI2596
Ports Needed for Vlan 1/101: 1
Ports Needed for Vlan 18: 4
Due Date: 2026-07-21
Additional Comments: 3 cameras. Please provide the Surveillance IP Range (10.100xx) for the site. If one does not exist, the Surveillance IP Range will need to be created and added to the router and switches.
","07-13-2026 11:42:22 - (Work notes)
Created the following IP Range for Surveillance: 10.100.114.208/28
Gateway: 10.100.114.209
Subnet Mask: 255.255.255.240

Camera Ports:
17 - 19

NVR Ports:
20 vlan1
21 vlan18

07-09-2026 01:55:18 - (Work notes)
The required port configuration has been completed as per James's recommendation. We are now routing the ticket back to James for further Process .

------------------------------------------------------------------------------------------------------

Gi1/0/17 Security Camera notconnect 18 auto auto 10/100/1000BaseTX
Gi1/0/18 Security Camera notconnect 18 auto auto 10/100/1000BaseTX
Gi1/0/19 Security Camera notconnect 18 auto auto 10/100/1000BaseTX
Gi1/0/20 NVR NIC1 VLAN1 notconnect 1 auto auto 10/100/1000BaseTX
Gi1/0/21 NVR NIC2 VLAN18 notconnect 18 auto auto 10/100/1000BaseTX

07-08-2026 11:56:16 - (Work notes)
ASSIGNING BACK TO PREVIOUS TICKET OWNER FOR NEXT STEPS:
1 - REVIEW AND CORRECT ALL SECURITY PORTS USING THE TEMPLATES BELOW
> default and config cam ports 17 - 19
> default and config NVR ports 20 & 21
> be sure to ""wr"" changes
2 - RE-ASSIGN BACK TO FAUBERT ONCE THIS IS COMPLETED FOR IP RANGE CREATION
// ---- + ---- + ---- ---- + ---- + ---- // ---- + ---- + ---- ---- + ---- + ---- //

NVR NIC 1
---- + ---- + ---- ---- + ---- + ----
int Gix/0/x
descr NVR NIC1 VLAN1


NVR NIC 2
---- + ---- + ---- ---- + ---- + ----
config t
default int Gix/0/x

int Gix/0/x
description NVR NIC2 VLAN18
spanning-tree portfast
switchport access vlan 18
load-interval 30
service-policy in QOS


Cam Ports
---- + ---- + ---- ---- + ---- + ----
default int Gix/0/x

int Gix/0/x
description Security Camera
spanning-tree portfast
switchport access vlan 18
load-interval 30
service-policy in QOS

07-08-2026 02:55:30 - (Work notes)
The required ports have been allocated, and our team is currently working on the internal subnet configuration. We will provide an update once the configuration is completed

Gi1/0/17,Gi1/0/18,Gi1/0/19----------Security Cameras
Gi1/0/20(Vlan18) Gi1/0/21(Vlan1)-----NVR Cameras

Gi1/0/17 down down ""Security cameras""
Gi1/0/18 down down ""Security cameras""
Gi1/0/19 down down ""Security cameras""
Gi1/0/20 down down ""NVR cameras""
Gi1/0/21 down down ""NVR cameras""

",
RITM3428955,Closed Complete,,07-08-2026 13:10,07-08-2026 14:40,07-08-2026 14:28,Network Operations Center (NOC),,Camera Port Request - Location FEI0554 due 07/09/2026,"Requested by:
Requested by phone number:Requested for:
Requested for phone number:Location Number (ex. FEI0001): FEI6197
Locale: Ferguson TC
Requested For GID: AAM0609
Branch Location: FEI0554
Ports Needed for Vlan 1/101: 1
Ports Needed for Vlan 18: 7
Due Date: 07-09-2026
Additional Comments: This is an existing install with a private switch. The private switch has issues so it is time to move the cams to the company switch in the same rack if possible. should already be 3 ports in use for CCTV, the VLAN1 and VLAN18 for the recorder and one VLAN18 for the private switch. So, need 6 more VLAN18 ports to use for cams.
","07-08-2026 14:24:06 - (Work notes)
NVR PORTS
14 (vlan1)
20 (vlan18)

Camera Ports:
3, 5, 6, 8, 9, 11

07-08-2026 14:22:30 - (Work notes)
0554_NORCROSS_GA_2960XR_30#sh run int Gi1/0/5
Building configuration...

Current configuration : 329 bytes
!
interface GigabitEthernet1/0/5
 description Camera
 switchport access vlan 18
 switchport mode access
 load-interval 30
 srr-queue bandwidth share 1 25 70 5
 srr-queue bandwidth shape 3 0 0 0
 priority-queue out
 mls qos trust device cisco-phone
 mls qos trust cos
 spanning-tree portfast edge
 service-policy input QOS
end

---- + ---- + ---- ---- + ---- + ----
UPDATE CONFIGS
---- + ---- + ---- ---- + ---- + ----
config t
default int Gi1/0/20

int Gi1/0/20
description NVR NIC2 VLAN18
spanning-tree portfast
switchport access vlan 18
load-interval 30
service-policy in QOS

int Gi1/0/14
descr NVR NIC1 VLAN1

default int Gi1/0/3
default int Gi1/0/5
default int Gi1/0/6
default int Gi1/0/8
default int Gi1/0/9
default int Gi1/0/11

int Gi1/0/3
description Security Camera
spanning-tree portfast
switchport access vlan 18
load-interval 30
service-policy in QOS

int Gi1/0/5
description Security Camera
spanning-tree portfast
switchport access vlan 18
load-interval 30
service-policy in QOS

int Gi1/0/6
description Security Camera
spanning-tree portfast
switchport access vlan 18
load-interval 30
service-policy in QOS

int Gi1/0/8
description Security Camera
spanning-tree portfast
switchport access vlan 18
load-interval 30
service-policy in QOS

int Gi1/0/9
description Security Camera
spanning-tree portfast
switchport access vlan 18
load-interval 30
service-policy in QOS

int Gi1/0/11
description Security Camera
spanning-tree portfast
switchport access vlan 18
load-interval 30
service-policy in QOS

07-08-2026 14:21:07 - (Work notes)
Gi1/0/3 Branch-Surveillanc notconnect 18 auto auto 10/100/1000BaseTX
Gi1/0/5 Camera notconnect 18 auto auto 10/100/1000BaseTX
Gi1/0/6 Camera notconnect 18 auto auto 10/100/1000BaseTX
Gi1/0/8 Camera notconnect 18 auto auto 10/100/1000BaseTX
Gi1/0/9 Camera notconnect 18 auto auto 10/100/1000BaseTX
Gi1/0/11 Camera notconnect 18 auto auto 10/100/1000BaseTX
Gi1/0/14 NVR Server connected 1 a-full a-1000 10/100/1000BaseTX
Gi1/0/20 Camera notconnect 18 auto auto 10/100/1000BaseTX

",
RITM3428372,Closed Complete,,07-07-2026 15:58,07-09-2026 02:55,07-09-2026 01:49,Network Operations Center (NOC),,Camera Port Request - Location FEI0571 due 07/21/2026,"Requested by:
Requested by phone number:Requested for:
Requested for phone number:Location Number (ex. FEI0001): FEI9143
Locale: Ferguson TC
Requested For GID: ABG9071
Branch Location: FEI0571
Ports Needed for Vlan 1/101: 1
Ports Needed for Vlan 18: 5
Due Date: 2026-07-21
Additional Comments: 4 cameras. IP 10.100.6.192/27
","07-09-2026 01:49:38 - (Work notes)
Closure notes:

> remove description from Gi1/0/1 -- COMPLETED
> update 4 ports to correct ""Camera"" descriptions -- COMPLETED
> default Gi2/0/6 and config for general use / vlan 1 -- COMPLETED
2 - CONFIRM VLAN18 SUBNET IS CONFIGURED ON VERSA ROUTER -- CONFIRMED
3 - Email ticket POC via ServiceNow with verified ports & Update Shared Spreadsheet -- DONE (email sent via servicenow)
4 - OK TO CLOSE TICKET ONCE THE ABOVE IS DONE SINCE THE IP RANGE FOR THIS SITE IS ALREADY CONFIGURED


Logs

Gi1/0/11 Security Camera notconnect 18 auto auto 10/100/1000BaseTX
Gi1/0/12 Security Camera notconnect 18 auto auto 10/100/1000BaseTX
Gi1/0/13 Security Camera notconnect 18 auto auto 10/100/1000BaseTX
Gi1/0/15 Security Camera notconnect 18 auto auto 10/100/1000BaseTX


Gi1/0/16 NVR NIC2 VLAN18 notconnect 18 auto auto 10/100/1000BaseTX
Gi1/0/20 NVR NIC1 VLAN1 notconnect 1 auto auto 10/100/1000BaseTX

07-08-2026 11:16:24 - (Work notes)
ASSIGNING BACK TO PREVIOUS TICKET OWNER FOR NEXT STEPS:
1 - REVIEW AND CORRECT ALL SECURITY PORTS USING THE TEMPLATES BELOW
> remove description from Gi1/0/1
> update 4 ports to correct ""Camera"" descriptions
> default Gi2/0/6 and config for general use / vlan 1
2 - CONFIRM VLAN18 SUBNET IS CONFIGURED ON VERSA ROUTER
3 - Email ticket POC via ServiceNow with verified ports & Update Shared Spreadsheet
4 - OK TO CLOSE TICKET ONCE THE ABOVE IS DONE SINCE THE IP RANGE FOR THIS SITE IS ALREADY CONFIGURED
// ---- + ---- + ---- ---- + ---- + ---- // ---- + ---- + ---- ---- + ---- + ---- //

NVR NIC 1
---- + ---- + ---- ---- + ---- + ----
int Gix/0/x
descr NVR NIC1 VLAN1


NVR NIC 2
---- + ---- + ---- ---- + ---- + ----
config t
default int Gix/0/x

int Gix/0/x
description NVR NIC2 VLAN18
spanning-tree portfast
switchport access vlan 18
load-interval 30
service-policy in QOS


Cam Ports
---- + ---- + ---- ---- + ---- + ----
default int Gix/0/x

int Gix/0/x
description Security Camera
spanning-tree portfast
switchport access vlan 18
load-interval 30
service-policy in QOS

07-08-2026 02:33:57 - (Work notes)
Switchports has been configured

Gi1/0/11 NVR Server NIC2 - notconnect 18 auto auto 10/100/1000BaseTX
Gi1/0/12 NVR Server NIC2 - notconnect 18 auto auto 10/100/1000BaseTX
Gi1/0/13 NVR Server NIC2 - notconnect 18 auto auto 10/100/1000BaseTX
Gi1/0/15 ""NVR Server - NIC2 notconnect 18 auto auto 10/100/1000BaseTX
Gi1/0/16 ""NVR Server - NIC2 notconnect 18 auto auto 10/100/1000BaseTX

Gi1/0/20 ""NVR NIC1 VLAN1 notconnect 1 auto auto 10/100/1000BaseTX

",
RITM3426502,Closed Complete,,07-02-2026 00:51,07-08-2026 01:03,07-08-2026 01:03,Network Operations Center (NOC),,Reassign Internet port for WAVE Server,"Good morning — please reassign the following device from VLAN 18 to VLAN 1 / 101:
* Branch Number: 1056 - Thousand Oaks, CA
* IP Address: 10.100.26.71
* MAC Address: 60:cf:84:75:5a:1a","07-08-2026 01:03:44 - (Work notes)
Port 15 on switch .30 has been successfully configured as VLAN 1.


Logs:

1056_Thousand_Oaks_CA_2960XR_X-.30#sh run int Gi1/0/15
Building configuration...

Current configuration : 216 bytes
!
interface GigabitEthernet1/0/15
switchport mode access
load-interval 30
srr-queue bandwidth share 1 25 70 5
priority-queue out
mls qos trust device cisco-phone
mls qos trust cos
spanning-tree portfast
end

1056_Thousand_Oaks_CA_2960XR_X-.30#sh mac address-table interface Gi1/0/15
Mac Address Table
-------------------------------------------

Vlan Mac Address Type Ports
---- ----------- -------- -----
1 60cf.8475.5a1a DYNAMIC Gi1/0/15
Total Mac Addresses for this criterion: 1
1056_Thousand_Oaks_CA_2960XR_X-.30#

Hence closing this Request.

07-02-2026 01:08:29 - (Work notes)
Port 15 on switch .30 has been successfully configured as VLAN 1.


Logs:

1056_Thousand_Oaks_CA_2960XR_X-.30#sh run int Gi1/0/15
Building configuration...

Current configuration : 216 bytes
!
interface GigabitEthernet1/0/15
 switchport mode access
 load-interval 30
 srr-queue bandwidth share 1 25 70 5
 priority-queue out
 mls qos trust device cisco-phone
 mls qos trust cos
 spanning-tree portfast
end

1056_Thousand_Oaks_CA_2960XR_X-.30#sh mac address-table interface Gi1/0/15
 Mac Address Table
-------------------------------------------

Vlan Mac Address Type Ports
---- ----------- -------- -----
 1 60cf.8475.5a1a DYNAMIC Gi1/0/15
Total Mac Addresses for this criterion: 1
1056_Thousand_Oaks_CA_2960XR_X-.30#

",
RITM3428695,Closed Complete,,07-08-2026 09:53,07-08-2026 15:07,07-08-2026 15:07,Network Operations Center (NOC),,IP reservation for 3395,"Requested by:
Requested by phone number:Requested for:
Requested for phone number:Location Number (ex. FEI0001): FEI3395
Locale: Ferguson TC
Requested For GID: AAP1816
Affected System: Network
Title: IP reservation for 3395
Details of Issue, Request, or Question: I need to reserve an IP address for a new printer at 3395

Name - Xerox VersaLink
IP - 10.147.182.170
MAC - 9c934e92c6ac
Description - Marketing Xerox Color Printer
Please choose the best fit for this submission: Something needs to be setup or changed (or other general help)
","07-08-2026 15:07:46 - (Work notes)
IP address reserved for printer: 10.147.182.83

",
RITM3423749,Closed Incomplete,,06-25-2026 09:29:06,06-25-2026 09:29:17,06-25-2026 09:29:17,Network Operations Center (NOC),,Ferguson Guest network not allowing connections at 8395,"Requested by:
Requested by phone number:Requested for:
Requested for phone number:Location Number (ex. FEI0001): FEI3395
Locale: Ferguson TC
Requested For GID: AAP1816
Affected System: Network
Title: Ferguson Guest network not allowing connections at 8395
Details of Issue, Request, or Question: There was a network change about a month ago at 8395 and since then no users have been able to connect to Ferguson guest network
Please choose the best fit for this submission: Something that was working previously is now broken
","06-25-2026 09:29:17 - System (Work notes)
Cancelled - Converted to Incident INC2180572

06-25-2026 09:29:15 - System (Work notes)
This request has been converted to an incident. See close notes for incident number.?

",
RITM3422603,Closed Incomplete,,06-23-2026 10:23:33,06-28-2026 12:05:22,06-23-2026 10:23:51,Network Operations Center (NOC),,Computer won't connect through ethernet,"Requested by:
Requested by phone number:Requested for:
Requested for phone number:Location Number (ex. FEI0001): FEI2570
Locale: Ferguson TC
Requested For GID: ABJ1935
Affected System: Network
Title: Computer won't connect through ethernet
Details of Issue, Request, or Question: My computer will not connect to the internet through the ethernet. I have switched ethernet cords and restarted my computer multiple times but it still won't connect
Device asset tag: BSFVN64 - Dell Latitude 5550
Please choose the best fit for this submission: Something that was working previously is now broken
","06-23-2026 10:23:51 - System (Work notes)
Cancelled - Converted to Incident INC2178356

06-23-2026 10:23:50 - System (Work notes)
This request has been converted to an incident. See close notes for incident number.?

",
RITM3422645,Closed Incomplete,,06-23-2026 11:05:51,06-29-2026 13:06:02,06-23-2026 11:06:04,Network Operations Center (NOC),,Re-Enable the Active Directory DS Elevated (9 account),"Requested by:
Requested by phone number:Requested for:
Requested for phone number:Location Number (ex. FEI0001): FEI7021
Locale: Ferguson TC
Requested For GID: ABJ2070
Affected System: Network
Title: Re-Enable the Active Directory DS Elevated (9 account)
Details of Issue, Request, or Question: My 9 account is disabled due to inactivity, please reenable it
Please choose the best fit for this submission: Something that was working previously is now broken
","06-23-2026 11:06:04 - System (Work notes)
Cancelled - Converted to Incident INC2178435

06-23-2026 11:06:03 - System (Work notes)
This request has been converted to an incident. See close notes for incident number.?

",
RITM3427549,Closed Incomplete,,07-06-2026 14:36,07-06-2026 14:36,07-06-2026 14:36,Network Operations Center (NOC),,CONNECTION ISSUES,"Requested by:
Requested by phone number:Requested for:
Requested for phone number:Location Number (ex. FEI0001): FEI2894
Locale: Ferguson TC
Requested For GID: AAO7884
Affected System: Network
Title: CONNECTION ISSUES
Details of Issue, Request, or Question: VPN DISCONNECTION ON AND OFF, SLOW TRIL AND GENESYS NOT RESPONDING WITH ONE ANSWER BUTTON
Device asset tag: 39844C4 - Dell Dell Pro 16 Plus PB16250
Please choose the best fit for this submission: Something that was working previously is now broken
","07-06-2026 14:36:41 - System (Work notes)
Cancelled - Converted to Incident INC2188727

07-06-2026 14:36:40 - System (Work notes)
This request has been converted to an incident. See close notes for incident number.?

",
RITM3420616,Closed Incomplete,,06-17-2026 16:34:02,06-28-2026 11:05:23,06-17-2026 16:34:14,Network Operations Center (NOC),,No Longer Able to Clock in on the Time ClockKM34667,"Requested by:
Requested by phone number:Requested for:
Requested for phone number:Location Number (ex. FEI0001): FEI0986
Locale: Ferguson TC
Requested For GID: ABJ5794
Affected System: Network
Title: No Longer Able to Clock in on the Time ClockKM34667
Details of Issue, Request, or Question: Waterloo associates at the DC 0986 cannot clock in or out.
Please choose the best fit for this submission: Something that was working previously is now broken
","06-17-2026 16:34:14 - System (Work notes)
Cancelled - Converted to Incident INC2174585

06-17-2026 16:34:13 - System (Work notes)
This request has been converted to an incident. See close notes for incident number.?

",
RITM3424921,Closed Incomplete,,06-29-2026 10:49:09,06-29-2026 10:49:14,06-29-2026 10:49:14,Network Operations Center (NOC),,ERP (Jones Stephens e21) not able to connect to (89.207.166.20),"Requested by:
Requested by phone number:Requested for:
Requested for phone number:Location Number (ex. FEI0001): FEI9100
Locale: Ferguson TC
Requested For GID: AAP9157
Affected System: Network
Title: ERP (Jones Stephens e21) not able to connect to (89.207.166.20)
Details of Issue, Request, or Question: Connection is timing out causing any mail sent from ERP to fail.
Please choose the best fit for this submission: Something that was working previously is now broken
","06-29-2026 10:49:14 - System (Work notes)
Cancelled - Converted to Incident INC2182770

06-29-2026 10:49:13 - System (Work notes)
This request has been converted to an incident. See close notes for incident number.?

",
RITM3422287,Closed Incomplete,,06-22-2026 14:44:57,06-23-2026 16:01:03,06-22-2026 14:45:04,Network Operations Center (NOC),,JMV web server FEIPJAMESE21DB1 is no longer able to access FEIPJAMESE21WB1 via SQL server reporting.,"Requested by:
Requested by phone number:Requested for:
Requested for phone number:Location Number (ex. FEI0001): FEI9100
Locale: Ferguson TC
Requested For GID: AAP9157
Affected System: Network
Title: JMV web server FEIPJAMESE21DB1 is no longer able to access FEIPJAMESE21WB1 via SQL server reporting.
Details of Issue, Request, or Question: This is something that was previously working that is no longer working. This is in the JMV environment. Seeing firewall blocks between the 2 now on ports 1433 and 29003 that are needed between 10.58.165.68 and 10.58.226.12. Please assign to network security.
Please choose the best fit for this submission: Something that was working previously is now broken
","06-22-2026 14:45:03 - System (Work notes)
Cancelled - Converted to Incident INC2177655

06-22-2026 14:45:02 - System (Work notes)
This request has been converted to an incident. See close notes for incident number.?

",
RITM3427617,Closed Incomplete,,07-06-2026 15:31,07-06-2026 15:31,07-06-2026 15:31,Network Operations Center (NOC),,OUR WIFI IS NOT WORKING AND DOESN'T SHOW UP AS AN AVAILABLE OPTION TO CONNECT TO,"Requested by:
Requested by phone number:Requested for:
Requested for phone number:Location Number (ex. FEI0001): FEI0254
Locale: Ferguson TC
Requested For GID: AAA0118
Affected System: Network
Title: OUR WIFI IS NOT WORKING AND DOESN'T SHOW UP AS AN AVAILABLE OPTION TO CONNECT TO
Details of Issue, Request, or Question: Our WiFi is now working. When we browse to try to connect/reconnect, it's not showing as an option to connect to. Was it disconnected?
Please choose the best fit for this submission: Something that was working previously is now broken
","07-06-2026 15:31:55 - System (Work notes)
Cancelled - Converted to Incident INC2188806

07-06-2026 15:31:54 - System (Work notes)
This request has been converted to an incident. See close notes for incident number.?

",
RITM3421925,Closed Incomplete,,06-22-2026 08:44:26,07-05-2026 11:05,06-22-2026 08:44:32,Network Operations Center (NOC),,Half of our security cameras are not working,"Requested by:
Requested by phone number:Requested for:
Requested for phone number:Location Number (ex. FEI0001): FEI1926
Locale: Ferguson TC
Requested For GID: AAF0494
Affected System: Network
Title: Half of our security cameras are not working
Details of Issue, Request, or Question: All of our warehouse cameras are not coming back online
Please choose the best fit for this submission: Something that was working previously is now broken
","06-22-2026 08:44:32 - System (Work notes)
Cancelled - Converted to Incident INC2177025

06-22-2026 08:44:31 - System (Work notes)
This request has been converted to an incident. See close notes for incident number.?

",
RITM3428085,Closed Incomplete,,07-07-2026 12:04,07-07-2026 12:04,07-07-2026 12:04,Network Operations Center (NOC),,OCI Server - Columbia Pipe Supply - Unable to Reach Server,"Requested by:
Requested by phone number:Requested for:
Requested for phone number:Location Number (ex. FEI0001): FEI9149
Locale: Ferguson TC
Requested For GID: ABD9113
Affected System: Network
Title: OCI Server - Columbia Pipe Supply - Unable to Reach Server
Details of Issue, Request, or Question: Note: Affected System and Device Asset Tag are not correct. Options are greyed out and not selectable within the Self Service Incident Form
Affected System = Columbia Pipe Supply / Oracle OCI

JDE and DAS servers are unreachable. has a request from the sales team for JDE server data, but the link for JDE is giving him ""502 Bad Gateway"".

Server responds to ping, so someone will need to access the server to troubleshoot.

http://jde.feioc.columbiapipe.com:8081/jde/E1Menu.maf
IP Address: 10.95.18.90
Please choose the best fit for this submission: Something that was working previously is now broken
","07-07-2026 12:04:42 - System (Work notes)
Cancelled - Converted to Incident INC2189667

07-07-2026 12:04:39 - System (Work notes)
This request has been converted to an incident. See close notes for incident number.?

",
RITM3428731,Closed Incomplete,,07-08-2026 10:31,07-08-2026 10:31,07-08-2026 10:31,Network Operations Center (NOC),,Need to be able to use Google Lens on PC,"Requested by:
Requested by phone number:Requested for:
Requested for phone number:Location Number (ex. FEI0001): FEI1150
Locale: Ferguson TC
Requested For GID: ABH0965
Affected System: Network
Title: Need to be able to use Google Lens on PC
Details of Issue, Request, or Question: We use this all the time to identify products customers bring to us. For some reason, I'm getting an error when I try to upload an image. 403. That’s an error.

Your client does not have permission to get URL /search?vsrid=CJuS4YvNway2-AEQAhgBIiQ5ZDEzN2VmMi0zNTY2LTQyOTQtYjczMi0wMTA5NTg5MWYzMzkyeyICdWcoCkJzCi5sZmUtZHVtbXk6YWRiZTZjYmItZjFmNC00MDY5LWEzZWQtNmE0ZTgxYmQxNzAxEkEKPy9ibnMvdWcvYm9yZy91Zy9ibnMvbGVucy1mcm9udGVuZC1hcGkvcHJvZC5sZW5zLWZyb250ZW5kLWFwaS8xMziqyKzUpcOVAw&vsint=CAIqDAoCCAcSAggKGAEgATojChYNAAAAPxUAAAA_HQAAgD8lAACAPzABEOgHGO0FJQAAgD8&udm=26&lns_mode=un&source=lns.web.cntpubb&vsdim=1000,749&gsessionid=Z6oZyLDFxO3zlnBT3PwYjzh9ml1IMOMTKhlOGtk6coh6dWtiQsFl-Q&lsessionid=kUEaXs5b_BQM32DYP0Cm7OqxilSXiBhwPKys7KUZkr-BEpvct6PmIQ&lns_surface=44&lns_vfs=e&qsubts=1783521047921&biw=1000&bih=749&hl=en-US from this server. That’s all we know.
Please choose the best fit for this submission: Something that was working previously is now broken
","07-08-2026 10:31:57 - System (Work notes)
Cancelled - Converted to Incident INC2190631

07-08-2026 10:31:56 - System (Work notes)
This request has been converted to an incident. See close notes for incident number.?

",
RITM3427631,Closed Incomplete,,07-06-2026 15:43,07-13-2026 10:05:41,07-06-2026 15:43,Network Operations Center (NOC),,Jenkins Issue,"Requested by:
Requested by phone number:Requested for:
Requested for phone number:Location Number (ex. FEI0001): FEI9146
Locale: Ferguson TC
Requested For GID: ABE9972
Affected System: Network
Title: Jenkins Issue
Details of Issue, Request, or Question: Hi Team,
Jenkins is displaying a ""PAT Token 365 Days"" error even though I am using a token with a validity period of less than 365 days.
This configuration is working correctly on one Jenkins VM, but the same setup is failing on another Jenkins VM. Since both environments have identical configurations, I would appreciate assistance in identifying the cause of the issue.
Thank you.
Please choose the best fit for this submission: Something that was working previously is now broken
","07-06-2026 15:43:23 - System (Work notes)
Cancelled - Converted to Incident INC2188825

07-06-2026 15:43:21 - System (Work notes)
This request has been converted to an incident. See close notes for incident number.?

",
RITM3418774,Closed Incomplete,,06-15-2026 10:58:41,07-07-2026 13:06,06-15-2026 10:58:48,Network Operations Center (NOC),,INTERNET DROPPING IN WAREHOUSE,"Requested by:
Requested by phone number:Requested for:
Requested for phone number:Location Number (ex. FEI0001): FEI2567
Locale: Ferguson TC
Requested For GID: ABG6758
Affected System: Network
Title: INTERNET DROPPING IN WAREHOUSE
Details of Issue, Request, or Question: The internet keeps dropping in our warehouse, which kicks the associates out of Trilogie. These are ethernet lines and not WIFI. Could possibly be the circuit board in the attached picture. Please send a technician out to look at it.
Please choose the best fit for this submission: Something that was working previously is now broken
","06-15-2026 10:58:48 - System (Work notes)
Cancelled - Converted to Incident INC2171831

06-15-2026 10:58:46 - System (Work notes)
This request has been converted to an incident. See close notes for incident number.?

",
RITM3418144,Closed Incomplete,,06-12-2026 10:14,07-01-2026 08:05,06-12-2026 10:14,Network Operations Center (NOC),,"FEI2000 UPS Battery Backup System demonstrating fault error ""AVR Relay Weld""","Requested by:
Requested by phone number:Requested for:
Requested for phone number:Location Number (ex. FEI0001): FEI2000
Locale: Ferguson TC
Requested For GID: ABG9362
Affected System: Network
Title: FEI2000 UPS Battery Backup System demonstrating fault error ""AVR Relay Weld""
Details of Issue, Request, or Question: Issue: FEI2000's IDF right outside of the branch's sales counter is giving off a high-pitched noise and showing the following fault error ""AVR Relay Weld"".

Site Contact:

Operations Manager:

Email:
Phone:

Sales Support Manager:

Email:
Phone:
Please choose the best fit for this submission: Something that was working previously is now broken
","06-12-2026 10:14:55 - System (Work notes)
Cancelled - Converted to Incident INC2170671

06-12-2026 10:14:54 - System (Work notes)
This request has been converted to an incident. See close notes for incident number.?

",
RITM3419633,Closed Incomplete,,06-16-2026 13:12:53,07-06-2026 08:44,06-16-2026 13:13:00,Network Operations Center (NOC),,Digital Tags (433 offline and 82 unreachable) and Access points(2),"Requested by:
Requested by phone number:Requested for:
Requested for phone number:Location Number (ex. FEI0001): FEI0003
Locale: Ferguson TC
Requested For GID: AAP5600
Affected System: Network
Title: Digital Tags (433 offline and 82 unreachable) and Access points(2)
Details of Issue, Request, or Question: I have 433 digital tags showing offline, 82 tags unreachable and 2 access points that have been offline for at least 2 weeks now.
Please choose the best fit for this submission: Something that was working previously is now broken
","06-16-2026 13:13:00 - System (Work notes)
Cancelled - Converted to Incident INC2173258

06-16-2026 13:12:58 - System (Work notes)
This request has been converted to an incident. See close notes for incident number.?

",
RITM3421888,Closed Incomplete,,06-22-2026 07:17:56,06-22-2026 07:18:04,06-22-2026 07:18:04,Network Operations Center (NOC),,Issue with AnaplanXL pulling in multiple hierarchies which is erroring out key functions,"Requested by:
Requested by phone number:Requested for:
Requested for phone number:Location Number (ex. FEI0001): FEI9122
Locale: Ferguson TC
Requested For GID: AAQ1511
Affected System: Network
Title: Issue with AnaplanXL pulling in multiple hierarchies which is erroring out key functions
Details of Issue, Request, or Question: I selected Network as the affected system since Anaplan is not an option. My AnaplanXL formula pulls are failing with 'An item with the same key has already been added' in the Function Errors log. It's occurring inside XLSLookup when loading hierarchy members. Can you check whether the lists/hierarchies referenced by these formulas have duplicate member names, and whether our SSO configuration could be causing members to load twice? I attached a spreadsheet for reference on what I am using AnaplanXL for.
Device asset tag: 9HCHH84 - Dell Precision 5690
Please choose the best fit for this submission: Something that was working previously is now broken
","06-22-2026 07:18:04 - System (Work notes)
Cancelled - Converted to Incident INC2176882

06-22-2026 07:18:03 - System (Work notes)
This request has been converted to an incident. See close notes for incident number.?

",
INC2187685,Resolved,,07-03-2026 11:24,07-10-2026 12:09,,Network Operations Center (NOC),,FEI0925A || Hard Down || Local Power,0925A Site hard down,"07-07-2026 05:52:00 - (Work notes)
The site is up and operational from 3days
Closing this ticket
Attached is the screenshot

07-03-2026 11:30:17 - (Work notes)
Reached out to on Teams to verify the physical status and Power to the device and waiting for update.

07-03-2026 11:24:17 - (Work notes)
Site is hard down the versa and switch are not reachable
We will reach out to BM to verify the Power and physical status of devices

",
INC2192131,Resolved,,07-09-2026 15:06,07-09-2026 15:19,,Network Operations Center (NOC),,FEI2278| Hard down | Start time :7/9/2026 6:03 PM,"FEI2278| Hard down | Start time :7/9/2026 6:03 PM

A Hard Down alert was received for Site 2278 in the SolarWinds dashboard. Initial investigation showed that all network devices at the site were unreachable and not responding to ICMP pings. However, both the Versa SD-WAN device and Meraki appliance were showing online status, and the ISP gateway was reachable, indicating that WAN connectivity was available.","07-09-2026 15:19:02 - (Work notes)
Received Hard Down alert for Site 2278 via SolarWinds.
Verified that all network devices were unreachable and not responding to ping.
Observed that Versa and Meraki devices remained online, and the ISP gateway was reachable.
Contacted the Branch Manager, who confirmed the site outage.
Performed remote reboot of the site switch and Versa device.
After the reboot, all network devices came back online and became reachable.
Confirmed site connectivity was restored and services were functioning normally.
Monitored the site for stability and observed no further issues.
Incident resolved and site returned to normal operation.

",
INC2190265,Resolved,,07-08-2026 03:12,07-13-2026 02:36:23,,Network Operations Center (NOC),,Site hard down || 2829 || 07/07/2026 20:17:08,Site hard down || 2829 || 07/07/2026 20:17:08,"07-08-2026 03:13:54 - (Work notes)
Issue: - Branch hard down
Action Taken: The site is hard down, Both link went at a same time Have to perform the Layer-1,Suspecting power outage. We have left a message with BM to perform Layer 1 troubleshooting
Follow-Up Actions: kindly do follow-up BM, during business Hours

",
INC2193423,Resolved,,07-13-2026 06:11:13,07-13-2026 09:46:01,,Network Operations Center (NOC),,RF devices loosing connection,"RF devices are dropping network connection with a certain area of the warehouse

Issue started around 6AM EST

Nearest AP - AP156

Branch 236/BEATT1
CB -","07-13-2026 09:44:49 - (Work notes)
By looking further the error that was appearing on the AP's were 802.1X failure. Which means that it needed radius authentication.
Reached out to the specific team and got those AP's added to the ISE and after adding it reached out to Carlos Esparza and got the confirmation that they are back up and running.
Closing this out.

07-13-2026 06:43:49 - (Work notes)
Reached out the NOC

The NOC performed a reboot to all 3 APs AP157-AP159

The NOC informed that the APs will need to be added to the ISE Portal. The tech that added the APs are not currently in at the moment.

APs will be added sometime around 9AM EST which then they will reach back out to the branch.

",
INC2192086,Resolved,,07-09-2026 14:37,07-10-2026 10:18,,Network Operations Center (NOC),,No network in Shipping Area,"Ryan O'Neil out at 0501 submitted the following ServiceChannel ticket today:
Internet is down in UPS Shipping and receiving office
Select work order priority: Urgent: Meaningful impact to operations or potential safety risk /
Internet went down in our UPS and receiving office yesterday afternoon (07/08) and has not come back. It is still working in the rest of the building. However we need this corrected ASAP as we can not process the UPS shipments or receiving's
We have power at the ethernet ports but no internet connection coming through. We recently had HVAC work done in that area and think some wires may have accidently been disconnected.

POC James Broyles Jr

","07-10-2026 10:18:52 - (Work notes)
Spoke with Jim and he confirms everything is back to working now

07-10-2026 10:01:11 - (Work notes)
Reaching out to Jim Broyles to confirm all devices in shipping area are operational in a network capacity

07-10-2026 09:14:52 - (Work notes)
rna / lvm requesting update / confirmation of resolution

07-10-2026 09:10:56 - (Work notes)
Reaching out to Kyle Williams to confirm all devices have a network connection now

07-09-2026 18:25:52 - (Work notes)
Tech will be re-terminating these drops from the MDF (200 ft away) to the IDF (right outside the office)
Initially it was thought that only 3 drops needed to be repaired
later it was determined that 6 drops total needed to be moved from MDF to IDF
drops were terminated successfully and site tested successfully

07-09-2026 14:55:48 - (Work notes)
of course they close at 4
 and Ryan is OOO until 7/14 so I am trying to find someone else

07-09-2026 14:40:03 - (Work notes)
All switches for the site show up

07-09-2026 14:38:15 - (Work notes)
Reported this issue to 0501 Refresh chat, crew on site confirms that the impacted area has not been worked on yet
Requested TW send tech out to the site to investigate the issue

07-09-2026 14:37:05 - (Work notes)
Ryan O'Neil out at 0501 submitted the following ServiceChannel ticket today:
Internet is down in UPS Shipping and receiving office
Select work order priority: Urgent: Meaningful impact to operations or potential safety risk /
Internet went down in our UPS and receiving office yesterday afternoon and has not come back. It is still working in the rest of the building. However we need this corrected ASAP as we can not process the UPS shipments or receiving's
We have power at the ethernet ports but no internet connection coming through. We recently had HVAC work done in that area and think some wires may have accidently been disconnected.


",
INC2190011,Resolved,,07-07-2026 15:45,07-08-2026 14:27,,Network Operations Center (NOC),,Branch Hard Down || FEI:0092 || 07/07/2026 15:13:22,"All the devices at the branch are down.

PS C:\Users\ABJ6578> ping 10.159.0.92

Pinging 10.159.0.92 with 32 bytes of data:
Request timed out.
Request timed out.
Request timed out.
Request timed out.

Ping statistics for 10.159.0.92:
 Packets: Sent = 4, Received = 0, Lost = 4 (100% loss),","07-08-2026 14:27:36 - (Work notes)
Branch went down due to the local power issue, now all devices are up and operational.

PS C:\Users\ABJ6578> ping 10.159.0.92

Pinging 10.159.0.92 with 32 bytes of data:
Reply from 10.159.0.92: bytes=32 time=348ms TTL=60
Reply from 10.159.0.92: bytes=32 time=349ms TTL=60
Reply from 10.159.0.92: bytes=32 time=335ms TTL=60
Reply from 10.159.0.92: bytes=32 time=340ms TTL=60

Ping statistics for 10.159.0.92:
 Packets: Sent = 4, Received = 4, Lost = 0 (0% loss),
Approximate round trip times in milli-seconds:
 Minimum = 335ms, Maximum = 349ms, Average = 343ms

07-07-2026 15:45:01 - (Work notes)
All the devices at the branch are down. BM confirmed that there is a power issue in the area and ETA is 6:45 PM LOCAL TIME.

PS C:\Users\ABJ6578> ping 10.159.0.92

Pinging 10.159.0.92 with 32 bytes of data:
Request timed out.
Request timed out.
Request timed out.
Request timed out.

Ping statistics for 10.159.0.92:
 Packets: Sent = 4, Received = 0, Lost = 4 (100% loss),

",
INC2192424,Resolved,,07-10-2026 04:51,07-11-2026 04:20,,Network Operations Center (NOC),,Site hard down | FEI003 | Start time: 07/10/2026 03:39:04 | End time:,site down,"07-11-2026 04:20:41 - (Work notes)
Site is up and stable.
RFO: PO

07-10-2026 04:52:51 - (Work notes)
BM showing OOO, need to find other POC from site and check further.

07-10-2026 04:51:04 - (Work notes)
GW not reachable, suspecting PO as both circuit went down same time.
Reached BM for power status, waiting reply.

",
INC2187829,Resolved,,07-04-2026 19:41,07-09-2026 15:22,,Network Operations Center (NOC),,Site Hard down | FEI1609 | start time : 07/04/2026 17:04:33,Site Hard down | FEI1609 | start time : 07/04/2026 17:04:33,"07-09-2026 15:22:36 - (Work notes)
>>Site came up and running good
>>hence closing this case

07-04-2026 19:41:56 - (Work notes)
Site closed during weekends, suspecting power outage due to US holiday.
Follow-up required on business hours.

",
INC2190227,Resolved,,07-07-2026 19:58,07-08-2026 14:57,,Network Operations Center (NOC),,FEI2779 || Hard down || Starting time : 07/07/2026 17:57:54 EST Ending time 07/08/2026 02:33:29 AM EST,FEI2779 || Hard down || Starting time : 07/07/2026 17:57:54 EST,"07-07-2026 20:00:02 - (Work notes)
The Router is down due to power outage and no ETA.

",
INC2188290,Resolved,,07-06-2026 10:09,07-13-2026 11:33:47,,Network Operations Center (NOC),,Site is hard down - Back online on INET 01. INET02 is currently down,Site is hard down - Both ISP Comcast and AT&T link is down.,"07-10-2026 11:44:37 - (Work notes)
from comcast modem - yellow cable is going to at&t box AT&T BGW320 - Comcast is configured as DHCP
>>since Antonio Cavaliere did not have desktop to connect that comcast cable to laptop
>>Antonio will check with BM if they can use there laptop to troubleshoot
if we are getting internet on comcast modem , we need to remove the DIGI connected on 22 ,with comcast

need to verify the

Gi1/0/22 DMVPN backup connected 3 a-full a-1000 10/100/1000BaseTX
Gi1/0/23 ROUTER (Gi0/1, VLA connected trunk a-full a-1000 10/100/1000BaseTX
Gi1/0/24 ROUTER (Gi0/0) connected trunk a-full a-1000 10/100/1000BaseTX

07-10-2026 10:48:51 - (Work notes)
from comcast modem - yellow cable is going to at&t box

need to connect this yellow cable to laptop and see if is the right connection

07-10-2026 09:53:38 - (Work notes)
DSR note
-------------
the maintenance completed and replaced equipment. Modem is online with an uptime of 18h and showing no connected devices at this time.
============
further checking with site if they can remove the digi which is plugged on 22 and connect the cable from modem to port 22

07-10-2026 06:16:12 - (Work notes)
DSR contacted us and informed us that the modem has not been replaced. However, they replaced another piece of equipment connected to the modem. The modem is powered on, but it is currently showing a ""No Link Connected"" status.

07-09-2026 08:17:04 - (Work notes)
The AT&T INET02 circuit connected on Versa Port 3 is up from 18 hours.
Tech reached the site and he connected the Comcast link connected directly to his latop and set DHCP but still internet not working and not getting IP addresses. We need to work with DSR and Provider to fix the issue.
Once its fixed and get confirmation from Provider end we need to connected the comcast link to switch Port 22 and validate the INET01 connection.
Currently digi is connected on port 22 of the switch.

07-08-2026 13:20:40 - (Work notes)
Both the circuits are now up and operational, we will keep this under monitoring. If it will be stable then we can go ahead and close the case.

",
INC2187950,Resolved,,07-06-2026 06:25,07-08-2026 11:52,,Network Operations Center (NOC),,Down branch network,"Is there a parent/problem or currently active ticket for this specific issue (Y/N)?? N

Issue Description: Internet and phones are down at the branch - noticed ~5:30am



FEI5927","07-07-2026 12:06:35 - (Work notes)
Site confirms that the tech is on site

07-07-2026 12:03:16 - (Work notes)
awaiting tech to arrive on site

07-07-2026 12:01:46 - (Work notes)
Oluwaseyi Oyesiku


7/7 @ 11:30 AM

07-07-2026 11:04:26 - (Work notes)
Spoke with Richard and he confirms the router is on site and one of his guys installed it on the rack and connected cables but they still dont have internet yet so cabling is probably misconnected

07-07-2026 11:04:11 - (Work notes)
Reaching out to to provide an update on dispatch

07-06-2026 14:39:25 - (Work notes)
From:
Sent: Monday, July 6, 2026 2:39 PM
To:
Cc: #FEI-NOC
Subject: *** URGENT *** 5927 PHILADELPHIA PA - Need tech on site for Versa Swap 7/7 10:30 AM| INC2187950

Greetings,

We need a tech on site TOMORROW Tuesday 7/7 at or as close to 10:30am for a Versa Router swap
GLS is sending out a replacement router via 1Z87335E2472955089 which for the time being will just show ""label created"". Shipping details should available later this evening after UPS picks up the package.


Tech will need to have the following:
Laptop & Charging cable
Laptop should have built in Ethernet NIC /or/ USB Ethernet adapter/dongle 1Gb capable
Cellular Hotspot & Cell Charger
Console cable & Console drivers installed
putty



[[ CONTACT INFORMATION ]]
On Site Primary Contact: / / /
On Site Secondary Contact:
Primary Technical Contact: Ferguson Network Ops Dept , Opt 1
Secondary Technical Contact: /

[[ LOCATION ]]
ADDRESS: 2520 Snyder Ave, Philadephia, PA 19145-3101
HOURS:
TZ: EST

07-06-2026 14:30:50 - (Work notes)
From: NOC Escalations
Sent: Monday, July 6, 2026 2:29 PM
To: NOC Escalations ; ;
Cc: NOC Engineering ; #FEI-NOC ; GLS Network Operations Center
Subject: Re: INC2187950|| Branch - 5927 || RMA

Caution: This email originated from outside of the organization. DO NOT click links or open attachments unless you recognize or trust the sender.
ETA is 7/7/26 by 10:30 AM

07-06-2026 14:28:29 - (Work notes)
Reaching out to gls escalations line, requesting shipping delivery time for 1Z87335E2472955089 so that we can submit a Dispatch request for this router swap

07-06-2026 11:15:31 - (Work notes)
Sent am email to GLS team for RMA updates.

07-06-2026 11:15:15 - (Work notes)
Hi GLS Team,

As per the latest ticket update, an RMA has been requested for the router at Branch 5927.Could you please provide the estimated delivery date/time for the replacement device so that we can schedule a technician visit accordingly? Additionally, please share the correct UPS tracking number so that we can track the shipment.

Thank you for your assistance

07-06-2026 08:13:43 - (Work notes)
We spoke with the Branch Manager and confirmed that the branch has two ISP circuits. Both ISP gateways are reachable. We completed all Layer 1 troubleshooting steps, including rebooting the modems, swapping cables, and reseating the connections between the modem, switch, and Versa device. However, the issue persists.
Based on our troubleshooting, we suspect a hardware issue with the Versa device. We contacted the GLS team, informed them of our findings, and requested an RMA. GLS will perform their initial troubleshooting, and if the issue cannot be resolved, they will proceed with the RMA process.

07-06-2026 06:26:32 - (Work notes)
-- consult noc

",
INC2190270,Resolved,,07-08-2026 03:57,07-11-2026 04:22,,Network Operations Center (NOC),,Switch down | FEI0609/2800 | Start time: 07/08/26 1:19 AM | IDF down,"0609/2800 - Bronze	2800-Bakersfield-CA-2960X-31	10.134.224.31	","07-11-2026 04:22:10 - (Work notes)
Switch has come up and stable.
RFO : PO

07-08-2026 03:57:54 - (Work notes)
IDF switch 0609/2800 - Bronze	2800-Bakersfield-CA-2960X-31	10.134.224.31 is down
would need to check with BM for power/physical verification.

",
INC2190308,Resolved,,07-08-2026 06:54,07-08-2026 11:51,,Network Operations Center (NOC),,FEI0083 || Site is Harddown,FEI0083 || Site is Harddown,"07-08-2026 07:06:37 - (Work notes)
Reached out to DSR and got an update saying that there is an ongoing outage for spectrum and ETA is 10AM EST.

07-08-2026 06:54:10 - (Work notes)
working on this

",
INC2189598,Resolved,,07-07-2026 11:24,07-10-2026 12:04,,Network Operations Center (NOC),,FEI1263 || Hard down || Local Power,FEI1263 Site hard down,"07-09-2026 11:57:29 - (Work notes)
The site is up and operational
Closing this ticket

07-07-2026 11:28:10 - (Work notes)
Branch Manager Benjamin Smith is OOO and reaching out to Roberto Garcia to check the devices

07-07-2026 11:24:36 - (Work notes)
FEI1263 Site hard down
The Versa and switches are down.
Reaching out to BM to check the Power to the devices

",
INC2182022,Resolved,,06-26-2026 15:19:39,07-09-2026 09:36,,Network Operations Center (NOC),,Docking Station connectivity issues,"AA: ABI6438
Callback:
Location: FEI0407
Remote (Y/N)? N
Email:


Computer Service Tag: FDM7B54
Precision 5690

Docking Station > Service tag > 1C3J5F3 > Warranty: Basic Support ? Ended on October 11, 2024
Issue: Laptop having issues connecting to wifi or Ethernet connecting when connecting to docking station in question.
Ethernet does not have connection lights when plugged in.
Wall port DATA-27

 Connection-specific DNS Suffix . :
 Description . . . . . . . . . . . : Realtek USB 2.5GbE Family Controller
 Physical Address. . . . . . . . . : 10-98-19-58-E0-31
 DHCP Enabled. . . . . . . . . . . : Yes
 Autoconfiguration Enabled . . . . : Yes
 Link-local IPv6 Address . . . . . : fe80::ab59:9ab2:aede:a875%17(Preferred)
 Autoconfiguration IPv4 Address. . : 169.254.70.99(Preferred)
 Subnet Mask . . . . . . . . . . . : 255.255.0.0
 Default Gateway . . . . . . . . . :
 DHCPv6 IAID . . . . . . . . . . . : 688953369
 DHCPv6 Client DUID. . . . . . . . : 00-01-00-01-2F-2B-05-CF-10-98-19-58-E0-31
 NetBIOS over Tcpip. . . . . . . . : Enabled","07-09-2026 09:36:22 - (Work notes)
Closing this out.

06-30-2026 08:13:32 - (Work notes)
tech arrived at the branch
port 27 was bad and repatched it to 36
port 28 patched to port 9

connection from wall port was checked and worked.
and confirmed with user

06-29-2026 10:18:54 - (Work notes)
Reached out to and had him to connect to any other available wall port, we connected to port 25 on the wall and it started working, internet is fine and he is able to access the applications as well.

He needed a tech on site to fix the port 27 and 28 as those ports are bad.
We'll go ahead and send a tech on site to look into it.

06-29-2026 09:24:47 - (Work notes)
-- receive call referencing this ticket - associate is still unable to connect to internet
-- direct to board reset dock
-- network reset laptop
-- ethernet is showing connected but nothing is loading
-- test with alternate cable
-- test with alternate computer plugged into dock
-- swap to alternate wall port
-- consulting noc

06-29-2026 09:21:30 - (Work notes)
The new docking station did not work.
Testing the port with multiple computers did not work.
Two docking stations have been tested and both do not have ethernet.

06-29-2026 08:53:26 - (Work notes)
Got on call with the user and got the information saying that they are facing the issue in connecting to the internet.
We check the ports which seems to be fine, changed the port on the switch site and the lights were green.
Lights on the docking station seems to be up and fine.
Reset the docking station, still no luck. Lights were on still was not able to access the applications.

The Docking station has been newly swapped this morning.
-Suggesting to update laptop drivers, BIOS and Operating System.
-Confirm your laptop supports Thunderbolt connectivity.
-Connect the Thunderbolt cable from the docking station to your laptop.


If after doing all the above steps the issue persists reach back to us.

06-29-2026 08:19:21 - (Work notes)
Confirmed the issue is with the port, transferring to NOC for troubleshooting.

06-29-2026 08:18:37 - (Work notes)
Associate has replaced their docking station they are still having the same issue.
Associate connected their laptop to another dock at another desk and they have internet there.

Ethernet cable does not have lights in the dock.
Dock ethernet goes directly into the wall.
Other computers and devices do not have internet from this wall port.
Wall port DATA-27
ipconfig has non-standard ip address


06-26-2026 16:10:12 - (Work notes)
Having associate attempt to hard reset the docking station.
A system board reset for a docking station can solve various issues, including monitor connection issues.

Unplug all cords and devices from the docking station (including your laptop and the power cable).
Press and hold the power button on the docking station for sixty seconds.
Reconnect all cables and devices, then check to see if the issue is resolved.

> Appears to still be having issues connecting to Ethernet. Icon just flashing on PC
Remoted into PC
Checked for updates via Dell command and Windows updates > Both needed
Rebooting PC
Checking Ethernet on docking station > Pc notifying the cable but still no internet
Opened CMD > ipconfig
Pinged the Lan connection address > Successful

Checking Dell command update > 9 updated needed again > Running

Checking for service tag of docking station
Accessed Dell support site to see if in Warranty> Warranty: Basic Support ? Ended on October 11, 2024
Advising associate to reach out to their Branch ?Manager and/or Branch Asset manager to request a new docking station.

Confirmed associate plans to reach out to their Branch manager and or Branch asset manager to request a new docking station. Will reboot after Dell command updates complete to see if Ethernet cable is working after.

",
INC2176010,Resolved,,06-19-2026 09:06:22,07-10-2026 15:22,,Network Operations Center (NOC),,FEI1276 |continued internet loss,"Requested by:
Requested by phone number:Requested for:
Requested for phone number:Location Number (ex. FEI0001): FEI1276
Locale: Ferguson TC
Requested For GID: ABF9926
Affected System: Network
Title: continued internet loss
Details of Issue, Request, or Question: internet looses connection regularly causing phone / software issues
Please choose the best fit for this submission: Something needs to be setup or changed (or other general help)
","07-10-2026 15:22:26 - (Work notes)
>>Mikel confirmed site is running good
>>hence closing this case

07-09-2026 16:33:41 - (Work notes)
>>Site is stable after verified INET2 has setup as DHCP and standby
>>waiting for Site BM confirmation to close this case
>>last GLS case is closed now

07-01-2026 18:35:13 - (Work notes)
>>Still GLS Team is working on INET02 if set as standby

06-30-2026 13:59:18 - (Work notes)
Current status:
GLS disconnected the modem from port 3 of the Versa and reconnected it to switchport 22.

They did not reconnect the Digi to port 3.
As while the Digi is disconnected there are no disconnects
They are suspecting Inet 02 is probably not set as a backup and they are checking with next level
Refer to MAC ticket #: 74181

06-26-2026 17:10:31 - (Work notes)
>>as per BM He had change a connection back to previous with the help of GLS and wants to monitor it for the next week

06-25-2026 20:00:05 - (Work notes)
>>Contacted BM for further updates on this
>>wafting BM response

06-24-2026 18:05:40 - (Work notes)
>>GLS is working on this for further and scheduled a call with Customer as per GLS case 12199062
>>waiting for further updates on this

06-23-2026 17:12:01 - (Work notes)
Checked with Mikel: the site is stable after connecting the ISP to port 3 on the Versa, bypassing the switch. The issue was observed only today, and he suspects last night's storm may have caused a power outage, leading to today's issue.

Coordinating with GLS—if required, they can revert to the previous setup (ISP ? switch ? Versa) for further monitoring.

06-20-2026 18:18:00 - (Work notes)
>>need to follow-up on Monday

06-19-2026 13:42:42 - (Work notes)
Contacted BM to confirm if the Lumen circuit has remained stable for the past 5+ days
Awaiting BM confirmation on stability from their end
BM is currently OOO today

06-19-2026 12:16:09 - (Work notes)
As per the GLS update, the Versa connections are as follows:

Port 0: Connected to switch port 23
Port 1: Not connected
Port 2: Connected to switch port 24
Port 3: Connected to the INET01 Lumen circuit
Port 4: Not connected

INET02 (ATT) is currently disconnected. All network traffic is currently routing through the Lumen circuit connected to Versa port 3.

06-19-2026 09:08:14 - (Work notes)
RITM3411132 this request has been converted to Inc

06-19-2026 09:06:22 - (Work notes)
This incident was generated from Request: RITM3411132

",
INC2189992,Resolved,,07-07-2026 15:34,07-08-2026 14:31,,Network Operations Center (NOC),,Network outage.,"Associate reporting ""rack that holds their network switches"" is offline","07-08-2026 14:31:47 - (Work notes)
Switch went down due to which users lost the internet connectivity, after reboot got the connection back hence proceeding towards the closure of this case.

PS C:\Users\ABJ6578> ping 10.150.244.41

Pinging 10.150.244.41 with 32 bytes of data:
Reply from 10.150.244.41: bytes=32 time=342ms TTL=59
Reply from 10.150.244.41: bytes=32 time=329ms TTL=59
Reply from 10.150.244.41: bytes=32 time=331ms TTL=59
Reply from 10.150.244.41: bytes=32 time=338ms TTL=59

Ping statistics for 10.150.244.41:
 Packets: Sent = 4, Received = 4, Lost = 0 (0% loss),
Approximate round trip times in milli-seconds:
 Minimum = 329ms, Maximum = 342ms, Average = 335ms

",
INC2191339,Resolved,,07-08-2026 20:28,07-08-2026 20:31,,Network Operations Center (NOC),,Switch is down || Starting time: 07/08/26 6:43 PM EST,3148_The_Dalles_OR_2960XR-30.na.sys.ds.wolseley.com || 10.133.136.30,,
INC2180351,Resolved,,06-25-2026 05:24:17,07-09-2026 02:20,,Network Operations Center (NOC),,INET02 is down | FEI3043,"INET02 is down, GW is not pinging.","07-09-2026 02:20:15 - (Work notes)
INET02 is back online and has remained stable under monitoring for the past 24 hours.

Please find the screenshot below for your reference. As the issue has been resolved, we are closing this incident.

06-26-2026 10:17:19 - (Work notes)
We are still observing that the DIA circuit is down on the Versa router.
As per the GLS, AT&T is currently working with a third-party vendor to resolve the issue. However, there is no ETA available at this time

06-26-2026 10:17:08 - (Work notes)
We are still observing that the DIA circuit is down on the Versa router.
As per theGLS, AT&T is currently working with a third-party vendor to resolve the issue. However, there is no ETA available at this time.

06-25-2026 05:27:09 - (Work notes)
INET02 is showing down. ATT ckt is showing down.

ATT Public Ip:
12.50.202.138

C:\Users\ABJ5032>ping 12.50.202.138

Pinging 12.50.202.138 with 32 bytes of data:
Request timed out.
Request timed out.
Request timed out.
Request timed out.

Ping statistics for 12.50.202.138:
 Packets: Sent = 4, Received = 0, Lost = 4 (100% loss),

C:\Users\ABJ5032>

",
INC2190116,Resolved,,07-07-2026 17:20,07-08-2026 12:04,,Network Operations Center (NOC),,Network issue for device,"AA: AAC8415
Callback:
Location: 2510
Remote (Y/N)?
Email:

Asset Tag/Service Tag/Device Name:
Serial Number:
Make and Model of the Device:

Issue: Having network connection issues with laptop

","07-08-2026 12:04:47 - (Work notes)
reached out to contact
Confirmed issue was resolved after plugging ethernet into docking station
No further issues

07-08-2026 10:22:07 - (Work notes)
Following up on ticket
Checking switch for device using Mac: E8-CF-83-C4-35-6F

Verifying details:
Laptop mac: E8-CF-83-C4-35-6F
Dock mac: AC-B4-80-BE-A2-51
incorrect address being received from wireless NIC and wired NIC
Device connected on switchport Gi1/0/3
Port does also show negotiation at 100mb
Will need to confirm layout if deskphone is connected as well
Reached out to manager as Kenneth is out of office

07-07-2026 18:03:53 - (Work notes)
warm transfer to NOC


07-07-2026 17:50:13 - (Work notes)
if laptop is moved to a different location and connected to a different ethernet port it is able to connect.

07-07-2026 17:49:35 - (Work notes)
has tried swapping the ethernet cable and there was no change

07-07-2026 17:47:54 - (Work notes)
getting an invalid IP address on Ethernet 169.254.214.66

07-07-2026 17:42:25 - (Work notes)
C:\Windows\System32>ipconfig /all

Windows IP Configuration

 Host Name . . . . . . . . . . . . : FEI5GTCP74
 Primary Dns Suffix . . . . . . . : pc.na.sys.ds.wolseley.com
 Node Type . . . . . . . . . . . . : Hybrid
 IP Routing Enabled. . . . . . . . : No
 WINS Proxy Enabled. . . . . . . . : No
 DNS Suffix Search List. . . . . . : pc.na.sys.ds.wolseley.com
 na.sys.ds.wolseley.com
 sys.ds.wolseley.com
 wca.ds.wolseley.com
 ds.wolseley.com

 feiaz.ds.wolseley.com

Ethernet adapter Ethernet 3:

 Connection-specific DNS Suffix . : pc.na.sys.ds.wolseley.com
 Description . . . . . . . . . . . : Cisco AnyConnect Virtual Miniport Adapter for Windows x64
 Physical Address. . . . . . . . . : 00-05-9A-3C-7A-00
 DHCP Enabled. . . . . . . . . . . : No
 Autoconfiguration Enabled . . . . : Yes
 IPv4 Address. . . . . . . . . . . : 10.81.8.154(Preferred)
 Subnet Mask . . . . . . . . . . . : 255.255.224.0
 Default Gateway . . . . . . . . . :
 DNS Servers . . . . . . . . . . . : 10.57.0.20
 10.254.100.24
 NetBIOS over Tcpip. . . . . . . . : Disabled

Ethernet adapter Ethernet:

 Media State . . . . . . . . . . . : Media disconnected
 Connection-specific DNS Suffix . : pc.na.sys.ds.wolseley.com
 Description . . . . . . . . . . . : Intel(R) Ethernet Connection (18) I219-LM
 Physical Address. . . . . . . . . : E8-CF-83-C4-35-6F
 DHCP Enabled. . . . . . . . . . . : Yes
 Autoconfiguration Enabled . . . . : Yes

Wireless LAN adapter Local Area Connection* 1:

 Media State . . . . . . . . . . . : Media disconnected
 Connection-specific DNS Suffix . :
 Description . . . . . . . . . . . : Microsoft Wi-Fi Direct Virtual Adapter
 Physical Address. . . . . . . . . : E4-1F-D5-B9-49-12
 DHCP Enabled. . . . . . . . . . . : Yes
 Autoconfiguration Enabled . . . . : Yes

Wireless LAN adapter Local Area Connection* 2:

 Media State . . . . . . . . . . . : Media disconnected
 Connection-specific DNS Suffix . :
 Description . . . . . . . . . . . : Microsoft Wi-Fi Direct Virtual Adapter #2
 Physical Address. . . . . . . . . : E6-1F-D5-B9-49-11
 DHCP Enabled. . . . . . . . . . . : No
 Autoconfiguration Enabled . . . . : Yes

Wireless LAN adapter Wi-Fi:

 Connection-specific DNS Suffix . :
 Description . . . . . . . . . . . : Intel(R) Wi-Fi 6E AX211 160MHz
 Physical Address. . . . . . . . . : E4-1F-D5-B9-49-11
 DHCP Enabled. . . . . . . . . . . : Yes
 Autoconfiguration Enabled . . . . : Yes
 IPv6 Address. . . . . . . . . . . : 2607:fb90:8ea5:69b4:435d:de45:3b62:8757(Preferred)
 Temporary IPv6 Address. . . . . . : 2607:fb90:8ea5:69b4:8cda:98d9:76bc:4ac(Preferred)
 Link-local IPv6 Address . . . . . : fe80::2c9:6145:6192:4e2c%15(Preferred)
 IPv4 Address. . . . . . . . . . . : 172.20.10.4(Preferred)
 Subnet Mask . . . . . . . . . . . : 255.255.255.240
 Lease Obtained. . . . . . . . . . : Tuesday, July 7, 2026 2:23:56 PM
 Lease Expires . . . . . . . . . . : Tuesday, July 7, 2026 3:29:51 PM
 Default Gateway . . . . . . . . . : fe80::68ca:c4ff:fed2:7e64%15
 172.20.10.1
 DHCP Server . . . . . . . . . . . : 172.20.10.1
 DHCPv6 IAID . . . . . . . . . . . : 266608597
 DHCPv6 Client DUID. . . . . . . . : 00-01-00-01-2F-42-01-D7-E8-CF-83-C4-35-6F
 DNS Servers . . . . . . . . . . . : fe80::68ca:c4ff:fed2:7e64%15
 172.20.10.1
 fe80::68ca:c4ff:fed2:7e64%15
 NetBIOS over Tcpip. . . . . . . . : Disabled

Ethernet adapter Ethernet 2:

 Connection-specific DNS Suffix . :
 Description . . . . . . . . . . . : Realtek USB GbE Family Controller
 Physical Address. . . . . . . . . : AC-B4-80-BE-A2-51
 DHCP Enabled. . . . . . . . . . . : Yes
 Autoconfiguration Enabled . . . . : Yes
 Link-local IPv6 Address . . . . . : fe80::728c:9c7f:5bae:1604%2(Preferred)
 Autoconfiguration IPv4 Address. . : 169.254.214.66(Preferred)
 Subnet Mask . . . . . . . . . . . : 255.255.0.0
 Default Gateway . . . . . . . . . :
 DHCPv6 IAID . . . . . . . . . . . : 397194368
 DHCPv6 Client DUID. . . . . . . . : 00-01-00-01-2F-42-01-D7-E8-CF-83-C4-35-6F
 NetBIOS over Tcpip. . . . . . . . : Disabled

Ethernet adapter Bluetooth Network Connection:

 Media State . . . . . . . . . . . : Media disconnected
 Connection-specific DNS Suffix . :
 Description . . . . . . . . . . . : Bluetooth Device (Personal Area Network)
 Physical Address. . . . . . . . . : E4-1F-D5-B9-49-15
 DHCP Enabled. . . . . . . . . . . : Yes
 Autoconfiguration Enabled . . . . : Yes

Tunnel adapter Teredo Tunneling Pseudo-Interface:

 Connection-specific DNS Suffix . :
 Description . . . . . . . . . . . : Microsoft Teredo Tunneling Adapter
 Physical Address. . . . . . . . . : 00-00-00-00-00-00-00-E0
 DHCP Enabled. . . . . . . . . . . : No
 Autoconfiguration Enabled . . . . : Yes
 IPv6 Address. . . . . . . . . . . : 2001:0:14c9:cc02:491:41f0:53c4:7c43(Preferred)
 Link-local IPv6 Address . . . . . : fe80::491:41f0:53c4:7c43%16(Preferred)
 Default Gateway . . . . . . . . . :
 DHCPv6 IAID . . . . . . . . . . . : 167772160
 DHCPv6 Client DUID. . . . . . . . : 00-01-00-01-2F-42-01-D7-E8-CF-83-C4-35-6F
 NetBIOS over Tcpip. . . . . . . . : Disabled

C:\Windows\System32>



























07-07-2026 17:42:20 - (Work notes)
connected with BT


07-07-2026 17:31:35 - (Work notes)
asked associate to connect to hotspot

07-07-2026 17:29:51 - (Work notes)
ethernet connection still not working after network reset

07-07-2026 17:24:13 - (Work notes)
-associate is having network issues with laptop
-stated that there was a power outage some days ago and it has affected ONLY him ever since
-has been using hotspot for a couple of days now
-could be a bad port
-advised associate to reset network via Technology Toolbox
-after doing so, machine restarted
-call disconnected due to associate calling from their affected device

",
INC2192397,Resolved,,07-09-2026 21:19,07-10-2026 21:00,,Network Operations Center (NOC),,Hard down || FEI2829 || Start time : 07/09/2026 08:21 PM EST,Site is down,"07-09-2026 21:21:51 - (Work notes)
Action Taken: Site is down now, as checked GW is pingable.
Follow-Up:Pinged BM to do L1 troubleshooting, awaiting for his response.

",
INC2183022,Resolved,,06-29-2026 13:11:07,07-08-2026 11:49,,Network Operations Center (NOC),,FEI008A || Site is Harddown || 06/29/2026 11:55:18,Site is down,"07-06-2026 21:36:42 - (Work notes)
GLS case #12230353 has been closed with the update that the AT&T circuit has been restored. However, the INET02
circuit remains down at the branch. A GLS case #12235884 has been opened for further investigation. According
to the latest update from GLS, they have contacted the Branch Manager to perform additional Layer 1 troubleshooting.

07-02-2026 11:28:57 - (Work notes)
Hi Team,

Could you please share the estimated arrival time for the AT&T field engineer? I noticed that the ticket has been closed in the GLS portal. Could you confirm whether the technician has already visited the branch? If so, please provide an update on the status. Thank you.

06-30-2026 11:12:27 - (Work notes)
Sent an email to GLS to DSR team

06-30-2026 11:12:10 - (Work notes)
Hi DSR, and GLS Team,

We have observed that INET02 is currently down at branch 0008A. We have completed the initial L1 troubleshooting steps; however, the issue persists. The gateway is not reachable, and we have already rebooted the ISP modem and reconnected the link between the modem and the Versa router, but there is still no improvement.

Could you please raise a ticket and investigate this further?

06-30-2026 09:59:24 - (Work notes)
We have contacted the BM for L1 troubleshooting of INET02. The BM is out of the branch today, so I am checking with another associate for assistance.

06-29-2026 21:03:46 - (Work notes)
Still INET 02 AT&T is down, we have to do L1 for this. Pinged BM

06-29-2026 15:21:22 - (Work notes)
The ISP has now performed an ARP table clear and rebooted the modem. Following this, the Cox INET 01 circuit is back up, and the branch has been restored.

06-29-2026 15:01:54 - (Work notes)
We swapped the Versa power cord, after which the device powered up successfully and the check light was present. However, the site did not come back online.
We then performed an extended reboot, but the issue still persists. We also contacted the DSR to check with the ISP for any outage.

Meanwhile, I coordinated with the BM to jump the Ethernet connections on both the switch and the Versa device. But no luck. Waiting for DSR's reply.

06-29-2026 13:16:26 - (Work notes)
Site: 0008A || INC2183022
Issue: Site is down
Action Taken: Received a call from Genesys and Bryson Griffith stating that the branch is down. We rebooted the ISP modem, Cisco switch, and Versa router. However, after the reboot, the Versa router failed to power on. We also performed an extended reboot, but the device still did not receive power.
Next Action: Handover has been given to Ranjeeth to check and change the power socket connected to the Versa device. If the issue persists, we will engage GLS for further assistance.

",
INC2178014,Resolved,,06-23-2026 04:21:34,07-09-2026 17:00,,Network Operations Center (NOC),,Switch Down || FEI0276 || 06/22/26 1:59 PM,"Switch not reachable.

C:\Users\ABJ6578>ping 10.136.56.31

Pinging 10.136.56.31 with 32 bytes of data:
Request timed out.
Request timed out.
Request timed out.
Request timed out.

Ping statistics for 10.136.56.31:
 Packets: Sent = 4, Received = 0, Lost = 4 (100% loss),","07-07-2026 12:39:34 - (Work notes)
update from Adam

07-06-2026 11:53:51 - (Work notes)
> The switch (10.136.56.31) is down due it's on no operational building and sent new APC at site.
>As per Adam, he will be check on switch location and awaiting updates

07-01-2026 14:53:11 - (Work notes)
> The switch (10.136.56.31) is down due it's on no operational building and sent new APC at site.
>As per Adam, he will be check on switch location by this week and update.

06-29-2026 15:48:24 - (Work notes)
> The switch (10.136.56.31) is down due it's on no operational building and sent new APC at site.
>As per Adam, he will be check on switch location by this week and update.

06-25-2026 12:58:55 - (Work notes)
The switch is back online now and up from 15 minutes.
We will closely monitor the switch for stability.

0276_McFarland_WI_2960XR-31 uptime is 15 minutes
System returned to ROM by power-on
System restarted at 16:40:17 UTC Thu Jun 25 2026
System image file is ""flash:/c2960x-universalk9-mz.150-2.EX5/c2960x-universalk9- mz.150-2.EX5.bin""


This product contains cryptographic features and is subject to United
States and local country laws governing import, export, transfer and
use. Delivery of Cisco cryptographic products does not imply
third-party authority to import, export, distribute or use encryption.
Importers, exporters, distributors and users are responsible for
compliance with U.S. and local country laws. By using this product you
agree to comply with applicable laws and regulations. If you are unable
to comply with U.S. and local laws, return this product immediately.

A summary of U.S. laws governing Cisco cryptographic products may be found at:
http://www.cisco.com/wwl/export/crypto/tool/stqrg.html

If you require further assistance please contact us by sending email to
.

cisco WS-C2960XR-24PD-I (APM86XXX) processor (revision C0) with 524288K bytes of memory.
Processor board ID FDO1836I0H6
Last reset from power-on
1 Virtual Ethernet interface
1 FastEthernet interface
26 Gigabit Ethernet interfaces
2 Ten Gigabit Ethernet interfaces
The password-recovery mechanism is enabled.

512K bytes of flash-simulated non-volatile configuration memory.
Base ethernet MAC Address : BC:16:F5:FF:A1:80
Motherboard assembly number : 73-15628-03
Power supply part number : 341-0531-01
Motherboard serial number : FDO18360T2K
Power supply serial number : DCB1828B0NC
Model revision number : C0
Motherboard revision number : A0
Model number : WS-C2960XR-24PD-I
Daughterboard assembly number : 73-14200-03
Daughterboard serial number : FDO18360JWP
System serial number : FDO1836I0H6
Top Assembly Part Number : 68-5006-02
Top Assembly Revision Number : C0
Version ID : V02
CLEI Code Number : CMMK800ARB
Daughterboard revision number : A0
Hardware Board Revision Number : 0x06


Switch Ports Model SW Version SW Image
------ ----- ----- ---------- ----------
* 1 28 WS-C2960XR-24PD-I 15.0(2)EX5 C2960X-UNIVERSALK9-M


Configuration register is 0xF

0276_McFarland_WI_2960XR-31# sh clock
16:55:58.486 UTC Thu Jun 25 2026
0276_McFarland_WI_2960XR-31#

06-23-2026 13:18:19 - (Work notes)
1ZJ728650108008201 INC2178014 0276 Power Supply Shipping
---- + ---- + ---- ---- + ---- + ----

Tracking Number: 1ZJ728650108008201
Service: UPS Next Day Air
Guaranteed By: 10:30 AM Wednesday, Jun 24, 2026
Bill Shipping Charges to: Shipper's Account J72865
Negotiated Charges: 28.88 USD

06-23-2026 04:21:34 - (Work notes)
Switch not reachable. Need to verify the switch power status with the BM during the business hours.

C:\Users\ABJ6578>ping 10.136.56.31

Pinging 10.136.56.31 with 32 bytes of data:
Request timed out.
Request timed out.
Request timed out.
Request timed out.

Ping statistics for 10.136.56.31:
 Packets: Sent = 4, Received = 0, Lost = 4 (100% loss),

",
INC2188743,Resolved,,07-06-2026 14:44,07-08-2026 14:59,,Network Operations Center (NOC),,AP -- network error preventing Vusion tags from updating,"Vusion tags now matching correctly.
","07-06-2026 16:31:55 - (Work notes)
ESL on 4 AP's now showing operational / active as expected

07-06-2026 16:30:40 - (Work notes)
Follow up w. Alicia to provide update - rna / lvm
- 4 new AP's showing connected in vusion
- Tags are starting to sync
> may take some time before all tags are synced, eta nlt tomorrow

07-06-2026 16:27:24 - (Work notes)
Vusion seeing all 4 AP's now and Dashboard is showing tags starting to sync up

07-06-2026 15:52:19 - (Work notes)
AP'S circled in blue in the below image will have ESL enabled on them

07-06-2026 15:49:10 - (Work notes)
what happened here is:
1 - The OLD ap's were left in Vusion
2 - The NEW ap's:
a - Never had ESL Enabled on them
b - were never added to Vusion

Since the site went from 2 5 AP's i talked to Alicia to find out what area of the branch had Digital Tags using a screen shot of the branch floor plan.

With the information gathered, i'll be doing the following
1 - removing the old ap's from Vusion
2 - enabling ESL on AP's 1 4
3 - Adding those 4 AP's to Vusion

After the above is done, they should be good to go

07-06-2026 15:32:18 - (Work notes)
We are after site refresh at 1608 having issue with Vusion tags and checking internally further troubleshooting.

07-06-2026 14:55:51 - (Work notes)
NOC no knock.
System auto-corrected

07-06-2026 14:55:32 - (Work notes)
Looked up on vusion.
The network access point is throwing a triangle.
transferring to knock.


",
INC2187837,Resolved,,07-05-2026 04:42,07-13-2026 02:43:52,,Network Operations Center (NOC),,Site hard down || 5931 || 07/05/2026 01:29:50,"Site hard down || 5931 || 07/05/2026 01:29:50

POC Simon Eisenhardt","07-06-2026 11:20:44 - (Work notes)
CRITICAL MOVES
SWITCH	PORT	DESCR	SWITCH	PORT
CISCO	24	LINK TO MDF	DELL	24


IMPORTANT MOVES
SWITCH	PORT	DESCR	SWITCH	PORT
CISCO	22	APC	DELL	22
CISCO	1	??	DELL	1
CISCO	2	??	DELL	2

07-05-2026 04:45:53 - (Work notes)
We have two links at the site, Need to Perform the physical Verification during business hours, Gateway is not Rechable

07-05-2026 04:44:15 - (Work notes)
Issue: - Branch hard down
Action Taken: Suspecting a power issue at the branch. Site is currently closed due to the weekend
Follow-Up Actions: Follow up during business hours on Monday for troubleshooting and power verification.

",
INC2182309,Resolved,,06-28-2026 12:11:29,07-10-2026 12:07,,Network Operations Center (NOC),,FEI0083 || Degraded || ISP,"0083-KittyHawk-NC INET01 is down

POC Randy Williamson
","07-07-2026 05:45:43 - (Work notes)
We have replaced the cisco switch

Tech on site> On initial view notated the following:
UPS in closet has 2 functioning ports after previous strike
PCs at location also not on UPS
Rack is also not properly grounded

Informed tech to remove existing dell switch from rack
Existing cisco switch in rack is to be removed and placed in a safer area for emergency use

Switch in the process of being mounted
Switch installed
Connecting cables
VNI 0/2 - New switch port 24
Vni 0/0 - New switch port 23
Inet modem - Port 22
GLS RPS - new switch port 20
Digital signage - Gi1/0/15
digital signage - Gi1/0/19

Unable to locate access point on switch
Issue with printer not being online
IP: 10.136.118.53
5838.7996.7e05 DYNAMIC Gi1/0/14
Confirmed issue is printing from trilogie to printer > Not network related
After reboot printer was operating in trilogie

07-03-2026 05:52:07 - (Work notes)
End of keyboard-interactive prompts from server

*******************************************************************************
Wolseley North America | AUTHORIZED ACCESS ONLY | Violators will be Prosecuted

FEI0083 - 3938 N Croatan Hwy, Kitty Hawk, NC 27949

Closet = MDF Switches In Stack = 1
Cisco WS-C2960XR-24PS SN# FDO1941B0XD Asset# NONE
*******************************************************************************
0083-KittyHawk-NC-2960XR-X1-30#sh ver
Cisco IOS Software, C2960X Software (C2960X-UNIVERSALK9-M), Version 15.2(5b)E, R ELEASE SOFTWARE (fc2)
Technical Support: http://www.cisco.com/techsupport
Copyright (c) 1986-2016 by Cisco Systems, Inc.
Compiled Wed 14-Sep-16 06:29 by prod_rel_team

ROM: Bootstrap program is C2960X boot loader
BOOTLDR: C2960X Boot Loader (C2960X-HBOOT-M) Version 15.0(2r)EX4, RELEASE SOFTWA RE (fc1)

0083-KittyHawk-NC-2960XR-X1-30 uptime is 14 hours, 15 minutes
System returned to ROM by power-on
System restarted at 19:36:31 UTC Thu Jul 2 2026
System image file is ""flash:/c2960x-universalk9-mz.152-5b.E.bin""
Last reload reason: power-on



This product contains cryptographic features and is subject to United
States and local country laws governing import, export, transfer and
use. Delivery of Cisco cryptographic products does not imply
third-party authority to import, export, distribute or use encryption.
Importers, exporters, distributors and users are responsible for
compliance with U.S. and local country laws. By using this product you
agree to comply with applicable laws and regulations. If you are unable
to comply with U.S. and local laws, return this product immediately.

A summary of U.S. laws governing Cisco cryptographic products may be found at:
http://www.cisco.com/wwl/export/crypto/tool/stqrg.html

If you require further assistance please contact us by sending email to
.

cisco WS-C2960XR-24PS-I (APM86XXX) processor (revision H0) with 524288K bytes of memory.
Processor board ID FDO1941B0XD
Last reset from power-on
1 Virtual Ethernet interface
1 FastEthernet interface
28 Gigabit Ethernet interfaces
The password-recovery mechanism is enabled.

512K bytes of flash-simulated non-volatile configuration memory.
Base ethernet MAC Address : 50:06:AB:61:8F:00
Motherboard assembly number : 73-15379-03
Power supply part number : 341-0531-02
Motherboard serial number : FDO19411N9L
Power supply serial number : LIT19350G2W
Model revision number : H0
Motherboard revision number : A0
Model number : WS-C2960XR-24PS-I
Daughterboard assembly number : 73-14200-03
Daughterboard serial number : FDO19411H1T
System serial number : FDO1941B0XD
Top Assembly Part Number : 68-5014-03
Top Assembly Revision Number : A0
Version ID : V03
CLEI Code Number : CMMRY10ARA
Daughterboard revision number : A0
Hardware Board Revision Number : 0x06


Switch Ports Model SW Version SW Image
------ ----- ----- ---------- ----------
* 1 30 WS-C2960XR-24PS-I 15.2(5b)E C2960X-UNIVERSALK9-M


Configuration register is 0xF

0083-KittyHawk-NC-2960XR-X1-30#

07-02-2026 17:26:30 - (Work notes)
Tech on site> On initial view notated the following:
UPS in closet has 2 functioning ports after previous strike
PCs at location also not on UPS
Rack is also not properly grounded

Informed tech to remove existing dell switch from rack
Existing cisco switch in rack is to be removed and placed in a safer area for emergency use

Switch in the process of being mounted
Switch installed
Connecting cables
VNI 0/2 - New switch port 24
Vni 0/0 - New switch port 23
Inet modem - Port 22
GLS RPS - new switch port 20
Digital signage - Gi1/0/15
digital signage - Gi1/0/19

Unable to locate access point on switch
Issue with printer not being online
IP: 10.136.118.53
 5838.7996.7e05 DYNAMIC Gi1/0/14
Confirmed issue is printing from trilogie to printer > Not network related
After reboot printer was operating in trilogie

07-02-2026 12:30:30 - (Work notes)
the switch arrived at site and Tech will be expecting to reach site at 2 PM to replace the switch and move the cables

Michael Ricks


7/2/2026 2:00 PM

06-30-2026 12:26:34 - (Work notes)
CRITICAL MOVES - PROCEED WITH THESE FIRST
HAVE THE TECH TRACE THESE CABLES TO ENSURE THEY ARE RECONNECTED TO THE CORRECT PORTS ON THE 2960; ""OLD"" Port numbers for Versa connections MIGHT be WRONG

OLD 3560	22	INET MODEM	NEW 2960	22
OLD 3560	??	Versa 0	NEW 2960	23
OLD 3560	19	Versa 2	NEW 2960	24

ONCE YOU'RE ABLE TO PING THE SWITCH, PROCEED W/ THE FOLLOWING
---- + ---- + ---- ---- + ---- + ----
IMPORTANT MOVES
SWITCH	PORT	DESCR	SWITCH	PORT
OLD 3560	3	GLS RPS	NEW 2960	20
OLD 3560	20	DigSig	NEW 2960	18
OLD 3560	23	DigSig	NEW 2960	19
OLD 3560	???	0083-AP101	NEW 2960	17

06-30-2026 10:47:05 - (Work notes)
Requested tech dispatch from service point tomorrow Wednesday 1st July at 1:00 PM EST to replace the cisco switch which will be delivered by 12:30 PM EST tomorrow.
T20260630.0001.

Currently the cables are connected on Cisco WS-C3560V2-24PS which is having bad & non-working ports
We need to mount the replacement cisco switch and move the cables properly from existing cisco to cisco switch

06-30-2026 09:31:22 - (Work notes)
1ZJ728651539745250 INC2182309 0083 Replacement Switch Shipping
// ---- + ---- + ---- ---- + ---- + ---- // ---- + ---- + ---- ---- + ---- + ---- //

Tracking Number:
 1ZJ728651539745250

Service:
 UPS Next Day Air® Early
Guaranteed By:
 12:30 PM Wednesday, Jul 1, 2026
Bill Shipping Charges to:
 Shipper's Account J72865
Shipping Charges:
 158.31 USD

A discount has been applied for this shipment.
Negotiated Charges:
 119.47 USD
Total Charges:
 119.47 USD

06-30-2026 07:26:26 - (Work notes)
0083_Kitty_Hawk_NC_3560_Z1#show int desc
Interface Status Protocol Description
Vl1 up up
Fa0/1 admin down down bad port
Fa0/2 admin down down bad port
Fa0/3 up up link to .31
Fa0/4 down down ePOD .56f3
Fa0/5 down down
Fa0/6 down down
Fa0/7 up up
Fa0/8 down down
Fa0/9 up up
Fa0/10 down down
Fa0/11 up up
Fa0/12 down down ePOD .5700
Fa0/13 up up ePOD .5703
Fa0/14 down down
Fa0/15 down down
Fa0/16 up up Digital Signage
Fa0/17 up up
Fa0/18 down down Intermec printer
Fa0/19 up up Remote Power Switch
Fa0/20 up up
Fa0/21 down down bad port
Fa0/22 down down DMVPN backup
Fa0/23 up up ROUTER (Gi0/1, VLANS 3,4)
Fa0/24 down down ROUTER (Gi0/0)
Gi0/1 admin down down
Gi0/2 admin down down
0083_Kitty_Hawk_NC_3560_Z1#

06-30-2026 07:26:02 - (Work notes)
Site 0083 – MDF Switch .30 is offline. Contacted the POC Randy Williamson to verify the issue. He checked the switch and confirmed that there were no LED indicators only the fan was rotating. We performed an extended power cycle and moved the switch to a known good power source. After that the switch came back online. However he requested a replacement switch as multiple ports have been bad & non-working for a long time. This is a cisco 24-port switch.

06-29-2026 21:55:49 - (Work notes)
Switch is up .30

We need to check why INET01 is down. need to check DSR on this issue,

06-28-2026 12:11:29 - (Work notes)
feisw030.usnckittyha0083.int.wolseley.com switch down and can see the interface Vni0/0 and Vni0/2 on versa connected to switch also down.
We will reach out to BM to verify the power and physical status of switch.
As per store locator Site closed during weekends.

",
INC2191532,Resolved,,07-09-2026 09:23,07-09-2026 12:09,,Network Operations Center (NOC),,Branch 3581 hard down || Start time: 07/09/2026 04:14,Branch 3581 hard down || Start time: 07/09/2026 04:14,"07-09-2026 12:07:02 - (Work notes)
-The Cox ISP router was displaying a red status light. Multiple reboots were performed; however, the Versa device was still not receiving internet connectivity from the Cox router.
-Instructed Joanna to power off the Cox router using the power switch and leave it off for approximately 5 minutes.
-After powering the router back on, the link light between the Cox router and Switch Port 44 began blinking, and the Versa internet LED came online.
-Users confirmed that internet connectivity was restored, and all services were verified to be operational.

07-09-2026 09:29:35 - (Work notes)
L1 troubleshooting has been completed:

->Versa, switch and Cox modem has been rebooted for 10 minutes.
->Gateway is reachable. Yet no internet light on the versa box.
-> Called GLS and told them to check the Versa as there is not lights on port 2.

PS C:\Users\ABJ3315> ping 98.184.10.57

Pinging 98.184.10.57 with 32 bytes of data:
Reply from 98.184.10.57: bytes=32 time=230ms TTL=47
Reply from 98.184.10.57: bytes=32 time=228ms TTL=47
Reply from 98.184.10.57: bytes=32 time=228ms TTL=47
Reply from 98.184.10.57: bytes=32 time=228ms TTL=47

",
INC2187964,Resolved,,07-06-2026 07:08,07-13-2026 08:45:18,,Network Operations Center (NOC),,5931-Allentown-PA-2960XR-41 Down Hard starting 07/05/26 01:34 AM EST,"5931-Allentown-PA-2960XR-41 Down Hard starting 07/05/26 01:34 AM EST

Asset Tag/Service Tag/Device Name:
Serial Number: CFPYTW3
Make and Model of the Device: Dell Latitude 5440

Issue: Cannot connect to WiFi. Usually connects to W.O.S.

AA: ABI1744
Callback:
Location: FEI5931
Remote (Y/N)? N
Email:
","07-13-2026 08:45:18 - (Work notes)
1Z3W568W0398520597 received at HQ

07-10-2026 09:17:02 - (Work notes)
PO Information has been communicated to SP

07-09-2026 15:23:26 - (Work notes)
Requisition FEUS677833REQ was submitted.

07-09-2026 15:20:26 - (Work notes)
Provided shipping label pdf to Simon via teams

07-09-2026 15:19:54 - (Work notes)
1Z3W568W0398520597 INC2187964 5931 Failed switch shipping
---- + ---- + ---- ---- + ---- + ----
Tracking Number: 1Z3W568W0398520597
Service: UPS Ground Service
Delivered By: End of Day Friday, Jul 10, 2026
Bill Shipping Charges to: Shipper's Account 3W568W
Total Charges: 8.00 USD

07-09-2026 15:07:03 - (Work notes)
Confirmed switch came online with no issue
7/9/2026 2:59:06 PM Request Timeout	1	
7/9/2026 2:59:08 PM Request Timeout	1	
7/9/2026 2:59:10 PM Request Timeout	1	
7/9/2026 2:59:12 PM Request Timeout	1	
7/9/2026 2:59:14 PM Request Timeout	1	
7/9/2026 2:59:16 PM Request Timeout	1	
7/9/2026 2:59:18 PM	10.151.134.41	97.188	59	Succeeded	1	
7/9/2026 2:59:19 PM	10.151.134.41	96.517	59	Succeeded	1	
7/9/2026 2:59:20 PM	10.151.134.41	94.506	59	Succeeded	1	
7/9/2026 2:59:22 PM	10.151.134.41	97.774	59	Succeeded	1	
7/9/2026 2:59:23 PM	10.151.134.41	98.211	59	Succeeded	1	

contacted site and had them test the PC to ensure connectivity/network connection
Site confirms PC is good to go

07-08-2026 14:13:04 - (Work notes)
Service Request: T20260708.0004

07-07-2026 08:27:56 - (Work notes)
Simon confirms he received the UPS email alert

07-07-2026 08:23:35 - (Work notes)
reaching out to Simon Eisenhardt to give him an update

07-07-2026 08:22:31 - (Work notes)
1Z3W568W0199274114 INC2187964 5931 Replacement Switch Shipping
---- + ---- + ---- ---- + ---- + ----
Tracking Number: 1Z3W568W0199274114
Service: UPS Next Day Air
Guaranteed By: 10:30 AM Wednesday, Jul 8, 2026
Total Charges: 23.76 USD

07-06-2026 18:48:03 - (Work notes)
Facilities has discussed this issue with our internal supply chain department and has determined that several CampuShip accounts were deleted without warning.
Once the accounts have been reinstated, we will be able to ship the replacement switch

07-06-2026 15:20:12 - (Work notes)
tried using new ship account 9921Y1 - this fails to work as well.
Reached out to Steve in facilities to provide screen shots of the errors being received

---- + ---- + ---- ---- + ---- + ----
reached out to Simon via teams call and provided him update on my attempts. he's very appreciative of the updates and, for the time being confirms that they are ok for the time being since the associate is ooo till next week

07-06-2026 13:25:53 - (Work notes)
reaching out to Simon Eisenhardt to provide an update on getting the replacement shipped out to the site.
Simon provides that the user who would be affected by this is out of office this week and therefore this failure isn't impacting them to terribly

07-06-2026 12:52:11 - (Work notes)
James has created a ticket with the Facilities department. Once the shipping label is generated and the replacement switch is shipped to the branch, he will send an email to SP requesting a technician dispatch to replace the switch.

07-06-2026 10:41:02 - (Work notes)
-During troubleshooting, we found that one of the switches at the site was down. Simon Eisenhardt was initially unable to locate the switch in the network closet. We advised him to check other areas of the facility, and he was able to locate the device across the street in the other warehouse.
-We attempted to restore service by rebooting the Cisco switch; however, the issue persisted. A hard reboot was then performed for approximately five minutes, but no link lights appeared on the switch. We also moved the network cables to different ports, but there was no improvement. Based on these observations, the switch appears to have failed.
-James has arranged for a replacement switch to be shipped today. Once the replacement device arrives on-site, we will dispatch a technician to install and replace the faulty switch.

07-06-2026 08:23:56 - (Work notes)
Reached out to Simon Eisenhardt, gave a hard reboot to the versa, switch and the modem.
after the reboot Simon Eisenhardt confirmed that all the computers are working fine now and are able to access the internet.

07-06-2026 07:22:10 - (Work notes)
Transferred call to NOC

07-06-2026 07:19:56 - (Work notes)
After re-starting, associate stated their WiFi no longer shows under available connections

07-06-2026 07:13:41 - (Work notes)
Associate also stated neither his personal phone nor work phone are connected to the locations WiFi

07-06-2026 07:13:02 - (Work notes)
Associate called in stating they can't connect to WiFi.
Associate usually connects to WOS
Device uptime 12 Days
Restarted device
Once logged in, ran ""Resolve Network Connectivity issues"" via Technology Toolbox

",
INC2189001,Resolved,,07-06-2026 17:37,07-08-2026 14:29,,Network Operations Center (NOC),,Branch Down || FEI:0916 || 07/06/2026 15:42:51,"All the devices at the branch are not reachable.

PS C:\Users\ABJ6578> ping 10.159.9.16

Pinging 10.159.9.16 with 32 bytes of data:
Request timed out.
Request timed out.
Request timed out.
Request timed out.

Ping statistics for 10.159.9.16:
 Packets: Sent = 4, Received = 0, Lost = 4 (100% loss),","07-08-2026 14:29:03 - (Work notes)
Branch went down due to the local power issue, now all devices are up and operational.

PS C:\Users\ABJ6578> ping 10.159.9.16

Pinging 10.159.9.16 with 32 bytes of data:
Reply from 10.159.9.16: bytes=32 time=347ms TTL=60
Reply from 10.159.9.16: bytes=32 time=346ms TTL=60
Reply from 10.159.9.16: bytes=32 time=342ms TTL=60
Reply from 10.159.9.16: bytes=32 time=348ms TTL=60

Ping statistics for 10.159.9.16:
 Packets: Sent = 4, Received = 4, Lost = 0 (0% loss),
Approximate round trip times in milli-seconds:
 Minimum = 342ms, Maximum = 348ms, Average = 345ms

07-06-2026 20:50:32 - (Work notes)
BM [] confirmed that there is a power outage in the area, pole on each side of the building fell.

07-06-2026 17:37:03 - (Work notes)
All the devices at the branch are not reachable. Need to confirm the power status of the devices so informed BM, waiting for his response.

PS C:\Users\ABJ6578> ping 10.159.9.16

Pinging 10.159.9.16 with 32 bytes of data:
Request timed out.
Request timed out.
Request timed out.
Request timed out.

Ping statistics for 10.159.9.16:
 Packets: Sent = 4, Received = 0, Lost = 4 (100% loss),

",
INC2188192,Resolved,,07-06-2026 09:26,07-13-2026 07:30:01,,Network Operations Center (NOC),,Site hard down |,Site hard down | Both COX link and DIGI is offline.,,
INC2191871,Resolved,,07-09-2026 12:23,07-09-2026 21:59,,Network Operations Center (NOC),,Poly phones not powering on.,"AA: AAQ0147
Callback:
Location: FEI0050
Email:
Asset Tag/Service Tag/Device Name:
Make and Model of the Device:

Issue:
Desktop phones are not powering on.
 - 4825672e33c2
 - 482567b3a75d
Internet went out earlier this week.
INC2188012 network issue ticket.




","07-09-2026 21:59:55 - (Work notes)
We discussed the issue with Caleb. The headset is working properly; however, the hard landline is not functioning, and the handset is suspected to be faulty. At this time, the user is satisfied with using the headset and does not require the hard landline. With user confirmation, we are proceeding to close the incident.

07-09-2026 12:54:34 - (Work notes)
user stated
when the desk phone connected to port gi1/0/5 is not power up
when connected to laptop it is working


----------------------------------------------------------------------------------

0050_Baltimore_MD_2960XR_30#sh mac ad
0050_Baltimore_MD_2960XR_30#sh mac address-table | i Gi1/0/5
 1 e8cf.83b2.52dc DYNAMIC Gi1/0/5
0050_Baltimore_MD_2960XR_30#


0050_Baltimore_MD_2960XR_30#sh run int Gi1/0/5
Building configuration...

Current configuration : 308 bytes
!
interface GigabitEthernet1/0/5
 switchport mode access
 switchport voice vlan 11
 load-interval 30
 srr-queue bandwidth share 1 25 70 5
 srr-queue bandwidth shape 3 0 0 0
 priority-queue out
 mls qos trust device cisco-phone
 mls qos trust cos
 spanning-tree portfast edge
 service-policy input QOS
end

0050_Baltimore_MD_2960XR_30#

07-09-2026 12:47:37 - (Work notes)
port in counter are in question , hence tech called in

07-09-2026 12:46:46 - (Work notes)
>>desk phone which is connected on counter is not turning on .
asked user to connect directly to switch port , as the wire are messed up , not able to continue further
hence calling in a tech to troubleshoot further

07-09-2026 12:34:18 - (Work notes)
wall port no 17 is not working

07-09-2026 12:26:57 - (Work notes)
Tested another wall port > phone does not power one.
INC2188012
He moved the cable from the IP phones to the mini switch port 5
similarly for the workstation to the mini switch port 8 then to the PC.
INC2188012 confirmed above happened.

",
INC2182967,Resolved,,06-29-2026 12:33:37,07-08-2026 14:43,,Network Operations Center (NOC),,PC not Connecting to Internet,"AA#: ABB3475
Call Back#:
Location: 3026
Remote (Y/N)?

Is there a parent/problem or currently active ticket for this specific issue (Y/N)?? N
Issue Description:

-System(s) affected (i.e., Trilogie, web browsing, etc.): internet access
-The issue(s) affecting the user (i.e., error message, not loading, etc.): unable to connect to internet
-Number of affected users (note if affecting an entire branch): 1
-Location(s) affected (note if affecting remote users): 3026
-When did the issue(s) start?: Today
-Is the issue impacting LAN, wireless, or both? LAN, this is a desktop PC and only has access to LAN
-Name/contact info for an affected user (if not the user making contact): Marissa Koerte,
-Model/manufacturer of affected hardware (i.e., service tag, serial numbers): 7ZJRRF4 -- Dell Pro Micro QCM1250
-Impacted Users' System information (IP address, MAC Address, Remote or On-prem): MAC: D4-A2-CD-99-18-F2; IPv4: 169.254.113.235
-Has any troubleshooting been completed? (if so, note what steps taken):

NOTE: If the site is actively moving network-related cables or restarting network equipment, get the NOC involved immediately.

NOTE: If you are unable to gather information, note that in the ticket and the reason why (i.e., user not at the site, doesn’t have access, etc.)



","07-08-2026 14:43:11 - (Work notes)
PC is working and getting internet after connecting with the other free port, informed user to let us know if any issues then only we will schedule the tech visit.

06-29-2026 16:13:23 - (Work notes)
User confirmed that PC is not getting internet, she tried by changing the ethernet cable but nothing got changed so informed her to connect the PC with any other wall port and when she tried that, PC starts working which means issue is with the switch port. Work is not getting impacted because PC is getting internet after connected with the other wall port. Need to raise the tech dispatch to fix that faulty wall port.

06-29-2026 13:13:03 - (Work notes)
- warm transferred associate

06-29-2026 13:10:44 - (Work notes)
- Gathering info
- No lights on ethernet port currently
- Having associate hard reset PC -- still unable to connect to the internet
- There are lights on ethernet port now but still no network connection
- Having associate run ipconfig /all -- MAC: D4-A2-CD-99-18-F2; IPv4: 169.254.113.235
- Having associate swap PC workstations -- PC connected at a different workstation
- Connected a different PC to the problem workstation -- does not connect to internet
- Consulting NOC,

",
INC2189547,Resolved,,07-07-2026 11:08,07-10-2026 04:52,,Network Operations Center (NOC),,Internet for entire branch is down ethernet and WiFi,"AA: abg4352
Callback:
Location: 3776
Remote (Y/N) N
Service Tag:
Email:

Issue: Internet for entire branch is down ethernet and WiFi (Went down about 10 minutes ago)","07-10-2026 04:52:28 - (Work notes)
tracking the battery in inc INC2189743
hence resolving the case

07-09-2026 11:57:31 - (Work notes)
UPS battery got expired and power cord moved to raw power
ordered the new batteries for ups

07-07-2026 12:29:30 - (Work notes)
site is currently facing power issue , they are fixing it

07-07-2026 12:19:45 - (Work notes)
call back no -Hadrian Suber-

07-07-2026 12:18:45 - (Work notes)
site is having bad UPS-A UPS B, hence entire MDF is down
>>asked the branch to bypass the UPS and connect it to raw power
>>power got restored to versa , still switch modem is down, seems to be breaker issue
branch is trying to fix it

07-07-2026 11:13:46 - (Work notes)
Warm transfer to NOC

",
INC2187865,Resolved,,07-05-2026 11:47,07-09-2026 05:32,,Network Operations Center (NOC),,Site Hard Down.,Site 0254-Monroeville-AL Hard Down.,"07-09-2026 05:31:41 - (Work notes)
Branch Updated saying that the site is up and running during the business hours, assuming the site was down due to power outage on weekend.
Closing this out.

07-05-2026 11:47:58 - (Work notes)
Site is hard down, have pinged the BM to verify the power on site. Awaiting Response.
Site is closed during weekends.
We'll continue to work once the site is open, during business hours.

",
INC2187066,Resolved,,07-02-2026 12:44,07-08-2026 14:07,,Network Operations Center (NOC),,Site Hard Down. Starting time: 02/07/2026 3:55:21 PM EST to Ending time : 02/07/2026 5:53:21 PM EST,Site 1564-Clarksville-TN is Hard down.,"07-08-2026 14:07:58 - (Work notes)
We worked with Buddy and changed the power source for the ISP (Spectrum) devices. Services are now stable, and with Rob's confirmation, we can proceed to close the INC.

07-07-2026 14:32:05 - (Work notes)
DSR Confirmed that spectrum tech is going to arrive in this afternoon

07-07-2026 13:49:52 - (Work notes)
Primary ISP (Spectrum) is flapping and raised case with DSR(DSR: 39495838).

07-05-2026 20:41:34 - (Work notes)
Incident Duration: 1 hour 58 minutes
Start Time: 02/07/2026 3:55:21 PM EST
End Time: 02/07/2026 5:53:21 PM EST

Power was restored at the site, and all services resumed normal operation. Connectivity and service functionality have been verified as stable. Therefore, this incident is being closed.

",
INC2191139,Resolved,,07-08-2026 15:36,07-08-2026 17:26,,Network Operations Center (NOC),,Internet outage.,"PRODSW / GARDEN

Internet outage at location, also reporting slowness",,
INC2193381,Resolved,,07-13-2026 02:49:58,07-13-2026 08:04:16,,Network Operations Center (NOC),,Site hard down || 1941 || start time : 07/12/2026 21:18:11,Site hard down || 1941 || start time : 07/12/2026 21:18:11,"07-13-2026 02:51:23 - (Work notes)
C:\Users\ABJ5963>ping 173.165.174.90

Pinging 173.165.174.90 with 32 bytes of data:
Reply from 173.165.174.90: bytes=32 time=259ms TTL=42
Reply from 173.165.174.90: bytes=32 time=256ms TTL=42
Reply from 173.165.174.90: bytes=32 time=260ms TTL=42
Reply from 173.165.174.90: bytes=32 time=258ms TTL=42

Ping statistics for 173.165.174.90:
 Packets: Sent = 4, Received = 4, Lost = 0 (0% loss),
Approximate round trip times in milli-seconds:
 Minimum = 256ms, Maximum = 260ms, Average = 258ms

07-13-2026 02:51:13 - (Work notes)
Issue: - Branch hard down
Action Taken: The site is hard down, Gateway is reachable Both link went at a same time Have to perform the Layer-1,Suspecting power outage. We have left a message with BM to perform Layer 1 troubleshooting
Follow-Up Actions: kindly do follow-up BM, during business Hours

",
INC2171210,Closed,,06-12-2026 16:51,06-20-2026 14:05:38,06-20-2026 14:05:38,Network Operations Center (NOC),,Hard down || FEI3082 || Start time : 06/12/2026 03:28 PM EST,Site is down,"06-12-2026 16:51:23 - (Work notes)
BM called and reported a network outage, did extended reboot on all devices, but no luck. now calling DSR to check from ISP side.

",
INC2182354,Closed,,06-29-2026 03:55:33,06-30-2026 10:31:04,06-30-2026 10:31:04,Network Operations Center (NOC),,Site hard down || 0385 || 06/29/2026 01:54:27,Site hard down || 0385 || 06/29/2026 01:54:27,"06-29-2026 16:09:54 - (Work notes)
Site network restored at 6/29/2026 4:04:05 PM

06-29-2026 14:26:39 - (Work notes)
reaching out to Snodie to get an update on the power issue
Local power company still has not provided an eta

06-29-2026 12:16:07 - (Work notes)
POC Confirms it's a local power issue. Power provider has been engaged and they provide that they will dispatch out asap but no ETA was provided.

06-29-2026 08:38:58 - (Work notes)
DSR 39459794
Reaching out to DSR to provide them with a summary of findings during L1
Tech: Zach
DSR notes shows no issues currently but Zach is going to reach out to ensure they see no outages
Spectrum confirms they have no Outages in the area
last outage ended on the 27th

---- + ---- + ---- ---- + ---- + ----
GLS 12227436
Updated ticket with FNOC findings & DSR results

---- + ---- + ---- ---- + ---- + ----

06-29-2026 08:21:12 - (Work notes)
BBU is going from yellow to red with audible alarm and confirms their network is down
> Site reports that there was nearby lighting strike next to the building or possible at the building
user is operating off a hotspot for the time being

requested user assist with investigating Versa status
Power - green
Check is blinking green
BT - Blue

Cisco Catalyst
syst green
link actc green
eth cables - half are yellow / half are blinking green
47 / 48 - link lights are present
46 - no link light

request to follow cable in port 46 back to Spectrum modem
lights on modem - none
request investigate where modem is connected - connected to RPS unit
request user move power cable for modem to another outlet
user moved modem to a surge strip that has operational /powered equipment on it
modem fails to power on
request user to move modem to another outlet
modem is now powering on

investigating Versa again for cabling
ports 0, 1 & 2 populated

Snodie now says he does not see any lights on the catalyst link ports at all now
the only thing blinking now is the syst light blinking green

User informs that the BBU is showing oscillating battery percentages from 10% to 38% to 1%

i saw a brief ping from the router but then it went away
check mark shows solid green now

BBU failed again.

Going to run user through moving power cables from the BBU to surge protector
surge protector connected to wall is available
3 outelts available
request user move the following to the surge protector in order to obtain stable power:
Cisco Catalyst
Versa Router
Spectrum modem

Waiting 7 min for ping from modem

Investigating BBU for connected power cables
user sees one power cable connected to it which goes to an APC surge protector

request user disconnect power cable
Request user disco power for bbu from wall
request user hold power button on BBU for a min
display went off
Request user reconnect power for the BBU

---- + ---- + ---- ---- + ---- + ----
request user investigate lights for the 3 critcal devices
> user sees no lights on the C/V/M

Request user move the surge protector to another outlet
Spectrum modem has no lights on it
Cisco jut came on
Versa just powered on

---- + ---- + ---- ---- + ---- + ----
Awaiting ping response from router and switch

---- + ---- + ---- ---- + ---- + ----
powered apc back on
amber light on battery symbol
Unit begins to alarm but user sees no error messages

---- + ---- + ---- ---- + ---- + ----
Request review of power status for the 3 critical devices
Versa
> power is green
> check light is still blinking
> BT is blue
Cisco ports no lights on any ports
Spectrum - no lights

---- + ---- + ---- ---- + ---- + ----
request user try to find 2 available outlets in the data room that we can transfer power cables for the cisco and spectrum
user found another surge protector
cisco and spectrum light up, cisco fans are running

---- + ---- + ---- ---- + ---- + ----
BBU is showing 45% but still showing amber on the battery symbol

---- + ---- + ---- ---- + ---- + ----
awaiting ping from router / switch
set 7 min timer

---- + ---- + ---- ---- + ---- + ----
2 MIN before timer ends, user provides cisco and spectrum have no lights on them
both are getting power from a surge protector that the versa is connected to which has remained online

---- + ---- + ---- ---- + ---- + ----
DUE TO UNSTABLE POWER
Requested user disco power cables for Cisco / Versa / Spectrum for the time being until building power has become stable

User provides that current experience is that when their Building AC powers on, several lights in the building will either dim or completely power off
When the AC unit powers off, the lights will come back on.

Instructed user to reach out to local power company to see if there is work going on in the area
If no, reach out via servicechanel to have an electrician come out to investigate / remediate power issues

06-29-2026 03:56:33 - (Work notes)
Issue: Site Hard down
Action taken: Reached out to the Branch Manager to verify the power on site. Awaiting Response.
Site is closed on weekend, we will continue to work/ look into this further once the site is open/back on business. Gateway is DHCP
Follow Up: Please continue follow-up with BM for power status and proceed L1 if required

",
INC2182928,Closed,,06-29-2026 12:06:57,06-30-2026 10:31:09,06-30-2026 10:31:09,Network Operations Center (NOC),,8395 Site down hard starting at 06/29/2026 11:35:49,"8395 Site down hard starting at 06/29/2026 11:35:49
Alert provided by
POC will be Roy Davis","06-30-2026 10:29:00 - (Work notes)
Reached out to on this for investigation
RESPONSE
I just got them back online. I had to disable SNMP in the printer settings


Reached out to Jeremy for testing, he confirms printers are working now
Updated Roy with status

06-30-2026 10:28:00 - (Work notes)
NOT WORKING SINCE YESTERDAY NEED ASAP

FloridianManifestPrinter1
10.141.106.164
f8:b4:6a:0f:9a:47
8395-Erlanger-KY-N2248ON-X1-40
Gi1/0/26
Gi1/0/26 Full 1000 Auto Up On A 1


FloridianManifestPrinter2
10.141.106.176
f8:b4:6a:0f:9a:30
8395-Erlanger-KY-N2248ON-X1-40
Gi1/0/13
Gi1/0/13 8395-AP134 Full 1000 Auto Up On T (1),2-4093

06-30-2026 10:06:46 - (Work notes)
NOT WORKING SINCE YESTERDAY NEED ASAP

10.141.106.176
FloridianManifestPrinter2
f8:b4:6a:0f:9a:30
8395-Erlanger-KY-N2248ON-X1-40
Gi1/0/13
Gi1/0/13 8395-AP134 Full 1000 Auto Up On T (1),2-4093


10.141.106.164
Floridian Manifest 1
f8:b4:6a:0f:9a:47
8395-Erlanger-KY-N2248ON-X1-40
Gi1/0/26
Gi1/0/26 Full 1000 Auto Up On A 1

06-29-2026 15:31:10 - (Work notes)
Reached out to Roy and informed him the branch network was back up
provided the same update to K Crutchfield

Roy provides that the site was closed for the day and he will give feedback / confirmation that the site is up in the morning

06-29-2026 15:26:55 - (Work notes)
Site network restored at 15:18 EST

06-29-2026 14:38:56 - (Work notes)
ETR is now 5:30 pm
issue is being deemed as node outage

06-29-2026 14:35:23 - (Work notes)
Reaching out to DSR for Outage ETA
---- + ---- + ---- ---- + ---- + ----
dsr tech marcus

Marcus putting me on hold to reach out to ISP to determine updated ETR

06-29-2026 13:01:43 - (Work notes)
SN Notes for the DIA circuit confirm that the site is essentially fate shared with 2 spectrum circuits
INET-01 - Managed & Serviced by Spectrum
INET-02 - Managed by ATT, Serviced by Spectrum

06-29-2026 12:55:43 - (Work notes)
There is already a ticket open for the DIA circuit
CS3932935	2026-06-29 12:35 EDT
---- + ---- + ---- ---- + ---- + ----
Work In Progress
Our test center is analyzing your service to determine the next steps. We will update the incident log with their results when complete.

06-29-2026 12:49:54 - (Work notes)
user provides no power event at the site
roy is going to MDF to inspect

Modem power blue
online is in and out / flashing

Spectrum fiber unit showed no lights
---- + ---- + ---- ---- + ---- + ----
user powered down the spectrum AND DELL
powered down for over 1 minute and powered back on

---- + ---- + ---- ---- + ---- + ----
Versa indicators
power - green
status - no light / not blinking
bt - blue

0 - connects to dell - link lights
2 - connects to dell - link lights present
3 - connects to port - seeing lights on the port
user says it connects to dell port 48
---- + ---- + ---- ---- + ---- + ----
powered on spectrum modem
and dell switch

Spectrum modem box
lights are oscillating between white and blue

Spectrum Fiber box shows no lights
connected to an outlet on the wall
> Roy cannot move this power cable to another outlet since the power cable is secured to the wall with nails
Roy attempted a reboot on the fiber box
power off for 30 sec and then power on

after powering on
power - green
tst / alarm - no longer red
no other lights on the unit at this time
shortly afterwards tst / alarm - came back red
inbound data shows nothing / n lights
eth link between fiber and modem has link lights

---- + ---- + ---- ---- + ---- + ----
reaching out to dsr to report outage on the Spectrum circuit
dsr marcus

Spectrum outage confirmed
ETR is 2:30 pm

---- + ---- + ---- ---- + ---- + ----
reaching back out to roy with update on service for specturm
communicated same to K Crutchfield via teams chat

06-29-2026 12:11:02 - (Work notes)
12:09 reaching out - roy will be at the site in 10 min to T/S

06-29-2026 12:09:11 - (Work notes)
Provider	Spectrum
Contracted Service Speed	400.0M x 20.0M
(IP Address Configuration Method)	Dynamic IP
Modem Make/Model	Technicolor ET2251

06-29-2026 12:08:05 - (Work notes)
12:00 Reached out to Roy to initate Troubleshooting rna/ lvm requesting follow up to troubleshoot with the site

06-29-2026 12:06:57 - (Work notes)
8395 Site down hard starting at 06/29/2026 11:35:49
Alert provided by
POC will be Roy Davis

",
INC2171441,Closed,,06-15-2026 04:24:50,06-20-2026 09:05:32,06-20-2026 09:05:32,Network Operations Center (NOC),,Switch down,Switch down || 3546-Rockford-IL-3248P-ON-41 || down since: 06/14/26 9:54 PM EST,"06-15-2026 08:11:35 - (Work notes)
--Closing as a duplicate of INC2171371

06-15-2026 04:29:49 - (Work notes)
Switch is currently offline, need to check with BM during business hours.

",
INC2178435,Closed,,06-23-2026 11:06:03,06-29-2026 13:06:01,06-29-2026 13:06:01,Network Operations Center (NOC),,Re-Enable the Active Directory DS Elevated (9 account),"Requested by:
Requested by phone number:Requested for:
Requested for phone number:Location Number (ex. FEI0001): FEI7021
Locale: Ferguson TC
Requested For GID: ABJ2070
Affected System: Network
Title: Re-Enable the Active Directory DS Elevated (9 account)
Details of Issue, Request, or Question: My 9 account is disabled due to inactivity, please reenable it
Please choose the best fit for this submission: Something that was working previously is now broken
",,
INC2171459,Closed,,06-15-2026 06:20:13,06-20-2026 11:05:49,06-20-2026 11:05:49,Network Operations Center (NOC),,Switch (10.150.92.41) is down.,"Branch reporting that Desktop PCs and printers are not working.

Locations: Warehouse Office, WillCall, Counter, & Far end of the warehouse gets no single

Printer: WCL
IP: Unknown
Print Station: PS1

Branch 1723/EAST
CB -","06-15-2026 10:59:58 - (Work notes)
So, the switch will work on single APC, when Site refresh will perform in future faulty APC will be replaced.

06-15-2026 09:52:09 - (Work notes)
Mike has confirmed that one APC unit was faulty. The connection was shifted to another switch, and services have now been restored.

06-15-2026 09:39:18 - (Work notes)
C:\Users\ABJ9547>ping 10.150.92.41

Pinging 10.150.92.41 with 32 bytes of data:
Reply from 10.150.92.41: bytes=32 time=256ms TTL=59
Reply from 10.150.92.41: bytes=32 time=252ms TTL=59
Reply from 10.150.92.41: bytes=32 time=254ms TTL=59
Reply from 10.150.92.41: bytes=32 time=254ms TTL=59

Ping statistics for 10.150.92.41:
 Packets: Sent = 4, Received = 4, Lost = 0 (0% loss),
Approximate round trip times in milli-seconds:
 Minimum = 252ms, Maximum = 256ms, Average = 254ms

C:\Users\ABJ9547>

06-15-2026 08:21:50 - (Work notes)
We worked with Mike Willems and observed that there is no power LED on the switch (10.150.92.41). Additionally, Mike reported a burning smell coming from the cabinet. He attempted to assist using a ladder but was unable to verify the power supply and requested to send Tech dispatch.

We are going send Tech request mail to Service point.

06-15-2026 07:11:34 - (Work notes)
Associate is needing help with identifying the correct Dell Switch that is needing to be rebooted.

06-15-2026 07:08:32 - (Work notes)
The NOC informed that they are seeing two Dell switches but only able to access one of them.

Dell Switch 92.41 is unreachable and needs to be rebooted.

06-15-2026 06:37:23 - (Work notes)
When the associate attempted to access a PC it reading ""can not connect""

Checked Meraki and the branch is currently showing a total of 73 Access Points but only 11 showing online.

Reached out to the NOC

",
INC2182593,Closed,,06-29-2026 09:16:44,07-05-2026 08:05,07-05-2026 08:05,Network Operations Center (NOC),,INET 01 | comcast link is down,INET 01 | comcast link is down,"06-29-2026 10:38:16 - (Work notes)
Got a call from the Marc jeannott from the branch and did reboot the gateway as it was showing down, performed L! still no luck.
Reached out to the DSR and got the information saying that there is an area outage, due to network improvement or network upgrade.
ETA is 5 PM CST.
IT started around 6 AM CST.
Time Frame for the upgrade is 6AM to 5PM, but can be sooner.

",
INC2180160,Closed,,06-24-2026 16:31:59,06-30-2026 20:05:02,06-30-2026 20:05:02,Network Operations Center (NOC),,FEI2819 | Inet1 is down,FEI2819 | Inet1 is down,"06-25-2026 19:54:33 - (Work notes)
Kyle Rendon confirmed isp issue got fixed and site is stable now
hence closing this case

06-25-2026 16:50:51 - (Work notes)
>>Inet1 is stable from last 3 hours, Monitoring this further

06-24-2026 17:55:28 - (Work notes)
Received a call from user Kyle Rendon reporting slowness at Branch 2819
Checked and found INET1 is down; site currently running on Digi and is overutilized
Informed user about the ISP outage and raised DSR ticket 39444878 for tracking
Contacted DSR and confirmed ISP outage in the area; no ETA available at the moment, same communicated to user
Awaiting further updates from DSR

",
INC2179276,Closed,,06-24-2026 08:08:22,06-25-2026 11:50:45,06-25-2026 11:50:45,Network Operations Center (NOC),,4th AP located connected to port Gi1/0/43 on switch not added to Meraki portal,"4th AP located connected to port Gi1/0/43 on switch not added to Meraki portal
rogue device detection ""Meraki Setup"" shown in Air Marshall
need to get AP added in Meraki portal or removed",,
INC2174783,Closed,,06-18-2026 03:59:16,06-23-2026 08:06:11,06-23-2026 08:06:11,Network Operations Center (NOC),,Hard down,hard down|| FEI3149 || Start time: 06/18/2026 02:54 AM EST,"06-18-2026 07:56:31 - (Work notes)
Site is up and stable.
Hence closing this Inc

06-18-2026 03:59:45 - (Work notes)
site is hard down need to check with BM during business hours.

",
INC2187925,Closed,,07-06-2026 04:03,07-11-2026 10:05,07-11-2026 10:05,Network Operations Center (NOC),,Site hard down || 1228 || 07/05/2026 21:24:27,Site hard down || 1228 || 07/05/2026 21:24:27,"07-06-2026 04:04:39 - (Work notes)
Issue: - Branch hard down
Action Taken: Site is hard down, Gateway is DHCP. Suspecting a power issue at the branch. Site is currently closed due to the weekend.
Follow-Up Actions: Follow up during business hours for troubleshooting and power verification

",
INC2188432,Closed,,07-06-2026 11:12,07-12-2026 09:06,07-12-2026 09:06,Network Operations Center (NOC),,1605 | AP down,"1605_Ashland_VA_2960XR_2-6.30#sh int st
1605_Ashland_VA_2960XR_2-6.30#sh int statu
1605_Ashland_VA_2960XR_2-6.30#sh int status | i 36
Gi1/0/36 ""1605_AP102"" notconnect 1 auto auto 10/100/1000BaseTX
Gi2/0/36 notconnect 1 auto auto 10/100/1000BaseTX
1605_Ashland_VA_2960XR_2-6.30#
","07-07-2026 08:51:34 - (Work notes)
The AP are up and operational.
Tech confirmed the port and Patch cable seems to be good.

The other AP's which mentioned in the description are not connected to the switch physically and its in dormant states.


1605_Ashland_VA_2960XR_2-6.30#sh int description | i AP
Gi1/0/3 down down ""1605_AP101""
Gi1/0/4 down down ""1605_AP103""
Gi1/0/19 down down ""1605_AP105""
Gi1/0/23 down down ""1605_AP104""
Gi1/0/36 up up ""1605_AP102""
1605_Ashland_VA_2960XR_2-6.30#

07-07-2026 08:27:11 - (Work notes)
1605_Ashland_VA_2960XR_2-6.30# sh cdp ne
1605_Ashland_VA_2960XR_2-6.30# sh cdp neighbors
Capability Codes: R - Router, T - Trans Bridge, B - Source Route Bridge
 S - Switch, H - Host, I - IGMP, r - Repeater, P - Phone,
 D - Remote, C - CVTA, M - Two-port Mac Relay

Device ID Local Intrfce Holdtme Capability Platform Port ID
ac17c8253407 Gig 1/0/36 165 R S Meraki MR Port 0

Total cdp entries displayed : 1
1605_Ashland_VA_2960XR_2-6.30#sh cdp ne
1605_Ashland_VA_2960XR_2-6.30#sh cdp neighbors Gig 1/0/36 de
1605_Ashland_VA_2960XR_2-6.30#sh cdp neighbors Gig 1/0/36 detail
-------------------------
Device ID: ac17c8253407
Entry address(es):
 IP address: 10.141.186.105
Platform: Meraki MR42E Cloud Managed AP, Capabilities: Router Switch
Interface: GigabitEthernet1/0/36, Port ID (outgoing port): Port 0
Holdtime : 153 sec

Version :
1

advertisement version: 2
Power drawn: 15.400 Watts
Power request id: 2740, Power management id: 1
Power request levels are:20000 0 0 0 0


Total cdp entries displayed : 1
1605_Ashland_VA_2960XR_2-6.30# ping 10.141.186.105
Type escape sequence to abort.
Sending 5, 100-byte ICMP Echos to 10.141.186.105, timeout is 2 seconds:
!!!!!
Success rate is 100 percent (5/5), round-trip min/avg/max = 1/202/1007 ms
1605_Ashland_VA_2960XR_2-6.30#

07-06-2026 11:21:51 - (Work notes)
tech requested for 07-07-26

Service Request: T20260706.0002
Smart Hands Support
Search Knowledge Base
INC2188432 | FEI1605 | AP is down , need tech visit to fix the down AP

07-06-2026 11:20:00 - (Work notes)
tech need to check the cabling from AP to switch port
swap the patch card
move the switch port

07-06-2026 11:14:51 - (Work notes)
Ap connected to port -36
rebooted the switch - no go
bounced the port -no go
---------------------
further need to move the port from 36 to any other free port
-hence tech is requested for the troubleshooting

1605_Ashland_VA_2960XR_2-6.30.na.sys.ds.wolseley.com / Port Gi1/0/36

",
INC2174274,Closed,,06-17-2026 12:32:53,06-23-2026 08:05:57,06-23-2026 08:05:57,Network Operations Center (NOC),,Harddown | 2810,Hard down and also it is intermitted on ckt,"06-18-2026 07:58:34 - (Work notes)
Site is up and stable.
Hence closing this Inc

06-17-2026 12:37:38 - (Work notes)
The circuit was flapping, and Layer 1 checks have been completed.

The site has been stable for the past 5 minutes. If the circuit goes down again, please inform the DSR team for further investigation.

",
INC2180345,Closed,,06-25-2026 04:35:43,07-06-2026 14:06,07-06-2026 14:06,Network Operations Center (NOC),,FEI1842|vni-0/3.0 · WAN interface: ext-inet-02-a Is down,FEI1842|vni-0/3.0 · WAN interface: ext-inet-02-a Is down,"07-01-2026 13:59:58 - (Work notes)
inet02 is up now

06-25-2026 10:17:44 - (Work notes)
Inet 02 is ATT with Gateway IP--> 12.50.201.97 which not reachable

Pinging 12.50.201.97 with 32 bytes of data:
Request timed out.
Request timed out.
Request timed out.
Request timed out.

Reached out to GLS and there seems to be ATT ISP issue --> They will reach out to ISP and update

",
INC2175247,Closed,,06-18-2026 11:48:16,06-27-2026 11:05:02,06-27-2026 11:05:02,Network Operations Center (NOC),,Site hard down || 2584 || 06/18/2026 11:06:59,Site hard down || 2584 || 06/18/2026 11:06:59,"06-18-2026 11:49:51 - (Work notes)
We observed that both ISP links went down simultaneously, and we suspected a power-related issue. We reached out to the Branch Manager (BM), who confirmed there is a power outage at the site with no estimated time for restoration (ETA).”

",
INC2187702,Closed,,07-03-2026 13:47,07-11-2026 15:05,07-11-2026 15:05,Network Operations Center (NOC),,Hard down || FEI3582 || Start time : 07/03/2026 12:15 PM EST,Site is down,"07-03-2026 14:17:03 - (Work notes)
Site is down, as checked Gateway is pingable. L1 is pending, Pinged BM, waiting for his response.

",
INC2170860,Closed,,06-12-2026 12:22,06-17-2026 13:05:37,06-17-2026 13:05:37,Network Operations Center (NOC),,Branch 1648 hard down || Start time: 06/12/2026 11:00,Branch 1648 hard down,"06-12-2026 12:33:15 - (Work notes)
Duplicate of incident --INC2170826

06-12-2026 12:23:18 - (Work notes)
Branch has power, but no internet
Asked if can call BM - But BM was in call with GLS. Waiting for his response.

",
INC2187893,Closed,,07-05-2026 20:48,07-11-2026 15:05,07-11-2026 15:05,Network Operations Center (NOC),,Branch Down || FEI:0037 || 07/05/2026 17:40:05,"All devices are not reachable.

PS C:\Users\ABJ6578> ping 10.159.0.37

Pinging 10.159.0.37 with 32 bytes of data:
Request timed out.
Request timed out.
Request timed out.
Request timed out.

Ping statistics for 10.159.0.37:
 Packets: Sent = 4, Received = 0, Lost = 4 (100% loss),","07-06-2026 14:20:53 - (Work notes)
Branch was down due to power issue, now all the devices are up and operational.

PS C:\Users\ABJ6578> ping 10.159.0.37

Pinging 10.159.0.37 with 32 bytes of data:
Reply from 10.159.0.37: bytes=32 time=420ms TTL=60
Reply from 10.159.0.37: bytes=32 time=319ms TTL=60
Reply from 10.159.0.37: bytes=32 time=319ms TTL=60
Reply from 10.159.0.37: bytes=32 time=310ms TTL=60

Ping statistics for 10.159.0.37:
 Packets: Sent = 4, Received = 4, Lost = 0 (0% loss),
Approximate round trip times in milli-seconds:
 Minimum = 310ms, Maximum = 420ms, Average = 342ms

07-05-2026 20:48:27 - (Work notes)
All devices are not reachable. Need to confirm the devices power status, waiting for the BM response.

PS C:\Users\ABJ6578> ping 10.159.0.37

Pinging 10.159.0.37 with 32 bytes of data:
Request timed out.
Request timed out.
Request timed out.
Request timed out.

Ping statistics for 10.159.0.37:
 Packets: Sent = 4, Received = 0, Lost = 4 (100% loss),

",
INC2170826,Closed,,06-12-2026 11:59,06-21-2026 06:05:04,06-21-2026 06:05:04,Network Operations Center (NOC),,FEI1648 || Site is down || Start time: 12/06/2026 10:58:30 PM EST End time: 13/06/2026 12:26:30 AM EST,FEI1648 || Site is down || Start time : 12/06/2026 10:58:30 EST,"06-16-2026 05:45:03 - (Work notes)
The site is back online after Comcast (ISP) performed L1 troubleshooting on the modem. The issue has been resolved, and the incident is now being closed.

06-12-2026 20:02:49 - (Work notes)
DSR called in and confirmed that the ISP tech has been scheduled to replace the modem on 13th June, 10 AM -12 PM Local time. Since it is off branch. I have conveyed this to BM. He also confirmed about his availability. BM's cell number

06-12-2026 12:33:24 - (Work notes)
Branch has power, but no internet
Asked if can call BM - But BM was in call with GLS. Waiting for his response.

06-12-2026 12:31:50 - (Work notes)
No outages at the area have been confirmed by the ISP - L1 needs to done.

",
INC2171263,Closed,,06-12-2026 19:34,06-21-2026 15:05:30,06-21-2026 15:05:30,Network Operations Center (NOC),,FEI1012 | Hard down | start time 06/12/2026 18:35:46,"Need to check with the site contacts once site will open , ISP Gateway is reachable","06-16-2026 14:22:52 - (Work notes)
>>Site is up and running good, hence closing this case

06-13-2026 18:02:56 - (Work notes)
>>Site is up and running now
>>monitoring this further.

06-12-2026 19:48:08 - (Work notes)
>>No information available about the BM and site in Location Directory
>>In ServiceNow its showing Inactive as attached
>>waiting for Site to be re-open

",
INC2180340,Closed,,06-25-2026 04:20:22,07-01-2026 05:05,07-01-2026 05:05,Network Operations Center (NOC),,Hard down,Hard down || FEI3392 || Start time: 06/24/2026 21:22 PM EST,"06-26-2026 04:48:13 - (Work notes)
After power restored, site is operational.

06-25-2026 09:48:03 - (Work notes)
Power outage at the area confirmed by William Tribble with No ETA

06-25-2026 09:17:51 - (Work notes)
->Reached out to Rogelio Hinojosa as BM is out of office -> Awaiting reply

",
INC2185798,Closed,,07-01-2026 14:15,07-06-2026 21:05,07-06-2026 21:05,Network Operations Center (NOC),,Hard down || FEI0345 || Start time : 07/01/2026 01:50 PM EST,Site is down,"07-01-2026 20:46:03 - (Work notes)
Site is up now, Hence we are closing this incident.

07-01-2026 16:06:16 - (Work notes)
DSR has confirmed that the site is currently affected by an ISP outage with an ETR of today,07/01 6p ET.

07-01-2026 14:17:06 - (Work notes)
Had completed L1 troubleshooting with BM, site is still down. Checking with DSR for ISP outage

",
INC2173752,Closed,,06-17-2026 05:11:27,06-22-2026 10:05:27,06-22-2026 10:05:27,Network Operations Center (NOC),,Memory usage,Memory usage is high,"06-17-2026 09:00:33 - (Work notes)
The Versa router has been rebooted successfully, and the memory utilization has returned to normal levels.

Therefore, this incident is being closed.

",
INC2172656,Closed,,06-16-2026 04:06:02,06-21-2026 09:05:37,06-21-2026 09:05:37,Network Operations Center (NOC),,Hard down || Start time: 06/16/2026 01:56 AM EST END time :06/16/2026 12:18 PM EST,Hard down || FEI1319 || Start time: 06/16/2026 01:56 AM EST,"06-16-2026 08:54:04 - (Work notes)
Power has been restored at the site and the router is now online. Services are stable, hence closing the incident.

06-16-2026 04:06:43 - (Work notes)
Currently site is hard down, need to check with BM during business hours.

",
INC2171720,Closed,,06-15-2026 10:09:26,06-21-2026 11:07:14,06-21-2026 11:07:14,Network Operations Center (NOC),,FEI0420 || AP Offline,"--Went offline over the weekend
--.31 switch","06-16-2026 10:39:09 - (Work notes)
--Closing as the AP is back online and operational.

06-15-2026 10:11:00 - (Work notes)
--Located the AP on Gi1/0/11
--Bounced the port
--PoE is operational
--No connectivity on the switch

",
INC2178016,Closed,,06-23-2026 04:32:02,06-29-2026 06:05:01,06-29-2026 06:05:01,Network Operations Center (NOC),,Hard down,Hard down || FEI7577 || Start time:06/23/2026 00:03 AM EST,"06-23-2026 09:36:20 - (Work notes)
Site is up and stable.
Hence closing this Inc.

",
INC2178821,Closed,,06-23-2026 15:00:50,06-29-2026 14:06:01,06-29-2026 14:06:01,Network Operations Center (NOC),,Branh network keeps briefly going offline,"AA: ABF2901
Callback:
Location: FEI1334
Remote (Y/N)?
Email:



Issue: network connection issues. Branch has been experiencing this issue in the sales pit, But the network as a whole is working. just getting repeated interruptions that last about a second of 2.

","06-24-2026 14:03:43 - (Work notes)
Reached out to user on issue in Teams to collect some more information as it appears ticket got passed back down from the NOC.
Associate states the issue has not reoccurred today and it is okay to have ticket closed out.

Confirmed via Teams after messaging associate that issue has not occurred today and it was okay to have ticket closed out.

06-23-2026 15:19:47 - (Work notes)
>>Got a call from stating that intermittent network issue still they are facing
>>Pinged on Teams chat to to look into this.

06-23-2026 15:15:03 - (Work notes)
Creating ticket for associate.
Noticing that user keeps going on and offline in Beyond trust
Providing associate with the support number to reach the network team for assistance.

Providing associate with ticket number > INC2178821
Network Support contact at

",
INC2173765,Closed,,06-17-2026 06:45:02,06-24-2026 10:05:16,06-24-2026 10:05:16,Network Operations Center (NOC),,INET02 Star link is down | FEI1539,Star link is down,"06-19-2026 09:37:33 - (Work notes)
Circuit is restored.

06-17-2026 06:45:02 - (Work notes)
INET01 is down

",
INC2187727,Closed,,07-03-2026 20:35,07-11-2026 15:05,07-11-2026 15:05,Network Operations Center (NOC),,Hard down || FEI2778 || Start time : 07/03/2026 03:50 PM EST,Site is down,,
INC2180342,Closed,,06-25-2026 04:27:25,07-01-2026 05:05,07-01-2026 05:05,Network Operations Center (NOC),,Hard down,Hard down || FEI1112 || Start time:06/25/2026 00:23 PM EST,"06-26-2026 04:50:02 - (Work notes)
After completing all L1 troubleshooting steps, including rebooting the switch, the site was restored and is currently under monitoring.
The Branch Manager has confirmed that the site is up and running. Additionally, we contacted the DSR and verified that the modem is in an active state.
Therefore, we are proceeding with ticket closure.

06-25-2026 04:27:25 - (Work notes)
Currently site is hard down, need to check with BM during business hours.

",
INC2180343,Closed,,06-25-2026 04:33:21,07-01-2026 06:05,07-01-2026 06:05,Network Operations Center (NOC),,Hard down,Hard down || FEI3935 || Start time: 06/25/2026 03:26 AM EST,"06-26-2026 05:08:37 - (Work notes)
After completing all L1 troubleshooting steps, including rebooting the switch, the site was restored and is currently under monitoring.
The Branch Manager has confirmed that the site is up and running. Additionally, we contacted the DSR and verified that the modem is in an active state.
Therefore, we are proceeding with ticket closure.

06-25-2026 04:33:21 - (Work notes)
Currently site is hard down, need to check with BM during business hours.

",
INC2170431,Closed,,06-12-2026 03:52,06-17-2026 15:05:48,06-17-2026 15:05:48,Network Operations Center (NOC),,FEI2666 || Site Hard Down,Hard down || FEI2666 || Start time: 06/11/2026 21:25 PM EST,"06-12-2026 15:04:50 - (Work notes)
--Closing as a duplicate of INC2170544

06-12-2026 08:52:57 - (Work notes)
--Opened for review
--No site POC showing for this location
--Through SN located a possible site contact of Aaron Coyle
--Reaching out via Teams
--Waiting on a response

06-12-2026 03:53:56 - (Work notes)
Need to check with BM for L1 troubleshoot during business hours

",
INC2173880,Closed,,06-17-2026 08:45:49,06-22-2026 11:05:46,06-22-2026 11:05:46,Network Operations Center (NOC),,Internet connection issues,"Is there a parent/problem or currently active ticket for this specific issue (Y/N)?? N

Issue Description: internet not working for laptop with dock - associate is at a ferguson store that is located within a customer's warehouse

associate is connected to the internet with ethernet from a white circular device that is mounted on the ceiling - 2 cables are plugged into the device and the associate has tested both cables

ST: 6M3TRW3
Latitude 5440

-System(s) affected (i.e., Trilogie, web browsing, etc.): All network connectivity
-The issue(s) affecting the user (i.e., error message, not loading, etc.): Ethernet is detected and flashing but shortly after it goes back to the globe icon
-Number of affected users (note if affecting an entire branch): 1
-Location(s) affected (note if affecting remote users): FEI8165 (located within a customer's warehouse
-When did the issue(s) start?: morning of 6/17
-Is the issue impacting LAN, wireless, or both? LAN
-Name/contact info for an affected user (if not the user making contact): Matthew Ewing
-Model/manufacturer of affected hardware (i.e., service tag, serial numbers): 6M3TRW3 Latitude 5440
-Impacted Users' System information (IP address, MAC Address, Remote or On-prem): 4C:D7:17:D3:71:B7
-Has any troubleshooting been completed? (if so, note what steps taken): tested alternate cable, network reset, tested alternate ethernet port
","06-17-2026 10:33:54 - (Work notes)
We've worked with Matthew and performed a reboot of the Versa router. Services have been restored, and the incident is now being closed.

06-17-2026 09:04:28 - (Work notes)
-- direct to board reset dock
-- plug ethernet directly into laptop
-- swap with alternate ethernet cable
-- network reset laptop
-- associate does not have an alternate computer to test the network with
-- associate confirms others at the customer location are not having internet connection issues
-- consulting noc

",
INC2171402,Closed,,06-14-2026 20:12:54,06-23-2026 15:05:32,06-23-2026 15:05:32,Network Operations Center (NOC),,Site is Hard Down.,Site 0150-Chattanooga-TN is Hard down.,"06-18-2026 14:06:10 - (Work notes)
The site is back up and stable. Closing this out.

06-14-2026 20:15:56 - (Work notes)
Site is hard down, have pinged the BM to verify the power on site. Awaiting Response.
Gateway is not reachable.

",
INC2174782,Closed,,06-18-2026 03:45:57,06-28-2026 06:05:07,06-28-2026 06:05:07,Network Operations Center (NOC),,Internet is down || FEI:0028,"The internet service is currently down, and GLS has advised us to perform a modem reboot.","06-23-2026 05:52:28 - (Work notes)
As per Alrene, no network issues were observed after the Versa router was restored. With user confirmation, we proceeded to close the incident

06-19-2026 13:30:24 - (Work notes)
> As per Arlene, they performed power reboot on Versa and services are stable.
> Needs to keep monitoring ticket till monday.

06-18-2026 03:52:05 - (Work notes)
need to reboot the modem.

06-18-2026 03:45:57 - (Work notes)
GLS Ticket number: 12209746

 The Spectrum internet circuit is down. Please remove the power from the Spectrum modem, wait 2 minutes, and reconnect the power.

 Please see below for how to identify the Spectrum modem:


?
Modem Make/Model
Technicolor EU2251 (Single port modem)
Modem MAC
0CB9376993F4


",
INC2171405,Closed,,06-14-2026 20:14:28,06-23-2026 15:05:35,06-23-2026 15:05:35,Network Operations Center (NOC),,Site is Hard Down.,Site 0461-Richmond-VA is Hard Down.,"06-18-2026 14:07:58 - (Work notes)
The site is back up and stable. Closing this out.

06-14-2026 20:18:15 - (Work notes)
Site is hard down, have pinged the Branch Manager to verify the power on site. Awaiting Response.

",
INC2189955,Closed,,07-07-2026 15:08,07-12-2026 16:05,07-12-2026 16:05,Network Operations Center (NOC),,3764_Piscataway_NJ_N2248-41 switch and connected AP's down,3764_Piscataway_NJ_N2248-41 switch and connected AP's down,"07-07-2026 16:01:35 - (Work notes)
Site is back up, closing ticket

07-07-2026 15:25:50 - (Work notes)
left a voicemail for the BM, Brian Favretto.

",
INC2180344,Closed,,06-25-2026 04:33:54,07-03-2026 21:05,07-03-2026 21:05,Network Operations Center (NOC),,Switch Down || FEI: 1150 || 06/24/26 9:30 PM EST,"Switch not reachable

C:\Users\ABJ6578>ping 10.136.174.30

Pinging 10.136.174.30 with 32 bytes of data:
Request timed out.
Request timed out.
Request timed out.
Request timed out.

Ping statistics for 10.136.174.30:
 Packets: Sent = 4, Received = 0, Lost = 4 (100% loss),","06-28-2026 21:00:12 - (Work notes)
Switch is reachable now.

C:\Users\ABJ6578>ping 10.136.174.30

Pinging 10.136.174.30 with 32 bytes of data:
Reply from 10.136.174.30: bytes=32 time=339ms TTL=250
Reply from 10.136.174.30: bytes=32 time=317ms TTL=250
Reply from 10.136.174.30: bytes=32 time=341ms TTL=250
Reply from 10.136.174.30: bytes=32 time=313ms TTL=250

Ping statistics for 10.136.174.30:
 Packets: Sent = 4, Received = 4, Lost = 0 (0% loss),
Approximate round trip times in milli-seconds:
 Minimum = 313ms, Maximum = 341ms, Average = 327ms

06-25-2026 10:17:41 - (Work notes)
The switch is now up and stable. The issue was caused by a failed UPS battery, and the site experienced a power fluctuation. Due to excessive power draw that the UPS could not handle, the switches were continuously rebooting.
Currently, access has been restored to all devices connected through the switch.

Michael will be ordering a new battery for the site

06-25-2026 04:33:54 - (Work notes)
Switch not reachable. Need to check the switch power connectivity, informed BM to verify, waiting for his response.

C:\Users\ABJ6578>ping 10.136.174.30

Pinging 10.136.174.30 with 32 bytes of data:
Request timed out.
Request timed out.
Request timed out.
Request timed out.

Ping statistics for 10.136.174.30:
 Packets: Sent = 4, Received = 0, Lost = 4 (100% loss),

",
INC2170557,Closed,,06-12-2026 09:00,06-17-2026 16:05:12,06-17-2026 16:05:12,Network Operations Center (NOC),,FEI2911 || Site Hard Down,FEI2911 || Site Hard Down,"06-12-2026 15:06:36 - (Work notes)
--Opened for review
--Switches are back online
--Unclear on what action was taken to resolve the issue

06-12-2026 09:03:10 - (Work notes)
--Opened for review
--Sent a Teams message to site POC Daniel Larmore to gather more info
--Waiting on a response

",
INC2174611,Closed,,06-17-2026 16:56:22,06-30-2026 17:05:28,06-30-2026 17:05:28,Network Operations Center (NOC),,1318-Springdale-AR | hard down,hard down,"06-17-2026 17:19:35 - (Work notes)
ISP dispatch schedule for 1 - 3 PM CET

06-17-2026 16:57:16 - (Work notes)
DSR ticek 39422001
----------------

",
INC2173696,Closed,,06-16-2026 19:39:54,06-21-2026 20:05:11,06-21-2026 20:05:11,Network Operations Center (NOC),,FEI3182 | Hard down | Start time| 6/16/2026 11:15 PM,FEI3182 | Hard down | Start time| 6/16/2026 11:15 PM,"06-16-2026 19:42:32 - (Work notes)
>>Reached out to BM Shad Manner regarding site hard down,
>>BM Confirmed nothing is working here
>>Traced the cabling from Spectrum Modem to Switch
>>rebooted the Modem and follow by Cisco switch
>>Site came up and running good now.
>>hence closing this case after confirmation from BM

",
INC2181422,Closed,,06-26-2026 04:19:22,07-01-2026 08:05,07-01-2026 08:05,Network Operations Center (NOC),,Hard down,Hard down || FEI3154 || Start time: 06/26/2026 03:53 AM EST,"06-26-2026 07:22:05 - (Work notes)
Site is up and stable, hence closing the case.
RFO : PO

06-26-2026 04:19:22 - (Work notes)
Currently site is out of network need to check with BM during business hours.

",
INC2181428,Closed,,06-26-2026 05:31:32,07-04-2026 10:05,07-04-2026 10:05,Network Operations Center (NOC),,Unable to connect to VPN,Unable to connect to VPN,"06-26-2026 09:41:13 - (Work notes)
>Pinged user, user is able to connect to VPN now
>but user is having intermittent connectivity, She will monitor for some time and get back

06-26-2026 05:35:40 - (Work notes)
>user is unable to connect to VPN
>Secure client shows successfully authenticated but still unable to connect
>Escalating the ticket for further assistance

06-26-2026 05:31:32 - (Work notes)
Unable to connect to VPN

",
INC2183441,Closed,,06-29-2026 19:50:46,07-06-2026 10:06,07-06-2026 10:06,Network Operations Center (NOC),,757 - site hard down | Starting time : 06/29/2026 14:29:28,757 - site hard down | Starting time : 06/29/2026 14:29:28,"07-01-2026 09:53:28 - (Work notes)
--Mediacom ISP technician visited the site
--Unclear what actions were taken by the technician
--It appears the modem was replaced per POC Paula
--Verified the site is back online and operational
--Confirmed the circuit is now stable
--As this is a silver site, it should have a second circuit
--INC2185122 - Prequalification request opened as the site should have a second circuit
--Working with on-call team to get a Digi sent out as a temporary solution

06-29-2026 19:53:41 - (Work notes)
DSR 39463858
Mediacom 415716

DSR updates:
======

Dispatch scheduled for tomorrow 6/30 between 8 and 10 AM
Modem is possibly friday from power outage unable to access it remotely

Next step:
Follow up with DSR for udpate on Tech dispatch if alarms dont clear

06-29-2026 19:50:46 - (Work notes)
Dispatch scheduled for tomorrow 6/30 between 8 and 10 AM
Modem is possibly friday from power outage unable to access it remotely


===============Next Action==================
Follow up with DSR for udpate on Tech dispatch if alarms dont clear

",
INC2175022,Closed,,06-18-2026 09:28:18,07-01-2026 09:05,07-01-2026 09:05,Network Operations Center (NOC),,FEI1717 | Site hard down,"Location network offline due to power after storm
ETA: unknown
Contact:","06-18-2026 09:55:33 - (Work notes)
Duplicate ticket: INC2174830

06-18-2026 09:53:43 - (Work notes)
Alert triggered in solarwinds
Site offline
Confirmed with contact issue caused due to no power
Currently undergoing resolution with no ETR
Pings running for site when it comes online
Contact will also reach out when power is restored if possible

",
INC2182249,Closed,,06-27-2026 10:35:00,07-02-2026 11:05,07-02-2026 11:05,Network Operations Center (NOC),,Switch down 0038_Alexandria_VA_2960XR_31.na.sys.ds.wolseley.com,"Got a call from Sajan Moktan , many of the connected desktops were not working due to Switch down 0038_Alexandria_VA_2960XR_31.na.sys.ds.wolseley.com","06-27-2026 10:48:50 - (Work notes)
Got a call regarding multiple systems not working.
Upon checking, identified that one of the Cisco 2960 switches was down. Assisted the user in tracing the switch and found a power issue.
Verified that the switch was connected to an APC unit; however, it was not receiving power. The APC showed battery at 99% and load at 0% (as per attached image). Tried alternate outlets on the APC, but the issue persisted.
As a workaround, the user connected the switch directly to a power socket, after which the switch came up and all systems started working fine.
Advised the user to check the APC power outlets and raise a replacement request if required. User will initiate a case for the APC or reach out to us if further assistance is needed.
Closing the case for now.

",
INC2178012,Closed,,06-23-2026 04:04:34,06-29-2026 08:05:13,06-29-2026 08:05:13,Network Operations Center (NOC),,Switch Down || FEI:2910 || 06/22/26 10:33 PM,"Switch is not reachable.

C:\Users\ABJ6578>ping 10.150.200.41

Pinging 10.150.200.41 with 32 bytes of data:
Request timed out.
Request timed out.
Request timed out.
Request timed out.

Ping statistics for 10.150.200.41:
 Packets: Sent = 4, Received = 0, Lost = 4 (100% loss),","06-24-2026 07:30:58 - (Work notes)
Master Inc: INC2178097
Hence closing this Inc

06-23-2026 04:04:34 - (Work notes)
Switch is not reachable. Need to confirm the switch power status with BM during the business hours.

C:\Users\ABJ6578>ping 10.150.200.41

Pinging 10.150.200.41 with 32 bytes of data:
Request timed out.
Request timed out.
Request timed out.
Request timed out.

Ping statistics for 10.150.200.41:
 Packets: Sent = 4, Received = 0, Lost = 4 (100% loss),

",
INC2173859,Closed,,06-17-2026 08:37:08,06-22-2026 12:05:20,06-22-2026 12:05:20,Network Operations Center (NOC),,FEI0150 || Website Access Issues,"Having issues getting to an area of a customers site.
Other associates can get to the site
AT A VMI LOCATION 8173

Dell Pro 16 Plus PB16250
Service Tag: 9DL72K4
Support Services and Warranty: ProSupport Plus ? Ending on June 2, 2029


https://my.ruud.com/en-US/distributor/04638825-d500-47bf-9a7c-bcb39601634c/dashboard","06-17-2026 11:15:01 - (Work notes)
--After rebooting the computer, the user was able to access the requested website without issue

06-17-2026 09:31:29 - (Work notes)
--Opened for review at management request
--Site is listed as a VMI location
--Checking the site stats in Director
--Both primary and secondary circuits have been up for over 2 days without flapping
--No obvious signs of unusual traffic over the last 24 hours

06-17-2026 09:17:06 - (Work notes)
Still having an issue.
Since this is a VMI location, we were instructed to reach out to NOC.
Did so.

06-17-2026 08:56:34 - (Work notes)
Kept getting booted off of his system after about 10 seconds.
Had him try it in edge and got the same thing.
Walked him through trying it in edge.
Same thing.
Had him clear the browser cache in the tech tool box.

",
INC2187867,Closed,,07-05-2026 12:12,07-12-2026 13:05,07-12-2026 13:05,Network Operations Center (NOC),,0927-Joppa-MD | hard down,"call back no
 - jeff

C:\Users\ABJ4021>ping 10.159.2.54

Pinging 10.159.2.54 with 32 bytes of data:
Request timed out.
Request timed out.
Request timed out.
Request timed out.

Ping statistics for 10.159.2.54:
 Packets: Sent = 4, Received = 0, Lost = 4 (100% loss),

C:\Users\ABJ4021>
","07-07-2026 12:49:30 - (Work notes)
branch is up and running

07-06-2026 10:53:24 - (Work notes)
branch is up

C:\Users\ABJ4021>ping 10.159.9.27

Pinging 10.159.9.27 with 32 bytes of data:
Reply from 10.159.9.27: bytes=32 time=280ms TTL=60
Reply from 10.159.9.27: bytes=32 time=280ms TTL=60
Reply from 10.159.9.27: bytes=32 time=283ms TTL=60
Reply from 10.159.9.27: bytes=32 time=282ms TTL=60

Ping statistics for 10.159.9.27:
 Packets: Sent = 4, Received = 4, Lost = 0 (0% loss),
Approximate round trip times in milli-seconds:
 Minimum = 280ms, Maximum = 283ms, Average = 281ms

C:\Users\ABJ4021>

07-06-2026 07:34:25 - (Work notes)
DSR ticket

DSR 39485265

Outage Detected
This location is experiencing a loss in service.
Outage Reported:
7/4/2026 8:10 PM EDT
Est. Time of Restoration:
as soon as possible
Status:
Under Investigation
Cause:
Severe Weather


Severe weather no ETR.

07-06-2026 07:21:16 - (Work notes)
got call from branch
performed L1 , no luck
called DSR for ISP checks
No ETR due sever weather and damage

",
INC2187683,Closed,,07-03-2026 11:07,07-13-2026 10:06:25,07-13-2026 10:06:25,Network Operations Center (NOC),,Branch 3062 hard down || Start time: 07/03/2026 09:00:,Branch 3062 hard down,"07-08-2026 10:04:19 - (Work notes)
Site is back online after the power got restored once the long weekend at US was done.

",
INC2174906,Closed,,06-18-2026 08:44:10,06-23-2026 11:05:32,06-23-2026 11:05:32,Network Operations Center (NOC),,VMI location ticket printer is not printing,"Is there a parent/problem or currently active ticket for this specific issue (Y/N)?? N

Issue Description: VMI location - Trilogie printer not working, was working yesterday


Ricoh P800

Machine: PRODNE
Account: LAKEWOOD
Branch: 8138","06-18-2026 10:17:31 - (Work notes)
The site is a SOHO location with a single WAN link. Upon user report, we observed that the WAN link was down, which caused the disruption in services, including printing.
Once the ISP WAN link was restored, the site connectivity came back up, and the printer started functioning normally. We have also received confirmation from the user that the issue is resolved.

06-18-2026 09:03:17 - (Work notes)
NOC agreed to take over ticket.

06-18-2026 08:57:55 - (Work notes)
Solid yellow light on ethernet

Ethernet runs directly from wall to printer, no COM box.

06-18-2026 08:53:45 - (Work notes)
Plugged laptop into the port the printer is using - no internet connection coming from the port

06-18-2026 08:49:57 - (Work notes)
Power cycle did not resolve connection issue

06-18-2026 08:47:25 - (Work notes)
C:\Users\ABJ3580>PING 10.82.219.228

Pinging 10.82.219.228 with 32 bytes of data:
Request timed out.
Request timed out.
Request timed out.
Request timed out.

Ping statistics for 10.82.219.228:
 Packets: Sent = 4, Received = 0, Lost = 4 (100% loss),

06-18-2026 08:46:48 - (Work notes)
8138:
813840ý813840ý10.82.219.228%9100ýýLASER.PCL2ýLASER
813840ý813840ý10.82.219.228%9100ýýLASER.PCL2ýLASER
813840ý813840ý10.82.219.228%9100ýýLASER.PCL2ýLASER
LAKEWOOD
50104ý50104ý10.142.73.100%9100ýýI3400ýLASER


813840ý813840ý10.82.219.228%9100ýýLASER.PCL2ýLASER


06-18-2026 08:45:11 - (Work notes)
-- consulting trilogie support

",
INC2174947,Closed,,06-18-2026 09:10:04,06-23-2026 11:05:49,06-23-2026 11:05:49,Network Operations Center (NOC),,No internet at branch,"Issue Description: No internet at the branch after overnight storm

-System(s) affected (i.e., Trilogie, web browsing, etc.): Applications and web browsing
-The issue(s) affecting the user (i.e., error message, not loading, etc.): Unable to connect to the internet
-Number of affected users (note if affecting an entire branch): 4 users
-Location(s) affected (note if affecting remote users): FEI2294
-When did the issue(s) start?: Noticed this morning 7:30am CST
-Is the issue impacting LAN, wireless, or both? Both
-Name/contact info for an affected user (if not the user making contact): Fernanda Perez
-Has any troubleshooting been completed? (if so, note what steps taken): Ensured networking equipment is powered on in the IT closet

","06-18-2026 10:35:34 - (Work notes)
Site is up and stable. hence closing this Inc

06-18-2026 09:26:05 - (Work notes)
- Confirmed that IT equipment in service closet has power
- Reached out to NOC
- Advised to have associate reboot comcast router and dell switch
- Associate was only able to find comcast router, rebooted for 2 minutes
- Reconnected, issue remains
- Informed NOC, they will reach out to associate directly

",
INC2173891,Closed,,06-17-2026 08:50:21,06-23-2026 11:05:58,06-23-2026 11:05:58,Network Operations Center (NOC),,INET02 Down at 0028,INET02 circuit down at 0028,"06-18-2026 10:45:35 - (Work notes)
We coordinated with Branch Manager and brought up the circuit. The AT&T circuit has been up and stable.
Closing this ticket

06-17-2026 08:50:21 - (Work notes)
The INET02 circuit down
The INET02 circuit connected Port 3 on Versa is showing down.
Reaching out to BM to verify the cable connection between ATT Modem and Versa

",
INC2180422,Closed,,06-25-2026 08:12:09,06-30-2026 09:05:02,06-30-2026 09:05:02,Network Operations Center (NOC),,FEI0048 || Site Hard Down,Site went down ~7:45am EST,"06-25-2026 08:14:08 - (Work notes)
--As working issue site came back online

",
INC2179684,Closed,,06-24-2026 11:42:50,06-30-2026 09:05:01,06-30-2026 09:05:01,Network Operations Center (NOC),,FEI1985 | Site offline,"Site showing offline in solarwinds
Site: 1985
Contact:
Location closed on 04/26","06-24-2026 12:07:04 - (Work notes)
No contact with location but versa began pinging
Monitoring location

06-24-2026 12:04:39 - (Work notes)
Alert in solarwinds showing location offline
Versa showing offline in director
Attempting to contact POC as they are online
Awaiting status of location or contact at location to work with

",
INC2180393,Closed,,06-25-2026 07:42:53,06-30-2026 09:05:08,06-30-2026 09:05:08,Network Operations Center (NOC),,Versa Router Setup,"AA#: ABJ0440
Call Back#:
Location: 8180
Remote (Y/N)? N

Is there a parent/problem or currently active ticket for this specific issue (Y/N)??
Issue Description: associate is trying to setup a new versa router.","06-25-2026 08:15:43 - (Work notes)
I received a call from Branch 8180 regarding the Versa router setup. Austin confirmed that he has already been working with Drew Kondik on the SOHO router and has been waiting for Drew to locate the required cabling. Andy Koons is also assisting with the setup.

I informed Austin that I had received a call from Michael Mills regarding Branch 8180 and would connect with Andy Koons. Austin confirmed that he will coordinate directly with Michael Mills to get the Versa router setup completed.

Master ticket: RITM3399266

Hence closing this Inc

06-25-2026 08:13:33 - (Work notes)
RITM3399266

06-25-2026 08:09:46 - (Work notes)
I received a call from Branch 8180 regarding the Versa router setup. Austin confirmed that he has already been working with Drew Kondik on the SOHO router and has been waiting for Drew to locate the required cabling. Andy Koons is also assisting with the setup.

I informed Austin that I had received a call from Michael Mills regarding Branch 8180 and would connect with Andy Koons. Austin confirmed that he will coordinate directly with Michael Mills to get the Versa router setup completed.

06-25-2026 07:47:54 - (Work notes)
- Gathering info
- Consulting NOC, Darshan -- warm transfer

",
INC2181127,Closed,,06-25-2026 15:07:40,07-11-2026 06:05,07-11-2026 06:05,Network Operations Center (NOC),,FEI3517| internet flapping,"INet 01 ping log---
rebooted the modem , no go
calling dsr to report the issue


Reply from 47.23.89.174: bytes=32 time=240ms TTL=49
Reply from 47.23.89.174: bytes=32 time=234ms TTL=49
Reply from 47.23.89.174: bytes=32 time=220ms TTL=49
Request timed out.
Reply from 47.23.89.174: bytes=32 time=221ms TTL=49

Reply from 47.23.89.174: bytes=32 time=219ms TTL=49
Reply from 47.23.89.174: bytes=32 time=222ms TTL=49
Reply from 47.23.89.174: bytes=32 time=219ms TTL=49
Reply from 47.23.89.174: bytes=32 time=218ms TTL=49
Request timed out.
Reply from 47.23.89.174: bytes=32 time=219ms TTL=49","07-06-2026 06:03:27 - (Work notes)
circuit is stable from past few days
C:\Users\ABJ4021>ping 47.23.89.174

Pinging 47.23.89.174 with 32 bytes of data:
Reply from 47.23.89.174: bytes=32 time=228ms TTL=49
Reply from 47.23.89.174: bytes=32 time=218ms TTL=49
Reply from 47.23.89.174: bytes=32 time=222ms TTL=49
Reply from 47.23.89.174: bytes=32 time=220ms TTL=49

Ping statistics for 47.23.89.174:
 Packets: Sent = 4, Received = 4, Lost = 0 (0% loss),
Approximate round trip times in milli-seconds:
 Minimum = 218ms, Maximum = 228ms, Average = 222ms

C:\Users\ABJ4021>

06-25-2026 15:52:25 - (Work notes)
DSR called in and provided an update that the ISP has identified packet loss on the circuit. A troubleshooting session has been scheduled for tomorrow from 11:00 AM to 2:00 PM (Eastern Daylight Time) to investigate the issue further.

06-25-2026 15:16:27 - (Work notes)
DSR 39451217 -

06-25-2026 15:08:28 - (Work notes)
calling DSR to report the internet flapping on the branch

",
INC2189159,Closed,,07-07-2026 08:08,07-12-2026 14:05,07-12-2026 14:05,Network Operations Center (NOC),,FEI0927 || Site is harddown || 07/07/2026 07:41:36,FEI0927 || Site is harddown |,"07-07-2026 08:08:28 - (Work notes)
working on this

",
INC2181469,Closed,,06-26-2026 07:54:10,07-01-2026 10:05,07-01-2026 10:05,Network Operations Center (NOC),,Switch Down | FEI1150 |,Switch Down,"06-26-2026 09:17:59 - (Work notes)
Mike update: 1150 - observed the battery backup cycling power and causing the switches to continuously reboot again. moving power cables to a surge protector and off the UPS. once stable I'll check into the UPS settings, but I believe there is an issue with the load on the unit. new battery is due to arrive on Monday
 1150 is back online

Hence closing this Inc

06-26-2026 08:21:05 - (Work notes)
Mike is working on this

06-26-2026 07:56:54 - (Work notes)
We received a call from Kimberley at Branch 1150. She is currently unable to identify the network devices on site. Since the BM is out of office, she will wait for approximately one hour until someone else arrives at the branch to assist with identifying the devices.

",
INC2173114,Closed,,06-16-2026 11:30:13,06-21-2026 12:05:39,06-21-2026 12:05:39,Network Operations Center (NOC),,FEI2671 || .40 Switch Offline,#NAME?,"06-16-2026 11:45:51 - (Work notes)
--Determined the .40 switch (and associated APs) in SW are assigned to an old physical location
--Muting them as they are no longer in use

",
INC2182291,Closed,,06-28-2026 09:02:29,07-05-2026 09:05,07-05-2026 09:05,Network Operations Center (NOC),,Site is Hard Down.,Site 3123-MosesLake-WA is Hard Down.,"06-30-2026 08:59:25 - (Work notes)
The site Manager confirmed that the site was having power but no internet. As they were aware, they did rebooted the devices and the site came back up on internet. Closing this out.

06-28-2026 09:03:32 - (Work notes)
Reached out to the Branch Manager to verify the power on site. Awaiting Response.
Site is closed on weekend, we will continue to work/ look into this further once the site is open/back on business.

",
INC2183544,Closed,,06-30-2026 07:19:56,07-05-2026 09:06,07-05-2026 09:06,Network Operations Center (NOC),,Network at branch is not working.,"Is there a previously opened ticket for this specific issues (Y/N)? N

Description: Network at branch is not working. Printing not working, laptop only working when directly plugged in to router.

Machine: PRODMA
Account: OHVAL
Branch: 8482

Warehouse Queue: 8482
Printer Queue: Q848280
IP: 10.82.220.230","06-30-2026 08:21:14 - (Work notes)
Contacted Brian Mutters and have moved the spectrum cable from Wall port to Port 6 On Versa which is configured for INET02.
After that the versa came online and Brain confirmed workstation and Printer are working fine.
Closing the ticket.

06-30-2026 08:04:31 - (Work notes)
Contacted Brian Mutters and have moved the spectrum cable from Wall port to Port 6 On Versa which is configured for INET02.
After that the versa came online and Brain confirmed workstation and Printer are working fine.

06-30-2026 07:36:25 - (Work notes)
NOC agreed to take over this ticket.

06-30-2026 07:33:29 - (Work notes)
- Associate is only person at the branch

- Laptop works when plugging straight into router

06-30-2026 07:30:44 - (Work notes)
Consulting NOC (Gopinath)

06-30-2026 07:26:16 - (Work notes)
Laptop plugged in to same port as printer and not receiving a connection

06-30-2026 07:24:11 - (Work notes)
C:\Users\ABJ3580>ping 10.82.220.230

Pinging 10.82.220.230 with 32 bytes of data:
Request timed out.
Request timed out.
Request timed out.
Request timed out.

Ping statistics for 10.82.220.230:
 Packets: Sent = 4, Received = 0, Lost = 4 (100% loss),

06-30-2026 07:23:13 - (Work notes)
8482:
148001ý148001ý10.137.248.55%9100ýýIBMOKIýWESTCHESTER WHITE PAPER
848280ý848280ý10.82.220.230%9100ýýLASER.PCL2ý8482 PRINTER
848280ý848280ý10.82.220.230%9100ýýLASER.PCL2ý8482 PRINTER
OHVAL



848280ý848280ý10.82.220.230%9100ýýLASER.PCL2ý8482 PRINTER

",
INC2172020,Closed,,06-15-2026 12:41:17,06-21-2026 12:05:58,06-21-2026 12:05:58,Network Operations Center (NOC),,Printer Offline,"Issue Details: Printer Offline

Mfg Serial Number: 9163RC10237
Config Serial Number: C94061178
EID: 63030161
Model: IMC3510
Cost Center: 3156
Street Address: 12522 CANYON RD E
City: PUYALLUP
State: WA
Zip Code: 98373-4446
IP Address: 10.158.4.210

Name:
Location: FEI9986
Number:
User ID: ABI0401
Email:
","06-16-2026 12:01:02 - (Work notes)
We had a call with Laik and identified that switch port 1/0/6 was faulty. The connection was moved to port 1/0/7, after which services were restored. Hence, the incident is being closed.

06-15-2026 19:39:54 - (Work notes)
The associates are closing up for the day, we will continue to check on this by tomorrow.!

06-15-2026 13:07:15 - (Work notes)
- Directing user to print the MAC Address of the Ricoh Printer
- Performing Power Cycle before directing to ensure nothings changed since initial diagnostic of printer
- MAC Address: 58.38.79.9F.FF.39
- Associate states again there is no workstation close enough to the printer to test a live port.

06-15-2026 12:49:12 - (Work notes)
- Associate states branch experienced Internet Issues last week and printer hasn't been online since
- IP: 10.158.4.210
- Connected to Port 6
- Has user connect printer ethernet cord into the docking station, connected via laptop
- Has user attempt to reach Ferguson Pipeline (Not Successful)
- Contacting NOC
- Branch 3156

",
INC2186419,Closed,,07-02-2026 04:07,07-08-2026 03:05,07-08-2026 03:05,Network Operations Center (NOC),,FEI0142 | Site down | Start time: 07/02/2026 03:46:04 | End time:,site down,"07-03-2026 02:08:27 - (Work notes)
site is stable, hence closing the ticket.

",
INC2174776,Closed,,06-18-2026 03:09:47,06-27-2026 11:05:11,06-27-2026 11:05:11,Network Operations Center (NOC),,Hard down,Hard down || FEI2294 || Start time: 06/17/2026 22:37 PM EST,"06-18-2026 03:09:47 - (Work notes)
Gateway is not reachable, need to do L1 check during business hours

",
INC2171393,Closed,,06-14-2026 16:19:43,06-21-2026 14:05:02,06-21-2026 14:05:02,Network Operations Center (NOC),,FEI12800 || site is Hard down || 06/14/2026 13:16:39,FEI12800 || site is Hard down || 06/14/2026 13:16:39,"06-14-2026 17:48:27 - (Work notes)
The site seems to be back up. Monitoring it for stability.

06-14-2026 17:39:42 - (Work notes)
Got an update from the Branch Manager saying that the internet is down, as the site is closed we can continue troubleshooting further once the site is open.

06-14-2026 16:22:22 - (Work notes)
Suspecting some local power issue , even DIGI is showing down

06-14-2026 16:20:18 - (Work notes)
Gateway is not reachable. I have pinged the BM.awaiting for response

",
INC2188012,Closed,,07-06-2026 07:56,07-13-2026 05:05:01,07-13-2026 05:05:01,Network Operations Center (NOC),,FEI0050 | tech dispatch | Internet connection issues,"Is there a parent/problem or currently active ticket for this specific issue (Y/N)?? N

Issue Description: no internet connection

connected with ethernet

-System(s) affected (i.e., Trilogie, web browsing, etc.): internet
-The issue(s) affecting the user (i.e., error message, not loading, etc.): unable to connect to network via ethernet
-Number of affected users (note if affecting an entire branch): at least 2
-Location(s) affected (note if affecting remote users): 0050
-When did the issue(s) start?: This morning
-Is the issue impacting LAN, wireless, or both? LAN -- no wifi connection at this branch location
-Name/contact info for an affected user (if not the user making contact): Caleb Blockston,
-Model/manufacturer of affected hardware (i.e., service tag, serial numbers): 26PHM94, H3CSX74
-Impacted Users' System information (IP address, MAC Address, Remote or On-prem):
26PHM94
---IPv4: 169.254.244.167
---MAC Address: E8-CF-83-B2-52-DC
H3CSX74:
--- IPv4: 169.254.168.222
--- MAC Address: E8-CF-83-23-A4-54
-Has any troubleshooting been completed? (if so, note what steps taken): associate has confirmed PC and docking station are working. Associate is able to connect to ethernet at a different location in the branch. Swapping the cable did not fix the issue.

NOTE: If the site is actively moving network-related cables or restarting network equipment, get the NOC involved immediately.

NOTE: If you are unable to gather information, note that in the ticket and the reason why (i.e., user not at the site, doesn’t have access, etc.)
","07-08-2026 04:31:09 - (Work notes)
Tech called back and stated that he has fixed the issue and even the Branch Manager confirmed that the ports are working.
He moved the cable from the IP phones to the mini switch port 5
similarly for the workstation to the mini switch port 8 then to the PC.

So now the PC and the IP phones are connected to the port 5 and port 8 working ports.

07-07-2026 09:23:24 - (Work notes)
The Tech is on site and once he is done with checking the ports he will get back to us for the verification.

07-07-2026 08:41:56 - (Work notes)
?
Technician Scheduled




7/7 9:00 AM

07-06-2026 09:25:45 - (Work notes)
Service Request: T20260706.0001
Smart Hands Support
Search Knowledge Base
INC2188012 | FEI0050 | tech dispatch to trace the cable to wall port

07-06-2026 09:15:22 - (Work notes)
wall port not working = port no 1 and 3 are not working
verified by connecting working laptop to non working port
dispatching a tech to verify the connectivity from switch to wallport

07-06-2026 09:06:47 - (Work notes)
- warm transferred

07-06-2026 09:04:02 - (Work notes)
- Associate found an ethernet cable and was able to successfully connect to a different port
- Associate's docking station is function as is too
- Associate tried connecting laptop directly to switch at their workstation and still does not get internet
- There is at least one other PC/Associate with this issue
- Having associate enter ipconfig /all at nonworking workstation
- Gathering IP and MAC addresses
- Consulting NOC -- .

07-06-2026 08:16:25 - (Work notes)
-- direct to board reset docking station
-- test by plugging directly into laptop
-- associate does not have an alternate ethernet cable to connect with, and is unable to move the laptop to another port to test
-- associate says they will find an alternate ethernet cable and test then contact back if issues are persisting

",
INC2176736,Closed,,06-20-2026 04:08:11,06-28-2026 02:05:01,06-28-2026 02:05:01,Network Operations Center (NOC),,"Switch Down || FEI: 3862 || 06/19/26 11:17 PM	","Switch is not reachable.

C:\Users\ABJ6578>ping 10.131.208.2

Pinging 10.131.208.2 with 32 bytes of data:
Request timed out.
Request timed out.
Request timed out.
Request timed out.

Ping statistics for 10.131.208.2:
 Packets: Sent = 4, Received = 0, Lost = 4 (100% loss),","06-23-2026 01:55:40 - (Work notes)
Switch is now up and operational.

C:\Users\ABJ6578>ping 10.131.208.2

Pinging 10.131.208.2 with 32 bytes of data:
Reply from 10.131.208.2: bytes=32 time=237ms TTL=59
Reply from 10.131.208.2: bytes=32 time=243ms TTL=59
Reply from 10.131.208.2: bytes=32 time=236ms TTL=59
Reply from 10.131.208.2: bytes=32 time=237ms TTL=59

Ping statistics for 10.131.208.2:
 Packets: Sent = 4, Received = 4, Lost = 0 (0% loss),
Approximate round trip times in milli-seconds:
 Minimum = 236ms, Maximum = 243ms, Average = 238ms

06-20-2026 04:08:11 - (Work notes)
Complete branch went down, other devices came up but switch and connected access points are still not reachable. Need to verify the power status of the switch with BM during the business hours.

C:\Users\ABJ6578>ping 10.131.208.2

Pinging 10.131.208.2 with 32 bytes of data:
Request timed out.
Request timed out.
Request timed out.
Request timed out.

Ping statistics for 10.131.208.2:
 Packets: Sent = 4, Received = 0, Lost = 4 (100% loss),

06-20-2026 04:08:11 - (Work notes)
Created from a similar incident INC2176735

",
INC2176735,Closed,,06-20-2026 04:04:36,06-28-2026 02:05:02,06-28-2026 02:05:02,Network Operations Center (NOC),,Switch Down || FEI: 3546 || 06/20/26 12:43 AM,"Switch is not reachable.

C:\Users\ABJ6578>ping 10.150.80.41

Pinging 10.150.80.41 with 32 bytes of data:
Request timed out.
Request timed out.
Request timed out.
Request timed out.

Ping statistics for 10.150.80.41:
 Packets: Sent = 4, Received = 0, Lost = 4 (100% loss),","06-23-2026 01:56:46 - (Work notes)
Switch is now up and operational.

ping 10.150.80.41

Pinging 10.150.80.41 with 32 bytes of data:
Reply from 10.150.80.41: bytes=32 time=230ms TTL=59
Reply from 10.150.80.41: bytes=32 time=238ms TTL=59
Reply from 10.150.80.41: bytes=32 time=229ms TTL=59
Reply from 10.150.80.41: bytes=32 time=230ms TTL=59

Ping statistics for 10.150.80.41:
 Packets: Sent = 4, Received = 4, Lost = 0 (0% loss),
Approximate round trip times in milli-seconds:
 Minimum = 229ms, Maximum = 238ms, Average = 231ms

06-20-2026 04:04:36 - (Work notes)
Switch is not reachable. Complete branch went down, other devices came but switch and connected AP's are still down. Need to verify the device power status with BM during the business hours.

C:\Users\ABJ6578>ping 10.150.80.41

Pinging 10.150.80.41 with 32 bytes of data:
Request timed out.
Request timed out.
Request timed out.
Request timed out.

Ping statistics for 10.150.80.41:
 Packets: Sent = 4, Received = 0, Lost = 4 (100% loss),

",
INC2176734,Closed,,06-20-2026 03:59:26,06-28-2026 02:05:03,06-28-2026 02:05:03,Network Operations Center (NOC),,Branch Down || FEI: 3773 || 06/19/26 8:18 PM EST,"All the devices are down at the branch

C:\Users\ABJ6578>ping 10.159.37.73

Pinging 10.159.37.73 with 32 bytes of data:
Request timed out.
Request timed out.
Request timed out.
Request timed out.

Ping statistics for 10.159.37.73:
 Packets: Sent = 4, Received = 0, Lost = 4 (100% loss),","06-23-2026 01:58:22 - (Work notes)
Branch is now up and operational.

C:\Users\ABJ6578>ping 10.159.37.73

Pinging 10.159.37.73 with 32 bytes of data:
Reply from 10.159.37.73: bytes=32 time=261ms TTL=60
Reply from 10.159.37.73: bytes=32 time=248ms TTL=60
Reply from 10.159.37.73: bytes=32 time=260ms TTL=60
Reply from 10.159.37.73: bytes=32 time=249ms TTL=60

Ping statistics for 10.159.37.73:
 Packets: Sent = 4, Received = 4, Lost = 0 (0% loss),
Approximate round trip times in milli-seconds:
 Minimum = 248ms, Maximum = 261ms, Average = 254ms

06-20-2026 03:59:26 - (Work notes)
All the devices are down at the branch. Need to check the power status of the devices with BM during the business hours.

C:\Users\ABJ6578>ping 10.159.37.73

Pinging 10.159.37.73 with 32 bytes of data:
Request timed out.
Request timed out.
Request timed out.
Request timed out.

Ping statistics for 10.159.37.73:
 Packets: Sent = 4, Received = 0, Lost = 4 (100% loss),

",
INC2174830,Closed,,06-18-2026 07:23:57,06-28-2026 07:05:04,06-28-2026 07:05:04,Network Operations Center (NOC),,"FEI1717 - Site down || Start time : 06/18/2026 06:45:16 EST End time: 19 June 2026, 09:20 PM EST",FEI1717 - Site down,"06-23-2026 06:16:48 - (Work notes)
Power has been restored, and all services are operating normally. Therefore, the incident is being closed.

06-18-2026 11:41:29 - (Work notes)
As per energy portal, there is power outage in area.

06-18-2026 07:32:27 - (Work notes)
>Router is down and ISP GW is unreachable.
> Tried to reach BM to perform L1 troubleshooting.

=================================
C:\Users\ABJ9547>ping 162.196.208.30

Pinging 162.196.208.30 with 32 bytes of data:
Request timed out.
Request timed out.
Request timed out.
Request timed out.

Ping statistics for 162.196.208.30:
 Packets: Sent = 4, Received = 0, Lost = 4 (100% loss),

C:\Users\ABJ9547>

",
INC2182392,Closed,,06-29-2026 06:56:50,07-04-2026 12:05,07-04-2026 12:05,Network Operations Center (NOC),,Hard down,Hard down || FEI3031 || Start time:06/29/2026 04:10 AM EST,"06-29-2026 11:43:27 - (Work notes)
Power restored and there is no issue with internet site is working fine.

06-29-2026 11:42:14 - (Work notes)
There is a power outage at the location 3031. The ETA is 12 PM EST.

06-29-2026 06:57:31 - (Work notes)
Currently site is hard down, checking with BM.

",
INC2183002,Closed,,06-29-2026 13:00:13,07-05-2026 22:05,07-05-2026 22:05,Network Operations Center (NOC),,Hard down || FEI0966 || Start time : 06/29/2026 12:25 PM EST,Site is down,,
INC2187682,Closed,,07-03-2026 11:05,07-13-2026 07:05:25,07-13-2026 07:05:25,Network Operations Center (NOC),,Branch 3731 hard down || Start time: 07/03/2026 09:22,Branch 3731 hard down ||,"07-08-2026 06:44:57 - (Work notes)
All devices are back online post long weekend and once the power got restored.

",
INC2187927,Closed,,07-06-2026 04:10,07-11-2026 22:05,07-11-2026 22:05,Network Operations Center (NOC),,Site hard down || 0485 || start time : 07/05/2026 20:16:33,Site hard down || 0485 || start time : 07/05/2026 20:16:33,"07-06-2026 04:11:30 - (Work notes)
Issue: - Branch hard down
Action Taken: The site is hard down, Both link went at a same time Have to perform the Layer-1,Suspecting power outage. We have left a message with BM to perform Layer 1 troubleshooting
Follow-Up Actions: kindly do follow-up BM, during business Hours

",
INC2171262,Closed,,06-12-2026 19:24,06-21-2026 15:05:09,06-21-2026 15:05:09,Network Operations Center (NOC),,2829-GardenCity-GA | hardown,local power outage,,
INC2171259,Closed,,06-12-2026 19:08,06-21-2026 15:05:46,06-21-2026 15:05:46,Network Operations Center (NOC),,2816-Fredericksburg-VA | hardown,"when the BM left the office , site did not have power
no ETA","06-16-2026 14:49:41 - (Work notes)
branch is up and running

",
INC2178186,Closed,,06-23-2026 09:00:32,06-28-2026 11:05:01,06-28-2026 11:05:01,Network Operations Center (NOC),,Printer offline after power outage Network port down,"BR: 0948
CB:
Printer serial 63800535
SP8400
10.132.218.149
Q94802

Printer off network
Port not labeled
","06-23-2026 10:05:10 - (Work notes)
The printer was not operational after a power outage. We coordinated with Jose, and after correcting the cable connection, services were successfully restored. Therefore, the incident is now being closed.

",
INC2172084,Closed,,06-15-2026 13:18:35,06-16-2026 11:18:35,06-16-2026 11:18:35,Network Operations Center (NOC),,AP044 Down,SOLARWINDS SHOWS AP044 DOWN FOR THIS SITE,"06-15-2026 13:18:35 - (Work notes)
SOLARWINDS SHOWS AP044 DOWN FOR THIS SITE

",
INC2187885,Closed,,07-05-2026 19:54,07-11-2026 20:05,07-11-2026 20:05,Network Operations Center (NOC),,FEI0037 || Site hard down || Starting time: 07/05/2026 17:40:05 EST Ending time: 07/06/2026 10:14 AM EST,FEI0037 || Site hard down || Starting time: 07/05/2026 17:40:05 EST,"07-06-2026 19:43:34 - (Work notes)
Starting time: 07/05/2026 17:40:05 EST Ending time: 07/06/2026 10:14 AM EST

Power has been restored, and all services are back online and operating normally. Therefore, this incident is being closed.

07-05-2026 19:54:38 - (Work notes)
The site is hard down. As the site is currently closed, L1 troubleshooting will be performed with the Branch Manager during business hours once the site opens.

",
INC2187883,Closed,,07-05-2026 19:48,07-11-2026 20:05,07-11-2026 20:05,Network Operations Center (NOC),,FEI0233 - Site hard down || Starting time : 07/05/2026 19:33:10 Ending time: 07/06/2026 11:43 AM EST,FEI0233 - Site hard down || Starting time : 07/05/2026 19:33:10,"07-06-2026 19:49:23 - (Work notes)
Starting time : 07/05/2026 19:33:10 Ending time: 07/06/2026 11:43 AM EST

Power has been restored, and all services are back online and operating normally. Therefore, this incident is being closed.

07-05-2026 19:50:00 - (Work notes)
The site is hard down. the site is currently closed. L1 troubleshooting will be carried out with the Branch Manager during business hours once the site is open.

",
INC2187886,Closed,,07-05-2026 19:55,07-11-2026 20:05,07-11-2026 20:05,Network Operations Center (NOC),,FEI3154 || Site hard down || Starting time :07/05/2026 17:38:20 Ending time : 07/06/2026 3:14 PM EDT,FEI3154 || Site hard down || Starting time :07/05/2026 17:38:20,"07-06-2026 19:40:27 - (Work notes)
Starting time :07/05/2026 17:38:20 Ending time: 07/06/2026 3:14 PM EDT

Power has been restored, and all services are back online and operating normally. Therefore, this incident is being closed.

07-05-2026 19:55:59 - (Work notes)
The site is hard down. As the site is currently closed, L1 troubleshooting will be performed with the Branch Manager during business hours once the site opens.

",
INC2175111,Closed,,06-18-2026 10:42:42,06-28-2026 09:05:37,06-28-2026 09:05:37,Network Operations Center (NOC),,INET01 Spectrum down at 0028,INET01 Spectrum down at 0028,"06-23-2026 08:21:45 - (Work notes)
The INET01 Spectrum circuit is up and stable
closing the ticket

06-18-2026 12:46:40 - (Work notes)
Contacted DSR (ticket 39419626) and checked with provider and they confirmed spectrum circuit was in an Outage from 6:36pm - 8pm EDT and its resolved. coordinated with Branch Manager and rebooted the Modem but no luck. Spectrum dispatch tech for 6/19 11am -12pm EDT to check the circuit issue.

06-18-2026 12:20:52 - (Work notes)
The DSR team has been contacted and confirmed that the Spectrum team will dispatch a technician tomorrow between 11:00 AM and 12:00 PM local time.

06-18-2026 10:42:42 - (Work notes)
INET01 Spectrum down at 0028
We checked with provider and they confirmed spectrum circuit was in an Outage from 6:36pm - 8pm EDT and its resolved.
Informed Modem appears to be in a hung state and need reboot.
Informed BM to check the LED status of the Spectrum modem (Technicolor EU2251) which is connected to interface Gi1/0/46 on the cisco 2960 switch. Then remove the power from the Spectrum modem wait for 2 minutes and reconnect the power.

",
INC2187884,Closed,,07-05-2026 19:52,07-11-2026 20:05,07-11-2026 20:05,Network Operations Center (NOC),,FEI1631 - Site hard down Starting time: 07/05/2026 18:48:01 Ending time: 07/06/2026 10:14 AM EST,FEI1631 - Site hard down Starting time: 07/05/2026 18:48:01,"07-06-2026 19:46:43 - (Work notes)
Starting time: 07/05/2026 18:48:01 Ending time: 07/06/2026 10:14 AM EST

Power has been restored, and all services are back online and operating normally. Therefore, this incident is being closed.

",
INC2187882,Closed,,07-05-2026 18:37,07-11-2026 20:05,07-11-2026 20:05,Network Operations Center (NOC),,FEI1723 - Switch down Starting time : 07/05/26 3:39 PM,FEI1723 - Switch down Starting time : 07/05/26 3:39 PM,"07-06-2026 19:51:19 - (Work notes)
Power has been restored, and all services are back online and operating normally. Therefore, this incident is being closed.

07-05-2026 18:38:04 - (Work notes)
Three switch is currently down and needs to verify the power status during business hours.

",
INC2178015,Closed,,06-23-2026 04:26:49,06-28-2026 09:05:28,06-28-2026 09:05:28,Network Operations Center (NOC),,Hard down,Hard down || FEI1487 || Start time: 06/23/2026 00:38 AM EST,"06-23-2026 04:27:43 - (Work notes)
Currently site is down, need to check with BM.

",
INC2180713,Closed,,06-25-2026 10:56:16,07-11-2026 21:05,07-11-2026 21:05,Network Operations Center (NOC),,Site 1739 || versa-B went down || 06/25/2026 04:36:35,Site 1739 || versa-B went down || 06/25/2026 04:36:35,"06-29-2026 11:56:31 - (Work notes)
Tech will reachg the site around 11:00 AM local time , device will reach the site around 10:30 AM local time as per the UPS tracker.

06-26-2026 21:09:15 - (Work notes)
The technician has left the branch since the Versa RMA was not delivered today. According to the tracking details, the shipment is expected to be delivered on Monday morning. Therefore, we have sent an email to the ServicePoint team requesting that the technician be rescheduled for Monday at 11:00 AM

06-26-2026 13:03:35 - (Work notes)
> The technician has arrived on site; however, the RMA router has not yet been delivered. We have requested that the technician wait for the next two hours and provide a callback once the replacement router arrives or if there are any updates.

Tech details :

Stoll, Jason



06-25-2026 12:49:24 - (Work notes)
We have rebooted the Versa-B device and performed an extended reboot; however, there is still no improvement. We are seeing link lights on ports 0, 2, and 3, but the check/status LED on Versa-B remains off, We have shared our input to GLS and waiting for GLS update.

Currently Site is up and running with Versa-A

06-25-2026 11:06:22 - (Work notes)
We are working with POC (Dennis Juarez), Versa is getting power, we have rebooting versa B now, currently site is up and running with versa A

",
INC2183622,Closed,,06-30-2026 08:40:09,07-05-2026 12:05,07-05-2026 12:05,Network Operations Center (NOC),,"Fei1836 | Ethernet hardwired devices in warehouse (PCs, timeclock, printer) not connecting; Office and Counter zones are fine","AA#: AAQ0642
br: 1836 HighJump CENT, Trilogie PRODMA/OHVAL
cb:
details: part of warehouse internet down; can use RFs, but can't log to PCs, timeclock down
--in office, able to get to Trilogie, other resources
--UPS PC, receiving PC, can't log to WMS, Google
--printed tickets to printer, nothing printed
--started ~08:00 EDT, 2026-06-30

Wireless devices visible online in MobiControl
E.g. wired device: H1836001 (10.151.108.70) - warehouse, not connecting
E.g. wired device: H1836002 (10.151.108.71) - counter, connecting
","06-30-2026 11:35:02 - (Work notes)
* 1836-Caledonia-MI-N3248P-IDF4-X2-44 switch is back online.**
* Identified that the APC UPS was not providing sufficient output power to the connected switches and was reporting an output error.
* Lucas disconnected the power cables for the IDF4 switch stack from the APC and connected them to a power strip, which restored power to the entire switch stack.
* All **five Access Points** connected to the switch stack also came back online after power was restored.
* Lucas and the warehouse users confirmed that all devices are back online and internet connectivity has been restored.

06-30-2026 09:14:09 - (Work notes)
Tried to reach out to Eric and Lucas via teams and phone -> Waiting for reply

06-30-2026 08:55:47 - (Work notes)
Called NOC, spoke to Gopinath. Engineers already looking into it, one of the IDF switches is down at branch.
Escalating to NOC for follow-up.
Advised branch that we'll be in touch with resolution, or with any manual steps the branch needs to complete.
Branch advised they were in process of replacing the filter on one of the ""servers"" (unclear whether this was the switch in question).

06-30-2026 08:55:30 - (Work notes)
The switch at the branch -> 1836-Caledonia-MI-N3248P-IDF4-X2-44 is hard down.
Reached out to Lucas Champion to TS the issue

06-30-2026 08:49:07 - (Work notes)
C:\Users\ABD9378>ping 10.151.108.70

Pinging 10.151.108.70 with 32 bytes of data:
Request timed out.
Request timed out.
Request timed out.
Request timed out.

Ping statistics for 10.151.108.70:
 Packets: Sent = 4, Received = 0, Lost = 4 (100% loss),

C:\Users\ABD9378>ping 10.151.108.71

Pinging 10.151.108.71 with 32 bytes of data:
Reply from 10.151.108.71: bytes=32 time=60ms TTL=250
Reply from 10.151.108.71: bytes=32 time=59ms TTL=250
Reply from 10.151.108.71: bytes=32 time=62ms TTL=250
Reply from 10.151.108.71: bytes=32 time=59ms TTL=250

Ping statistics for 10.151.108.71:
 Packets: Sent = 4, Received = 4, Lost = 0 (0% loss),
Approximate round trip times in milli-seconds:
 Minimum = 59ms, Maximum = 62ms, Average = 60ms

----------------------------------------------------------------

Able to ping Counter label printer, but not Warehouse label printer

06-30-2026 08:48:46 - (Work notes)
SELECT TWC.CONTROL_TYPE, TWC.WH_ID, TWC.DESCRIPTION|| CASE WHEN (UPPER(TWC.DESCRIPTION) != UPPER(TWD.DESCRIPTION)) THEN ' ('||TWD.DESCRIPTION||')' ELSE '' END ""DESCRIPTION""
 , TWC.NEXT_VALUE, TWC.CONFIG_DISPLAY, TWC.ALLOW_EDIT, TWC.C1, TWC.C2, TWC.F1
 , NVL((SELECT MIN(NAME) FROM T_EMPLOYEE WHERE USER_ID = AWC.OS_USER), AWC.OS_USER) ""LAST UPDATED BY"", AWC.CHANGED_COLUMN ""LAST CHANGE"", AWC.CHANGE_DATE, AWC.SESSION_USER
 , TWD.FUNCTIONALITY
FROM T_WOL_CONTROL TWC
LEFT JOIN T_WOL_CONTROL_DESCRIPTIONS TWD ON TWC.CONTROL_TYPE = TWD.CONTROL_TYPE
LEFT JOIN (SELECT * FROM A_WOL_CONTROL WHERE (WH_ID, CONTROL_TYPE, TO_CHAR(CHANGE_DATE, 'YYYYMMDDHH24MISS')||CHANGE_NUMBER||CHANGED_COLUMN) IN (SELECT WH_ID, CONTROL_TYPE, MAX(TO_CHAR(CHANGE_DATE, 'YYYYMMDDHH24MISS')||CHANGE_NUMBER||CHANGED_COLUMN) FROM A_WOL_CONTROL GROUP BY WH_ID, CONTROL_TYPE)) AWC ON AWC.WH_ID = TWC.WH_ID AND AWC.CONTROL_TYPE = TWC.CONTROL_TYPE
WHERE NVL(TWD.CONTROL_TABLE,'T_WOL_CONTROL') = 'T_WOL_CONTROL' --leave as-is
AND NVL(TWD.FUNCTIONALITY,'0') NOT LIKE '%NOT USED%GLOBAL SOLUTION%'
AND TWC.WH_ID IN (SELECT WH_ID FROM T_WHSE WHERE CODE != 'INACTIVE')
--
AND TWC.WH_ID IN ('1836')
--AND TWC.CONTROL_TYPE IN ('AUTO_GEN_DPICKUP', 'DPICKUP_OPT_SCN')
--AND UPPER(TWC.CONTROL_TYPE||' ; '||TWC.DESCRIPTION||' ; '||TWD.DESCRIPTION||' ; '||TWD.FUNCTIONALITY) LIKE UPPER('%WAREHOUSE%TYPE%')
--AND UPPER(TWC.C1||' ; '||TWC.C2||' ; '||TWC.F1||' ; '||TWC.NEXT_VALUE) LIKE UPPER('%\lb\%')
AND (UPPER(C1) LIKE UPPER('%H%'||TWC.WH_ID||'%') OR UPPER(C2) LIKE UPPER('%H%'||TWC.WH_ID||'%') OR UPPER(C1) LIKE UPPER('%Q%'||TWC.WH_ID||'%') OR UPPER(C2) LIKE UPPER('%Q%'||TWC.WH_ID||'%')) --looking for printers
--AND NVL(AWC.CHANGE_DATE,TO_DATE('19700101','YYYYMMDD')) >= (SYSDATE-14)
ORDER BY TWC.CONTROL_TYPE, TWC.WH_ID
;

----------------------------------------------------------------

--COUNTER_LBL_PRINTER	1836	Counter Label Printer (COUNTER PRINTER NAME) SHOW_VA	Y	H1836002
--DEFAULT_LBL_PRINTER	1836	Default Device Label Printer (DEFAULT PRINTER NAME) SHOW_VA	Y	H1836001

",
INC2187740,Closed,,07-04-2026 03:22,07-11-2026 23:05,07-11-2026 23:05,Network Operations Center (NOC),,site hard down | FEI2910 | Start time: 07/03/2026 21:05:12 | End time:,site down,"07-06-2026 22:40:33 - (Work notes)
Site is up and stable
RFO: Power outage

07-04-2026 03:22:02 - (Work notes)
Site closed during weekends, suspecting power outage due to US holiday.
Follow-up required on business hours.

",
INC2187739,Closed,,07-04-2026 03:17,07-11-2026 23:05,07-11-2026 23:05,Network Operations Center (NOC),,Site hard down | FEI1953 | Start time: 07/03/2026 20:41:11 | End time:,site down,"07-06-2026 22:41:32 - (Work notes)
site is up and stable.

07-04-2026 03:17:56 - (Work notes)
Site closed on weekends, suspecting power outage due to US holidays.
Follow-up required on business hours.

",
INC2187747,Closed,,07-04-2026 04:10,07-11-2026 23:05,07-11-2026 23:05,Network Operations Center (NOC),,Site hard down | FEI319402 | Start time: 06/02/2026 14:11:02 | End time:,site down,"07-06-2026 22:42:25 - (Work notes)
Site is up and stable.
RFO : PO

07-04-2026 04:10:29 - (Work notes)
Site closed during weekends, suspecting power outage due to US holiday.
Follow-up required on business hours.


",
INC2187745,Closed,,07-04-2026 03:45,07-11-2026 23:05,07-11-2026 23:05,Network Operations Center (NOC),,Site hard down | FEI3353 | Start time: 07/03/2026 23:12:07 | End time:,site down,"07-06-2026 22:43:55 - (Work notes)
site is up and stable.
RFO: PO

07-04-2026 03:45:30 - (Work notes)
Site closed during weekends, suspecting power outage due to US holiday.
Follow-up required on business hours.


",
INC2187750,Closed,,07-04-2026 04:29,07-11-2026 23:05,07-11-2026 23:05,Network Operations Center (NOC),,Site hard down | FEI0939 | Start time: 07/03/2026 19:19:00 | End time:,site down,"07-06-2026 22:44:57 - (Work notes)
site is up and stable.
RFO: PO

07-04-2026 04:29:00 - (Work notes)
Site closed during weekends, suspecting power outage due to US holiday.
Follow-up required on business hours.

",
INC2173761,Closed,,06-17-2026 06:30:35,06-28-2026 10:05:00,06-28-2026 10:05:00,Network Operations Center (NOC),,Site hard down | FEI0028 | Start time: 06/17/2026 05:29:26 | End time:,"site restored after power outage, INET01 went down. Raised case with GLS & DSR checking
","06-23-2026 09:56:26 - (Work notes)
Site and circuits up & stable.

06-17-2026 09:58:31 - (Work notes)
INET02 came up now, under observation

06-17-2026 09:54:07 - (Work notes)
Correction
INET02 AT&T is not managing by DSR, we need to continue work with GLS.

06-17-2026 09:43:42 - (Work notes)
DSR ticket # 39419626 also raised, they are now checking in their end.

06-17-2026 09:27:19 - (Work notes)
Site came up however INET02 circuit AT&T went down
Done L1 but no luck.
Checking with GLS

06-17-2026 06:34:23 - (Work notes)
BM confirmed there is a power outage at the area, no ETA

06-17-2026 06:30:35 - (Work notes)
Both circuit went down same time, reached BM for power status. Awaiting for reply.

",
INC2173258,Closed,,06-16-2026 13:12:58,07-06-2026 08:44,07-06-2026 08:44,Network Operations Center (NOC),,Digital Tags (433 offline and 82 unreachable) and Access points(2),"Requested by:
Requested by phone number:Requested for:
Requested for phone number:Location Number (ex. FEI0001): FEI0003
Locale: Ferguson TC
Requested For GID: AAP5600
Affected System: Network
Title: Digital Tags (433 offline and 82 unreachable) and Access points(2)
Details of Issue, Request, or Question: I have 433 digital tags showing offline, 82 tags unreachable and 2 access points that have been offline for at least 2 weeks now.
Please choose the best fit for this submission: Something that was working previously is now broken
","07-02-2026 13:42:22 - (Work notes)
Follow up sent to the site requesting an update / response

06-23-2026 09:45:57 - (Work notes)
Followed up with lcon requesting their progress

06-16-2026 15:58:26 - (Work notes)
For the time being i have provided a list of DPT's from Vusion and asked Katie to walk the showroom in order to find which Tags are having connectivity issues.
> I was able to confirm that the [ 2 ] Access Points showing OFFLINE in Vusion are APs 109 & 110
- > New floorplan in Meraki confirms that AP's 108 110 were not transitioned to the new building

> During our conversation, i did see the number of Tags showing ""Unreachable"" actively oscillate up and down which confirms that there are Tags out in the showroom that are most likely at the ""edge"" of AP coverage.

> We have seen issues in the past (Ex 0073) where after a renovation has been completed, not all inventory and tags are not restored / displayed / etc

06-16-2026 15:37:09 - (Work notes)
Katie confirms that the following image is the floorplan for the NEW Showroom
> Meraki Suggests that only 7 of the 10 AP's were installed at the new location

06-16-2026 15:33:02 - (Work notes)
Researched the site in Vusion / meraki / SW
Vusion showing 2 AP's down
SW - Site shows a .41 switch and 3 APs down since last month
Meraki shows 3 AP's down for over a month, 2 of them with ESL enabled on them

Reached out to site to gain perspective
Katie confirms that the site migrated the showroom to the next building over in the last month

",
INC2172873,Closed,,06-16-2026 09:25:27,06-21-2026 18:05:06,06-21-2026 18:05:06,Network Operations Center (NOC),,1129 - site is hard down Start time: 16th May at 6:10 PM UST End time : 16th May at 9:12 PM UST,1129 - site is hard down,"06-16-2026 17:18:47 - (Work notes)
>>Got call from DSR Outage is cleared.

06-16-2026 12:12:54 - (Work notes)
Start time: 16th May at 6:10 PM UST
End time: 16th May at 9:12 PM UST


The ISP services are restored, and all services are back online, hence closing the INC

06-16-2026 09:29:16 - (Work notes)
The router is down. We performed power reboots on the Versa router, ISP modem, and Cisco switch; however, the issue persists.
As there are no gateway IP details available on the DSR portal and an ISP-side issue is suspected, a case has been raised with DSR (Case ID: 39415132).

",
INC2171392,Closed,,06-14-2026 15:45:54,06-23-2026 15:05:23,06-23-2026 15:05:23,Network Operations Center (NOC),,Site hard down.,Site 0405-Aberdeen-NC is hard down.,"06-18-2026 14:08:37 - (Work notes)
The site is back up and stable. Closing this out.

06-14-2026 16:15:03 - (Work notes)
Site is hard down, have pinged the Branch Manager to verify the power on site. Awaiting response.

",
INC2171403,Closed,,06-14-2026 20:13:22,06-23-2026 15:05:24,06-23-2026 15:05:24,Network Operations Center (NOC),,Site is Hard down.,Site 0940-Delaware-OH is hard down.,"06-18-2026 14:07:22 - (Work notes)
The site is back up and stable. Closing this out.

06-14-2026 20:16:34 - (Work notes)
Site is hard down, have pinged the BM to verify the power on site. Awaiting Response.
Gateway is reachable.

",
INC2171400,Closed,,06-14-2026 20:08:58,06-23-2026 15:05:31,06-23-2026 15:05:31,Network Operations Center (NOC),,Site hard Down.,Site 3362-Warrington-PA is hard down.,"06-18-2026 14:05:00 - (Work notes)
The site is back up and stable. Closing this out.

",
INC2171404,Closed,,06-14-2026 20:14:03,06-23-2026 15:05:36,06-23-2026 15:05:36,Network Operations Center (NOC),,Site is Hard down.,Site 1432-Hampton-VA is Hard Down.,"06-18-2026 14:09:21 - (Work notes)
The site is back up and stable. Closing this out.

06-14-2026 20:17:41 - (Work notes)
Site is hard down, have pinged the Branch Manager to verify the power on site. Awaiting Response.
Gateway is reachable.

",
INC2173665,Closed,,06-16-2026 18:30:36,06-22-2026 19:05:14,06-22-2026 19:05:14,Network Operations Center (NOC),,3769-New-Brunswick-NJ | harddown,harddown,"06-17-2026 19:03:41 - (Work notes)
site is up and running

06-16-2026 18:33:06 - (Work notes)
both gateway are not reachable
hence need to verify the power at the branch

",
INC2187800,Closed,,07-04-2026 12:15,07-12-2026 06:05,07-12-2026 06:05,Network Operations Center (NOC),,3002-Longview-WA site hard down,3002-Longview-WA site hard down,"07-07-2026 05:54:24 - (Work notes)
The site is up and operational and the circuit is stable from 2days.
Closing this ticket

07-04-2026 12:19:53 - (Work notes)
Reached out to Jim Hewey to check the power and physical status of devices.

07-04-2026 12:15:54 - (Work notes)
3002-Longview-WA site hard down
we will reach out to BM to check the power and physical status of the devices.

",
INC2187802,Closed,,07-04-2026 12:24,07-12-2026 06:05,07-12-2026 06:05,Network Operations Center (NOC),,3123-MosesLake-WA Site hard down,3123-MosesLake-WA Site hard down,"07-07-2026 05:58:57 - (Work notes)
The site is up and operational and circuit is up and stable from 1w3d00h
closing this ticket

07-04-2026 12:24:27 - (Work notes)
3123-MosesLake-WA Site hard down
we will reach out to BM to check the power and physical status of the devices.

",
INC2174511,Closed,,06-17-2026 15:45:46,06-25-2026 19:05:00,06-25-2026 19:05:00,Network Operations Center (NOC),,"BR3697 -- Unable to access on Prem applications (Trilogie, Agent Widget) on Ferguson Network","Callback: Phone:
Location: 3697
Remote (Y/N)? N

Issue: Salesforce / Genesys -- Cannot open Agent Widget","06-20-2026 18:17:15 - (Work notes)
>>This is working fine after ISP Modem reboot and customer also confirmed ,
>>hence closing this case

06-19-2026 09:53:13 - (Work notes)
-User rebooted the modem and everything seems to be working fine now.
-Will be keeping this ticket in monitoring for the next 24 hours and closing it if no further issue is reported.

06-18-2026 20:25:51 - (Work notes)
>>need to follow-up with client as user was offline today

06-17-2026 17:30:16 - (Work notes)
>>Worked with the user and got the affected mac address D4A2.CD48.B077
>>Login into dell switch and checked mac was getting and also Ip was visible in EIP -
3697-Lake-Worth-FL-N3048-30#show mac address-table | include B077

1 D4A2.CD48.B077 Dynamic Gi1/0/31
>>Logs looks like issue with the stp port block
<189>1 2026-06-18T00:39:13.442-4:00Z 3697-Lake-Worth-FL-N3048-30 TRAPMGR trapTask traputil.c(721) 383438585 [stk@674 unit:1][sev@674 NOTE] %% Link Down: Gi1/0/31
<189>1 2026-06-18T00:39:13.263-4:00Z 3697-Lake-Worth-FL-N3048-30 TRAPMGR dot1s_task traputil.c(763) 383438583 [stk@674 unit:1][sev@674 NOTE] %% Gi1/0/31 is transitioned from the Forwarding state to the Blocking state in VLAN 11
<189>1 2026-06-18T00:39:13.261-4:00Z 3697-Lake-Worth-FL-N3048-30 TRAPMGR dot1s_task traputil.c(763) 383438582 [stk@674 unit:1][sev@674 NOTE] %% Gi1/0/31 is transitioned from the Forwarding state to the Blocking state in VLAN 1

>>checking with user of any other system are also affected, tried rebooting the device but no luck

06-17-2026 16:14:13 - (Work notes)
Reached out to NOC to assist further.

06-17-2026 16:06:05 - (Work notes)
There is an account from another Associate regarding Trilogie being non-responsive now.

06-17-2026 16:02:03 - (Work notes)
Agent Widget is not opening on other machines at this location as well (BR3697) -- Stopped working a few hours ago per Requestor.

06-17-2026 15:56:29 - (Work notes)
Associate is not on VPN and is on Branch Ethernet -- Widget won't load at all.
> Cleared cache -- NO CHANGE
> Reset Network via Technology Toolbox and restarted machine --- NO CHANGE

",
INC2187873,Closed,,07-05-2026 13:54,07-11-2026 16:05,07-11-2026 16:05,Network Operations Center (NOC),,Branch Down || FEI:5927 || 07/03/2026 18:18:18,"All devices are not reachable.

PS C:\Users\ABJ6578> ping 10.159.59.27

Pinging 10.159.59.27 with 32 bytes of data:
Request timed out.
Request timed out.
Request timed out.
Request timed out.

Ping statistics for 10.159.59.27:
 Packets: Sent = 4, Received = 0, Lost = 4 (100% loss),","07-06-2026 15:18:36 - (Work notes)
We are actively following up with the below given incident hence proceeding towards the closure of this ticket.

INC2187950

07-05-2026 13:54:40 - (Work notes)
All devices are not reachable. Need to confirm the devices power status, waiting for the BM response.

PS C:\Users\ABJ6578> ping 10.159.59.27

Pinging 10.159.59.27 with 32 bytes of data:
Request timed out.
Request timed out.
Request timed out.
Request timed out.

Ping statistics for 10.159.59.27:
 Packets: Sent = 4, Received = 0, Lost = 4 (100% loss),

",
INC2170432,Closed,,06-12-2026 03:57,06-17-2026 10:05:18,06-17-2026 10:05:18,Network Operations Center (NOC),,Hard down || FEI3149 || Start time: 06/12/2026 02:06: AM EST || End time: 06/12/2026 04:43 AM EST,Hard down || FEI3149,"06-12-2026 09:19:37 - (Work notes)
Branch is back online before the opening hours and seems stable since last few hours.

06-12-2026 03:58:14 - (Work notes)
ISP outages need to check with BM during business hours

",
INC2178013,Closed,,06-23-2026 04:06:45,06-28-2026 11:05:47,06-28-2026 11:05:47,Network Operations Center (NOC),,FEI0011|Switch Down | Start time 06/22/26 11:01 PM EST,FEI0011|Switch Down |,"06-23-2026 10:40:44 - (Work notes)
As confirmed by the site team, there has been no known power outage during the reported timeframe, switch is reachable, hence closing the INC
also, site 11 is closed and re-named with 7577, we've worked with James and corrected on SolarWinds and Hostname.

06-23-2026 09:24:50 - (Work notes)
C:\Users\ABJ9547>ping 10.135.106.30

Pinging 10.135.106.30 with 32 bytes of data:
Reply from 10.135.106.30: bytes=32 time=289ms TTL=250
Reply from 10.135.106.30: bytes=32 time=297ms TTL=250
Reply from 10.135.106.30: bytes=32 time=284ms TTL=250
Reply from 10.135.106.30: bytes=32 time=291ms TTL=250

Ping statistics for 10.135.106.30:
 Packets: Sent = 4, Received = 4, Lost = 0 (0% loss),
Approximate round trip times in milli-seconds:
 Minimum = 284ms, Maximum = 297ms, Average = 290ms

C:\Users\ABJ9547>

06-23-2026 05:18:56 - (Work notes)
Jignesh from the afternoon shift has been added to the chat to coordinate with the Branch Manager and check device status. Kindly support as needed.

",
INC2189973,Closed,,07-07-2026 15:23,07-13-2026 07:06:01,07-13-2026 07:06:01,Network Operations Center (NOC),,Branch Network Down,"AA#: ABH7521
Call Back#:
Location: 3764
Remote (Y/N)?

Is there a parent/problem or currently active ticket for this specific issue (Y/N)??
Issue Description: associate is having internet problems at the branch.

","07-07-2026 17:19:04 - (Work notes)
Site is back online after L1

07-07-2026 15:26:44 - (Work notes)
- Gathering info
- Consulting NOC since branch network is down -- Akshay Bhard, warm transfer

",
INC2178356,Closed,,06-23-2026 10:23:50,06-28-2026 12:05:22,06-28-2026 12:05:22,Network Operations Center (NOC),,Computer won't connect through ethernet,"Requested by:
Requested by phone number:Requested for:
Requested for phone number:Location Number (ex. FEI0001): FEI2570
Locale: Ferguson TC
Requested For GID: ABJ1935
Affected System: Network
Title: Computer won't connect through ethernet
Details of Issue, Request, or Question: My computer will not connect to the internet through the ethernet. I have switched ethernet cords and restarted my computer multiple times but it still won't connect
Device asset tag: BSFVN64 - Dell Latitude 5550
Please choose the best fit for this submission: Something that was working previously is now broken
",,
INC2171831,Closed,,06-15-2026 10:58:46,07-07-2026 13:06,07-07-2026 13:06,Network Operations Center (NOC),,INTERNET DROPPING IN WAREHOUSE,"Requested by:
Requested by phone number:Requested for:
Requested for phone number:Location Number (ex. FEI0001): FEI2567
Locale: Ferguson TC
Requested For GID: ABG6758
Affected System: Network
Title: INTERNET DROPPING IN WAREHOUSE
Details of Issue, Request, or Question: The internet keeps dropping in our warehouse, which kicks the associates out of Trilogie. These are ethernet lines and not WIFI. Could possibly be the circuit board in the attached picture. Please send a technician out to look at it.
Please choose the best fit for this submission: Something that was working previously is now broken
","06-29-2026 15:26:04 - (Work notes)
Got a call from tech [] and he confirmed that he replaced the wall jacks so we checked with the Shannon and she confirmed that everything looks to be good. Need to monitor this for next few days.

06-29-2026 11:00:59 - (Work notes)
Tech reached the site and checking the issue.

",
INC2181863,Closed,,06-26-2026 12:48:33,07-07-2026 13:06,07-07-2026 13:06,Network Operations Center (NOC),,Branch cannot access PBI app/site after outage.,"System: power BI
Issue Type: Not Working as Expected
Describe Issue: Power BI is timing out on every browser even after a cache clear. Attempted desktop app, same issue. Issue is branch wide for 5925
All other apps and connections appear to be working.

Additional Information: Associate first saw issues start of day 6/25. Branch accidentally switched off the entire breaker panel Wednesday night 6/24.","06-30-2026 19:35:40 - (Work notes)
confirmation that NHC is disabled

06-30-2026 19:34:04 - (Work notes)
Comms sent to lcon

06-30-2026 19:32:42 - (Work notes)
6/30/2026 7:32:07 PM Request Timeout	1	
6/30/2026 7:32:09 PM Request Timeout	1	
6/30/2026 7:32:11 PM Request Timeout	1	
6/30/2026 7:32:13 PM	10.159.59.25	92.392	58	Succeeded	1	
6/30/2026 7:32:15 PM	10.159.59.25	113.584	58	Succeeded	1	
6/30/2026 7:32:17 PM	10.159.59.25	80.181	58	Succeeded	1

06-30-2026 19:29:11 - (Work notes)
6/30/2026 7:28:41 PM	10.159.59.25	91.431	60	Succeeded	1	
6/30/2026 7:28:42 PM	10.159.59.25	85.608	60	Succeeded	1	
6/30/2026 7:28:44 PM	10.159.59.25	85.118	60	Succeeded	1	
6/30/2026 7:28:45 PM Request Timeout	1	
6/30/2026 7:28:47 PM Request Timeout	1	
6/30/2026 7:28:49 PM Request Timeout	1

06-30-2026 19:28:55 - (Work notes)
Description :
Apply Template to devices [ 5925-Philadelphia-PA ] , apply mode = overwrite
Initiated by :
Running Messages :
Started
Applying template to [5925-Philadelphia-PA]
Loaded up Device Group [ US-PRD-2RTR-ETH-STATIC-STATIC_ACTIVE-A-NHC ] and number of appliance in this group is 1
Checking all Devices for connectivity...
All Device(s) are online. Template commit will be applied to ALL.
Starting to build Merged Template
Finished building Merged Template
Starting to Apply Template to All Devices.
Rebooting after Applying-Template [ US-DEV-PRD-2RTR-A-N ] [5925-Philadelphia-PA] and Result=Success
Updating Organization Association for All Appliances
Finished Updating Organization Association for All Appliances
Successfully attempted to apply template to All Appliance.

06-29-2026 09:32:24 - (Work notes)
Reporting associate is OOO. Reached out to branch manager
-Associate confirm site cannot be reached unless on VPN. Trilogie working normally at branch.
Issue remains. Reassigning to NOC.

Affected user asset tag: 5FPGFD4
URL: https://app.powerbi.com/home?experience=power-bi

06-29-2026 07:03:49 - (Work notes)
Network review indicates that the user rebooted the versa on the 26th or the site experienced an issue which caused a reboot
Since then review confirms that both circuits are up and passing traffic.

Please follow up with the user to have them confirm that they are now able to access the Affected resource.

If they are not able to access the PowerBI site, the following would be needed before transferring back to NOC:
[1] Source: One of the affected user's Asset Tag
> This information should be available via the Support Toolbox application found on all user's PC Desktops
> if this is someone other than the Branch POC outlined in the ticket, we will need confirmation that this use will be willing and available to troubleshoot with our team
[2] Destination: URL of the web based PowerBI site they are attempting to access

06-26-2026 14:26:28 - (Work notes)
Transfer to NOC.

06-26-2026 14:07:49 - (Work notes)
Associate first saw issues start of day 6/25. One of the branch employees accidentally switched off the entire breaker panel Wednesday night.
Associate plan is to power off the modem tonight in an attempt to resolve issue. Tech reaching out to NOC for proper branch troubleshoot.

06-26-2026 13:26:35 - (Work notes)
Reached out to customer via Teams for further impact and troubleshooting.

",
INC2188468,Closed,,07-06-2026 11:37,07-12-2026 08:05,07-12-2026 08:05,Network Operations Center (NOC),,"1574 | switch down | 1574 - Gold | 1574-Stone-Mountain-GA-2248-X1-IDF1-41	|",need to verify the power on the switch,"07-07-2026 08:04:51 - (Work notes)
--Closing as a duplicate of INC2187869

07-06-2026 11:49:01 - (Work notes)
awaiting update

07-06-2026 11:48:46 - (Work notes)
reached to site , to verify power on the device

",
INC2178753,Closed,,06-23-2026 14:31:32,06-30-2026 17:05:08,06-30-2026 17:05:08,Network Operations Center (NOC),,FEI3156 | hard down | Start time 6/23/2026 6:00 PM,FEI3156 | hard down | Start time 6/23/2026 6:00 PM,"06-25-2026 16:53:31 - (Work notes)
>>Site is stable now from last more than 30 hours ,
>>hence closing this case

06-23-2026 14:34:54 - (Work notes)
Received a call from BM regarding site 3156 being down.
Initiated L1 troubleshooting; verified Comcast modem was up and ISP gateway was reachable.
Rebooted Dell switches followed by Versa router; site restored and currently stable.
Site is under monitoring as per customer request.

",
INC2175887,Closed,,06-19-2026 06:46:41,06-25-2026 07:05:01,06-25-2026 07:05:01,Network Operations Center (NOC),,Site hard down | FEI0684 | Start time: 06/19/2026 04:15:16 | End time:,site down,"06-20-2026 06:40:43 - (Work notes)
Site is up and stable

06-19-2026 12:07:49 - (Work notes)
Team is trying to bring up over DIGI

06-19-2026 12:07:33 - (Work notes)
GLS confirmed there is Razzolink ISP outage at the area, NO ETA
DSR 39429504.

06-19-2026 06:46:41 - (Work notes)
Reached BM for power status, waiting
GW not reachable.

",
INC2174278,Closed,,06-17-2026 12:36:39,06-25-2026 07:05:01,06-25-2026 07:05:01,Network Operations Center (NOC),,Site hard down | FEI3525 | Start time: 06/17/2026 12:18:24 | End time:,Site down,"06-20-2026 06:42:11 - (Work notes)
Site is up and stable.

06-17-2026 12:47:41 - (Work notes)
Site is back up with INET01 , observing INET01 is still down
DSR do not manage INET02, pleasecheck with GLS

06-17-2026 12:36:39 - (Work notes)
No power outage at site, proceeding with L1 with BM

",
INC2171371,Closed,,06-14-2026 05:45:44,06-22-2026 06:05:01,06-22-2026 06:05:01,Network Operations Center (NOC),,IDF switch offline,"IDF1 3546-Rockford-IL-3248P-ON-41 down
Site: 3546
Contact:
","06-17-2026 05:13:17 - (Work notes)
The IDF 1 switch at has been successfully restored after the cabling between the MDF and IDF switches was replaced.
 the switch and AP's are back up and operational.
Closing this ticket.

06-16-2026 13:21:25 - (Work notes)
Release the tech from Service point tech Aarus after he confirmed everything is working fine at the branch.
Monitor this for the next 24 hours and close the ticket.

06-16-2026 13:19:38 - (Work notes)
Issue Summary:
The IDF switch (.41) went offline due to a loss of uplink connectivity to the MDF switch (.40).

Troubleshooting Performed:

* On the MDF switch (.40), uplink port Gi1/0/48, which connects to switch .41, showed no link lights.
* The uplink cable was reseated on both ends, but no link was established.
* On the IDF switch (.41), the corresponding uplink port Gi1/0/48 also showed no link lights.
* The IDF switch was rebooted, and the uplink cable was reseated again, but the issue persisted.
* To rule out a faulty switch port, the uplink cable on the MDF switch was moved from port Gi1/0/48 to Gi1/0/35. The alternate port also failed to establish a link.
* Based on the troubleshooting results, attention shifted to the physical cabling between the MDF and IDF switches.

Resolution:

* The cabling between the MDF and IDF switches was replaced.
* After the cable replacement, link connectivity was immediately restored between the switches.
* The uplink came back online, and the IDF switch (.41) returned to normal operation.

Root Cause:
The issue was caused by a faulty cable run between the MDF and IDF switches, which prevented the uplink ports from establishing a physical link.

Current Status:
Resolved. The uplink is operational, and the IDF switch is online and functioning normally.

06-16-2026 07:36:24 - (Work notes)
We worked with BM on the IDF1 switch issue.
We performed an extended reboot by removing the power cable and reconnecting it after 10 minutes, but the switch still did not come up.
We also reseated (unplugged and replugged) the fiber cable on the uplink port, but there was no improvement.

We will check with David to confirm a suitable time and proceed with a tech dispatch to investigate further by checking fiber connectivity between the IDF and MDF switches and obtaining console access to the switch for troubleshooting.

06-15-2026 09:53:46 - (Work notes)
IDF1 switch 3546-Rockford-IL-3248P-ON-41 down.. Please work with David for extended reboot and further troubleshoot during lunch time or 2 PM CST once David confirms to avoid interrupt users on site
We need to troubleshoot only IDF1 switch 3546-Rockford-IL-3248P-ON-41 is in the shop area with a fiber uplink in port 48.

06-14-2026 05:45:44 - (Work notes)
Ticket created due to issues with IDF1 dropping offline.
Reached out to and awaiting response

",
INC2171297,Closed,,06-13-2026 08:00:06,06-21-2026 08:05:21,06-21-2026 08:05:21,Network Operations Center (NOC),,Spotty Internet at location,"Issue: All RF units are giving an error message, Associate advised they suspect the construction work at location hit ""something"" and its been running poor to no connection ever since.
Error: Out of Range

Environment: EAST","06-16-2026 07:34:31 - (Work notes)
During the issue noticed multiple devices are down and devices came back.
Site is stable, hence closing the ticket.

06-13-2026 08:09:19 - (Work notes)
Checking

06-13-2026 08:05:45 - (Work notes)
-- Reaching out to the NOC > handing off

",
INC2170644,Closed,,06-12-2026 10:00,06-21-2026 08:05:11,06-21-2026 08:05:11,Network Operations Center (NOC),,Switches down | FEI2911 | Start time 06/11/26 11:40 PM | End time:,"2911_Celina_OH_2960X_X2-61-Z10.na.sys.ds.wolseley.com 10.148.88.61	
2911_Celina_OH_2960XR_X1-51-Z10.na.sys.ds.wolseley.com	10.148.88.51	","06-16-2026 07:26:05 - (Work notes)
Switches are back onine and stable.

06-12-2026 10:00:18 - (Work notes)
Reached BM to check the physical status of the devices, awaiting for response.

",
INC2187875,Closed,,07-05-2026 14:20,07-11-2026 13:05,07-11-2026 13:05,Network Operations Center (NOC),,FEI2911 - 3 switches are down,FEI2911 - 3 switches are down,"07-06-2026 12:22:13 - (Work notes)
A power outage caused the switches to go offline. After power was restored, the switches came back online and all services were verified as operational. Hence, with service restoration confirmed, proceeding to close the incident.

07-05-2026 14:22:18 - (Work notes)
> Three switches are currently down. Please verify the power status during business hours.

",
INC2179950,Closed,,06-24-2026 14:19:01,06-30-2026 17:05:29,06-30-2026 17:05:29,Network Operations Center (NOC),,"Not able to print, connectivity issue","Not able to print, connectivity issue

Port: A-F20, A-F19
IP: 10.152.10.142

-System(s) affected (i.e., Trilogie, web browsing, etc.): Printing
-The issue(s) affecting the user (i.e., error message, not loading, etc.): no network on port for ricoh printer
-Number of affected users (note if affecting an entire branch): entire branch
-Location(s) affected (note if affecting remote users): FEI0560
-When did the issue(s) start?: began ~2:00 EST
-Is the issue impacting LAN, wireless, or both? LAN
-Name/contact info for an affected user (if not the user making contact): Austin Barbrey
-Model/manufacturer of affected hardware (i.e., service tag, serial numbers): Ricoh printer
-Impacted Users' System information (IP address, MAC Address, Remote or On-prem): 10.152.10.142
","06-24-2026 15:28:55 - (Work notes)
Pinged to BM and awaiting for response

06-24-2026 14:30:20 - (Work notes)
-- test with alternate port and ethernet cable
-- test with laptop connected directly to either port - not working
-- associate says there is a tech at the location that had been working on the security cameras before this happened
-- consulting noc

06-24-2026 14:23:06 - (Work notes)
Not able to print, connectivity issue
Austin AAA3218
BRANCH 0560
CBR
Q56080 IP 10.152.10.142
associate found that the port is not currently connecting
there is a provider currently at location, setting up security cameras

",
INC2180473,Closed,,06-25-2026 08:50:55,07-04-2026 15:05,07-04-2026 15:05,Network Operations Center (NOC),,FEI3223B || Site Hard Down,"--Per notes in INC2174784, this is an offsite location that is not regularly maintained
--Additionally, the site has an integrated ISP which has a history of ongoing issues","06-29-2026 15:02:06 - (Work notes)
--Site is back online and operational

",
INC2180755,Closed,,06-25-2026 11:16:19,07-04-2026 15:05,07-04-2026 15:05,Network Operations Center (NOC),,FEI0029 || Secondary Circuit (DIA) Offline,#NAME?,"06-29-2026 15:03:04 - (Work notes)
--Site is back online and operational

06-25-2026 11:19:38 - (Work notes)
--This is a DIA circuit
--Earlier this month the circuit was offline due to a configuration issue
--Reaching out to site POC to determine possible causes for the outage

",
INC2171321,Closed,,06-13-2026 12:22:09,06-21-2026 09:05:01,06-21-2026 09:05:01,Network Operations Center (NOC),,Branch 0083 hard down || Start time: 06/13/2026 08:22 PM EST || End time: 06/14/2026 1:13:59 AM,Branch 0083 hard down,"06-16-2026 08:48:20 - (Work notes)
Branch is back online after the weekend.

06-13-2026 12:27:31 - (Work notes)
Branch is hard down and site is closed during weekends

",
INC2170544,Closed,,06-12-2026 08:52,06-21-2026 09:05:17,06-21-2026 09:05:17,Network Operations Center (NOC),,Branch 2666 hard down | Start time: 06/11/2026 21:25:59 | End time: 06/13/2026 08:38:23 PM EST,Branch 2666 hard down,"06-12-2026 09:02:16 - (Work notes)
Power issue at the area -> ETA is 6PM EST due to storms in the area.

",
INC2187945,Closed,,07-06-2026 06:16,07-11-2026 13:05,07-11-2026 13:05,Network Operations Center (NOC),,Branch 3640 network is down,"Is there a previously opened ticket for this specific issues (Y/N)? N
Description (Please include screenshots as needed): Associate's branch network is down.
Error:

Machine: PRODNE
Account: LENZ","07-06-2026 12:36:23 - (Work notes)
Site is back online after the Comcast outage was cleared, all devices are back online.

07-06-2026 12:31:17 - (Work notes)
>>DSR called in and updated
>>site have restore as they see there modem online
confirmed that site is up on inet01

07-06-2026 07:13:18 - (Work notes)
Performed an extended reboot of all devices; however, internet connectivity was not restored.

Device status:
--------------------
Dell Switch: All internet-facing ports are up.
Comcast Modem: All status lights are present and normal.
Versa Device: All port link lights are up, and the blue checkmark LED is blinking.
---------------------------------------------------------------------------------------------------------------

Contacted DSR to verify if there is an ISP outage in the area.

Comcast confirmed a service outage due to severe weather conditions in the area.
ISP teams are currently working to restore service; however, no estimated time of restoration (ETR) is available at this time.

Will follow up with DSR if connectivity is not restored within the next two hours.

07-06-2026 06:31:53 - (Work notes)
Branch is network hard down
All devices have lights and no power issue.

-Rebooted the Comcast modem for 30 seconds, no luck
-Rebooted the Versa and Dell switch for 10 minutes

07-06-2026 06:21:32 - (Work notes)
warm transfer

07-06-2026 06:20:21 - (Work notes)
consulting NOC > Manas

07-06-2026 06:19:26 - (Work notes)
--associate stated Trilogie, teams, and other applications are down

",
INC2171433,Closed,,06-15-2026 03:28:19,06-22-2026 06:05:00,06-22-2026 06:05:00,Network Operations Center (NOC),,Hard down,Hard down || FEI0010 || Start time: 06/14/2026 20:26 PM EST,"06-17-2026 05:06:34 - (Work notes)
Site is up and stable.
Hence closing this Inc

06-15-2026 03:28:19 - (Work notes)
currently site is down, need to check with BM during business hours

",
INC2188170,Closed,,07-06-2026 09:12,07-11-2026 13:05,07-11-2026 13:05,Network Operations Center (NOC),,Disconnected from ethernet,"Is there a parent/problem or currently active ticket for this specific issue (Y/N)??

Issue Description: Associate's computer loses internet via ethernet for about 30-40 minutes at a time every morning around 8-9am CST. Associate has a small switch connected to wall port, all devices on switch lose connectivity at the same time
Service Tag/Device Name: FEI227F0K4
Make and Model of the Device: Dell Pro Micro QCM1250
Ethernet MAC: D4:A2:CD:D4:98:72
Wall port #: B5-8
Connection setup: Wall > TP Link > Computer

Callback:
Location: FEI3281
Remote (Y/N)? N","07-06-2026 12:41:34 - (Work notes)
Two switches were down:

2755-La-Porte-TX-3024-X1-41
2755-La-Porte-TX-3024-X1-42


Once the switch power was restored user confirmed all the devices are getting internet.

07-06-2026 09:27:33 - (Work notes)
- Warm transfer to NOC

07-06-2026 09:25:49 - (Work notes)
- Associate confirmed printers do not work on that port either

07-06-2026 09:24:39 - (Work notes)
- Connected associate's laptop to ethernet port, no ethernet connection gained
- Got in touch with NOC

07-06-2026 09:22:00 - (Work notes)
- Reaching out to NOC

07-06-2026 09:21:53 - (Work notes)
- Associate confirmed globe icon on computer desktop
- Disconnected ethernet and reconnected to small switch, issue remains
- Associate has 4 devices connected to a small TP link, 3 printers and 1 computer
- Disconnected small switch, connected computer directly to wall port, issue remains
- Swapped out ethernet cable entirely from wall port to computer, issue remains
- Gained wall port label
- Accessed networking closet, no port with same label as wall port
- Gained ethernet MAC

",
INC2184445,Closed,,06-30-2026 15:46:34,07-13-2026 11:06:55,07-13-2026 11:06:55,Network Operations Center (NOC),,Branch Network restart,"AA: AAO8255
Callback:
Location: 1123
Remote (Y/N)?
Email:

Asset Tag/Service Tag/Device Name:
Serial Number:
Make and Model of the Device:

Issue: APC battery back up failed, waiting for new one, branch will be down for a little

","06-30-2026 15:47:54 - (Work notes)
-associate stated that they have everything plugged into the wall sockets within the branch as APC battery back up failed
-they will be down for a period and wanted to just give IT a heads up
-moving ticket over to NOC so it is on their radar

",
INC2182314,Closed,,06-28-2026 13:36:35,07-04-2026 17:05,07-04-2026 17:05,Network Operations Center (NOC),,"Switch Down || FEI:1723 || 06/27/26 1:56 PM	","Switch [	1723-Holly-Springs-NC-3048-X2-41] not reachable

C:\Users\ABJ6578>ping 10.150.92.41

Pinging 10.150.92.41 with 32 bytes of data:
Request timed out.
Request timed out.
Request timed out.
Request timed out.

Ping statistics for 10.150.92.41:
 Packets: Sent = 4, Received = 0, Lost = 4 (100% loss),","06-29-2026 16:09:43 - (Work notes)
Switch is now up and operational.

C:\Users\ABJ6578>ping 10.150.92.41

Pinging 10.150.92.41 with 32 bytes of data:
Reply from 10.150.92.41: bytes=32 time=311ms TTL=59
Reply from 10.150.92.41: bytes=32 time=305ms TTL=59
Reply from 10.150.92.41: bytes=32 time=357ms TTL=59
Reply from 10.150.92.41: bytes=32 time=306ms TTL=59

Ping statistics for 10.150.92.41:
 Packets: Sent = 4, Received = 4, Lost = 0 (0% loss),
Approximate round trip times in milli-seconds:
 Minimum = 305ms, Maximum = 357ms, Average = 319ms

06-28-2026 13:36:35 - (Work notes)
Switch [	1723-Holly-Springs-NC-3048-X2-41] not reachable. Need to verify the switch power status during the business hours.

C:\Users\ABJ6578>ping 10.150.92.41

Pinging 10.150.92.41 with 32 bytes of data:
Request timed out.
Request timed out.
Request timed out.
Request timed out.

Ping statistics for 10.150.92.41:
 Packets: Sent = 4, Received = 0, Lost = 4 (100% loss),

",
INC2181692,Closed,,06-26-2026 11:00:04,07-04-2026 21:05,07-04-2026 21:05,Network Operations Center (NOC),,FEI1763 | Site down | Start time : 06/26/2026 09:38:42 EST End time : 06/26/2026 14:21:42 AM EST,FEI1763 | Site down | Start time : 06/26/2026 09:38:42,"06-26-2026 12:13:49 - (Work notes)
- The Versa router is down to both the ISP and Digi circuits, but Digi is online on portal.
- We worked with the BM (Kavin), but he was unable to verify the cable connection between the Versa router and the Digi device due to the lack of a stable internet connection.
- As per the DSR, there is a Comcast outage, and a Comcast technician dispatch is scheduled for June 26 between 1:00 PM and 3:00 PM.
- The BM has agreed to wait for the technician to arrive before proceeding with further troubleshooting.

",
INC2184561,Closed,,06-30-2026 17:41:40,07-11-2026 15:05,07-11-2026 15:05,Network Operations Center (NOC),,INET 01 is down || FEI0227,INET 01 is down,"07-06-2026 14:50:56 - (Work notes)
After L1 troubleshooting, INET - 01 is up. Hence, we're closing this incident.

06-30-2026 21:28:36 - (Work notes)
INET 01 is down.DSR has confirmed modem is online, needs to do L1 trouble shooting. Pinged BM, waiting for his response

",
INC2176099,Closed,,06-19-2026 09:54:14,07-01-2026 08:05,07-01-2026 08:05,Network Operations Center (NOC),,FEI5924 | Network ports not working,"Is there a previously opened ticket for this specific issues (Y/N)? n

Description: Unable to print out of Trilogie.
Error (Direct copy paste from Trilogie, NO PARAPHRASING):




Branch: 5924

ip: 10.152.86.51

10.152.86.51

Wall jack Port#: F1 not pulling data
","06-26-2026 08:02:04 - (Work notes)
Tech went to site
Confirmed cable run to printer is now working
All issues at location are now working and site is operational

06-25-2026 08:13:43 - (Work notes)
Tech dispatch delayed and rescheduled to Friday(6/26) 7 AM

06-24-2026 08:54:15 - (Work notes)
Site online but seeing intermittent connectivity
Comcast still showing down via IP to versa interface
Versa and switch are reachable
Attempting reboot of Comcast device and reseat of cable to switch
Confirmed port 38 is not passing traffic to versa
Confirmed versa port 0 is showing activity but port 38 is not
Connecting vni 0/0 to port 40> Confirmed light activity is being seen
Updated port config on port 40 for versa port 0
Complete
Connected cable back to versa port 0> Began seeing pings from interface address
Site now back online and no longer flapping
Awaiting information on Digi to compare to existing portal entry

06-23-2026 23:07:22 - (Work notes)
Tech to be onsite 6/24 1pm local time

06-23-2026 22:38:20 - (Work notes)
Switch and versa most likely will need reboots

06-23-2026 22:37:58 - (Work notes)
Cameras likely tied to private switch at location that may need to be rebooted
Attempted reload of switch after hours for camera
Router uptime showing 2 hours and 43 minutes
Reload started
Switch not coming online
confirmed gateway is reachable currently
Versa and switch unreachable
Digi is ""supposedly"" onsite currently showing disconnected

06-19-2026 15:07:24 - (Work notes)
Seeing issue with 4 cameras as well, investigating cameras

06-19-2026 15:07:07 - (Work notes)
Reached out to site
Currently user has printer moved to a different port and working
User mentioned a desk phone not working as well
User providing image of wall jack for tech dispatch
Message on deskphone: DHCP failed (confirmed device is powered on)
Tech required for wall jack> Will begin after investigating cable run to desktop and phone to handle both tasks at once


Investigating desk phone issue as well
Device connected: CHFKW04
Model: OptiPlex Micro 7010
User mentioned connected pc above is working
Assuming due to wifi
Attempting bypass of desk phone to see if PC can be located on the switch
Confirmed deskphone has one cable connected that runs to AP101
Desktop is online using wireless
Desktop has connection to a hub
Getting image of hub the desktop is connected to> Hub is ingenico credit card reader hub
Confirmed connections are correct for the CC reader hubs
Issue is they all run to AP101
Currently the CC reader and desk phone are not pulling IP addresses


Bad phone:
- Connects to AP 101

desktop with CC reader hub (CHFKW04)
- Desktop runs to hub
- From the hub (ETH ECR Blue cable) - Runs to desktop
- White cable (Connected to ETH LAN) - Runs to another desktop

Port connections -
Bad desk phone: Te1/0/4 - AP101 connection
Desktop(CHFKW04) with Ingenico connected: Te1/0/7
- Confirmed ethernet cable not connected to ETH lan on hub
- Located cable and connected to desk phone
- Ingenico device pinging

FEIFHFKW04(Working CC reader, bad phone) - Te1/0/5

06-19-2026 10:06:10 - (Work notes)
Network connections not working after a power outage
Ricoh printer in Wall port F1 -
AP101 VOIP (DHCP failed)

moved printer to another wall port and printer working again

Will need wall jack F1 and AP101 investigated for connection issues, transferring to NOC for further investigation.

06-19-2026 10:04:24 - (Work notes)
C:\Users\ABG7687>PING 10.152.86.51

Pinging 10.152.86.51 with 32 bytes of data:
Reply from 10.152.86.51: bytes=32 time=71ms TTL=250
Reply from 10.152.86.51: bytes=32 time=66ms TTL=250
Reply from 10.152.86.51: bytes=32 time=72ms TTL=250
Reply from 10.152.86.51: bytes=32 time=63ms TTL=250


06-19-2026 09:56:54 - (Work notes)
Pinging 10.152.86.51 with 32 bytes of data:
Request timed out.
Request timed out.
Request timed out.
Request timed out.

",
INC2187705,Closed,,07-03-2026 14:18,07-11-2026 15:05,07-11-2026 15:05,Network Operations Center (NOC),,Hard down || FEI1208 || Start time : 07/03/2026 01:47 PM EST,Site is down,"07-03-2026 14:18:49 - (Work notes)
Site is down, as checked Gateway is not pingable. L1 is pending, Pinged BM, waiting for his response.

",
INC2181420,Closed,,06-26-2026 04:13:38,07-05-2026 00:05,07-05-2026 00:05,Network Operations Center (NOC),,INET01 is down |vni-0/0.50 · WAN interface: ext-inet-01-a,INET01 is down,"06-29-2026 23:16:09 - (Work notes)
Branch 3773: The Spectrum circuit has been restored. INET01 was previously down, but the connection is now back online.

As part of the troubleshooting process, the cable was moved to a different port, and the circuit is now operational.

Hence closing this Inc

06-26-2026 09:55:39 - (Work notes)
Branch 3773: The Spectrum circuit has been restored. INET01 was previously down, but the connection is now back online.

As part of the troubleshooting process, the cable was moved to a different port, and the circuit is now operational.

Hence closing this Inc

06-26-2026 04:13:38 - (Work notes)
Currently site is hard down, need to check with BM during business hours.

",
INC2187729,Closed,,07-03-2026 20:39,07-11-2026 15:05,07-11-2026 15:05,Network Operations Center (NOC),,Hard down || FEI3548 || Start time : 07/03/2026 05:19 PM EST,Site is down.,"07-03-2026 20:40:18 - (Work notes)
Site is down. Pinged BM for L1 troubleshooting, waiting for his response.

",
INC2177989,Closed,,06-22-2026 20:01:29,06-30-2026 19:05:02,06-30-2026 19:05:02,Network Operations Center (NOC),,Site Hard Down.,Site 1631-Winston-Salem-NC is hard down.,"06-25-2026 18:44:33 - (Work notes)
The site is back up and stable. Closing this out.

",
INC2177988,Closed,,06-22-2026 20:00:04,06-30-2026 19:05:08,06-30-2026 19:05:08,Network Operations Center (NOC),,Site Hard Down.,Site 3038-Chehalis-WA is hard down.,"06-25-2026 18:45:44 - (Work notes)
Site is back up and stable. Closing this out.

",
INC2170671,Closed,,06-12-2026 10:14,07-01-2026 08:05,07-01-2026 08:05,Network Operations Center (NOC),,"FEI2000 UPS Battery Backup System demonstrating fault error ""AVR Relay Weld""","Requested by:
Requested by phone number:Requested for:
Requested for phone number:Location Number (ex. FEI0001): FEI2000
Locale: Ferguson TC
Requested For GID: ABG9362
Affected System: Network
Title: FEI2000 UPS Battery Backup System demonstrating fault error ""AVR Relay Weld""
Details of Issue, Request, or Question: Issue: FEI2000's IDF right outside of the branch's sales counter is giving off a high-pitched noise and showing the following fault error ""AVR Relay Weld"".

Site Contact:

Operations Manager:

Email:
Phone:

Sales Support Manager:

Email:
Phone:
Please choose the best fit for this submission: Something that was working previously is now broken
","06-26-2026 08:04:07 - (Work notes)
UPS beeping
Confirmed with tech that UPS being used is a smaller UPS on the top of the rack
2 UPS units in rack, one not on and another prompting error
Removed non working UPS, installed new
Closing ticket

06-22-2026 11:12:29 - (Work notes)
UPS arrived at location, setting tech dispatch

06-17-2026 07:58:01 - (Work notes)
Battery set to arrive at location
Attaching tracking
Message sent to site with tracking details
Awaiting confirmation if tech is needed to install

06-15-2026 13:40:44 - (Work notes)
Will begin process of replacing unit

",
INC2187874,Closed,,07-05-2026 14:00,07-11-2026 15:05,07-11-2026 15:05,Network Operations Center (NOC),,Branch Down || FEI: 3123 || 07/04/2026 09:04:49,"All Devices are down at the branch.

PS C:\Users\ABJ6578> ping 10.159.31.23

Pinging 10.159.31.23 with 32 bytes of data:
Request timed out.
Request timed out.
Request timed out.
Request timed out.

Ping statistics for 10.159.31.23:
 Packets: Sent = 4, Received = 0, Lost = 4 (100% loss),","07-06-2026 14:23:53 - (Work notes)
Branch went down due to local power outage, now all the devices are up and operational.

PS C:\Users\ABJ6578> ping 10.159.31.23

Pinging 10.159.31.23 with 32 bytes of data:
Reply from 10.159.31.23: bytes=32 time=391ms TTL=60
Reply from 10.159.31.23: bytes=32 time=381ms TTL=60
Reply from 10.159.31.23: bytes=32 time=401ms TTL=60
Reply from 10.159.31.23: bytes=32 time=446ms TTL=60

Ping statistics for 10.159.31.23:
 Packets: Sent = 4, Received = 4, Lost = 0 (0% loss),
Approximate round trip times in milli-seconds:
 Minimum = 381ms, Maximum = 446ms, Average = 404ms

07-05-2026 14:00:45 - (Work notes)
All Devices are down at the branch. Need to confirm the devices power status, waiting for the BM response.

PS C:\Users\ABJ6578> ping 10.159.31.23

Pinging 10.159.31.23 with 32 bytes of data:
Request timed out.
Request timed out.
Request timed out.
Request timed out.

Ping statistics for 10.159.31.23:
 Packets: Sent = 4, Received = 0, Lost = 4 (100% loss),

",
INC2187731,Closed,,07-03-2026 20:47,07-11-2026 15:05,07-11-2026 15:05,Network Operations Center (NOC),,Hard down || FEI3389 || Start time : 07/03/2026 06:40 PM EST,Site is down,"07-03-2026 20:47:52 - (Work notes)
Site is down. Pinged BM for L1 troubleshooting, waiting for his response.

",
INC2186466,Closed,,07-02-2026 07:02,07-13-2026 08:05:19,07-13-2026 08:05:19,Network Operations Center (NOC),,Branch 1688 hard down || Start time: 07/01/2026 20:41:18,Branch 1688 hard down due to no power at the branch,"07-02-2026 07:04:27 - (Work notes)
Zaymque called up and informed that there is no power at the location.
Asked to check with local electrical company for ETA as all the network devices are down due to power issue

",
INC2187921,Closed,,07-06-2026 03:50,07-13-2026 08:05:20,07-13-2026 08:05:20,Network Operations Center (NOC),,INET02 is down | FEI0554,INET02 is showing down.,"07-08-2026 07:24:40 - (Work notes)
INTE02 is back up and stable.
Both INET01 and INET02 are up and functioning/working.
Closing this out.

07-06-2026 03:50:21 - (Work notes)
We need to check with BM for L1 checks

",
INC2187872,Closed,,07-05-2026 13:50,07-11-2026 15:05,07-11-2026 15:05,Network Operations Center (NOC),,Branch Down || FEI:1208 || 07/03/2026 13:47:55,"All devices are not reachable.

PS C:\Users\ABJ6578> ping 10.159.12.8

Pinging 10.159.12.8 with 32 bytes of data:
Request timed out.
Request timed out.
Request timed out.
Request timed out.

Ping statistics for 10.159.12.8:
 Packets: Sent = 4, Received = 0, Lost = 4 (100% loss),","07-06-2026 14:26:40 - (Work notes)
Branch went down due to local power outage, now all the devices are up and operational.

PS C:\Users\ABJ6578> ping 10.159.12.8

Pinging 10.159.12.8 with 32 bytes of data:
Reply from 10.159.12.8: bytes=32 time=333ms TTL=60
Reply from 10.159.12.8: bytes=32 time=323ms TTL=60
Reply from 10.159.12.8: bytes=32 time=326ms TTL=60
Reply from 10.159.12.8: bytes=32 time=406ms TTL=60

Ping statistics for 10.159.12.8:
 Packets: Sent = 4, Received = 4, Lost = 0 (0% loss),
Approximate round trip times in milli-seconds:
 Minimum = 323ms, Maximum = 406ms, Average = 347ms

07-05-2026 13:50:05 - (Work notes)
All devices are not reachable. Need to confirm the devices power status, waiting for the BM response.

PS C:\Users\ABJ6578> ping 10.159.12.8

Pinging 10.159.12.8 with 32 bytes of data:
Request timed out.
Request timed out.
Request timed out.
Request timed out.

Ping statistics for 10.159.12.8:
 Packets: Sent = 4, Received = 0, Lost = 4 (100% loss),

",
INC2187730,Closed,,07-03-2026 20:43,07-11-2026 15:05,07-11-2026 15:05,Network Operations Center (NOC),,Hard down || FEI5927 || Start time : 07/03/2026 06:18 PM EST,Site is down,"07-03-2026 20:44:02 - (Work notes)
Site is down, as checked GW is reachable. Pinged BM for L1 troubleshooting, waiting for his response.

07-03-2026 20:43:34 - (Work notes)
Site is down, as checked GW is not reachable. Pinged BM for L1 troubleshooting, waiting for his response.

",
INC2187871,Closed,,07-05-2026 13:45,07-11-2026 15:05,07-11-2026 15:05,Network Operations Center (NOC),,Branch Down || FEI:3389 || 07/03/2026 18:40:18,"All devices are not reachable.

PS C:\Users\ABJ6578> ping 10.159.33.89

Pinging 10.159.33.89 with 32 bytes of data:
Request timed out.
Request timed out.
Request timed out.
Request timed out.

Ping statistics for 10.159.33.89:
 Packets: Sent = 4, Received = 0, Lost = 4 (100% loss),","07-06-2026 14:30:57 - (Work notes)
Branch went down due to the local power outage, now all devices are up and operational.

PS C:\Users\ABJ6578> ping 10.159.33.89

Pinging 10.159.33.89 with 32 bytes of data:
Reply from 10.159.33.89: bytes=32 time=377ms TTL=60
Reply from 10.159.33.89: bytes=32 time=345ms TTL=60
Reply from 10.159.33.89: bytes=32 time=362ms TTL=60
Reply from 10.159.33.89: bytes=32 time=357ms TTL=60

Ping statistics for 10.159.33.89:
 Packets: Sent = 4, Received = 4, Lost = 0 (0% loss),
Approximate round trip times in milli-seconds:
 Minimum = 345ms, Maximum = 377ms, Average = 360ms

07-05-2026 13:45:06 - (Work notes)
All devices are not reachable. Need to confirm the devices power status, waiting for the BM response.


PS C:\Users\ABJ6578> ping 10.159.33.89

Pinging 10.159.33.89 with 32 bytes of data:
Request timed out.
Request timed out.
Request timed out.
Request timed out.

Ping statistics for 10.159.33.89:
 Packets: Sent = 4, Received = 0, Lost = 4 (100% loss),

",
INC2187684,Closed,,07-03-2026 11:09,07-13-2026 08:06:13,07-13-2026 08:06:13,Network Operations Center (NOC),,Branch 0233 hard down || Start time: 07/03/2026 10:20,Branch 0233 hard down,"07-08-2026 07:53:23 - (Work notes)
All devices are back online following power restoration after the July 4th long weekend in the U.S.

07-03-2026 11:10:11 - (Work notes)
suspecting power issue, Branch is closed due to US holiday. Follow up during the business hours on Monday

",
INC2174784,Closed,,06-18-2026 04:06:22,07-05-2026 00:05,07-05-2026 00:05,Network Operations Center (NOC),,Switch Down || FEI: 0951 || 06/17/26 10:40 PM EST,"Switch is not reachable.

C:\Users\ABJ6578>ping 10.147.104.32

Pinging 10.147.104.32 with 32 bytes of data:
Request timed out.
Request timed out.
Request timed out.
Request timed out.

Ping statistics for 10.147.104.32:
 Packets: Sent = 4, Received = 0, Lost = 4 (100% loss),","06-29-2026 23:17:04 - (Work notes)
We had a call with the technician and requested that they check the switch (10.147.104.32).

The technician found that the switch was powered down because the APC unit had become faulty. The power connection was temporarily moved to a direct power outlet, and the switch is now reachable.

A replacement APC was available on site, and the technician successfully replaced the faulty unit. The LAN cable has been connected to switch port Gi1/0/42.

However, the APC could not be fully connected because the required NIC card is unavailable. A replacement NIC card will need to be ordered for the branch to complete the installation.

C:\Users\ABJ5032>ping 10.147.104.32

Pinging 10.147.104.32 with 32 bytes of data:
Reply from 10.147.104.32: bytes=32 time=274ms TTL=59
Reply from 10.147.104.32: bytes=32 time=275ms TTL=59
Reply from 10.147.104.32: bytes=32 time=274ms TTL=59
Reply from 10.147.104.32: bytes=32 time=275ms TTL=59

Ping statistics for 10.147.104.32:
Packets: Sent = 4, Received = 4, Lost = 0 (0% loss),
Approximate round trip times in milli-seconds:
Minimum = 274ms, Maximum = 275ms, Average = 274ms

C:\Users\ABJ5032>

Hence closing this Inc

06-29-2026 21:38:21 - (Work notes)
We had a call with the technician and requested that they check the switch (10.147.104.32).

The technician found that the switch was powered down because the APC unit had become faulty. The power connection was temporarily moved to a direct power outlet, and the switch is now reachable.

A replacement APC was available on site, and the technician successfully replaced the faulty unit. The LAN cable has been connected to switch port Gi1/0/42.

However, the APC could not be fully connected because the required NIC card is unavailable. A replacement NIC card will need to be ordered for the branch to complete the installation.

C:\Users\ABJ5032>ping 10.147.104.32

Pinging 10.147.104.32 with 32 bytes of data:
Reply from 10.147.104.32: bytes=32 time=274ms TTL=59
Reply from 10.147.104.32: bytes=32 time=275ms TTL=59
Reply from 10.147.104.32: bytes=32 time=274ms TTL=59
Reply from 10.147.104.32: bytes=32 time=275ms TTL=59

Ping statistics for 10.147.104.32:
 Packets: Sent = 4, Received = 4, Lost = 0 (0% loss),
Approximate round trip times in milli-seconds:
 Minimum = 274ms, Maximum = 275ms, Average = 274ms

C:\Users\ABJ5032>

06-28-2026 13:19:05 - (Work notes)
Switch again went down.

C:\Users\ABJ6578>ping 10.147.104.32

Pinging 10.147.104.32 with 32 bytes of data:
Request timed out.
Request timed out.
Request timed out.
Request timed out.

Ping statistics for 10.147.104.32:
 Packets: Sent = 4, Received = 0, Lost = 4 (100% loss),

06-25-2026 10:17:28 - (Work notes)
We had a call with the technician and requested that they check the switch (10.147.104.32).

The technician found that the switch was powered down because the APC unit had become faulty. The power connection was temporarily moved to a direct power outlet, and the switch is now reachable.

A replacement APC was available on site, and the technician successfully replaced the faulty unit. The LAN cable has been connected to switch port Gi1/0/42.

However, the APC could not be fully connected because the required NIC card is unavailable. A replacement NIC card will need to be ordered for the branch to complete the installation.

06-25-2026 08:33:14 - (Work notes)
We had a call with the technician and requested that they check the switch (10.147.104.32).

The technician found that the switch was powered down because the APC unit had become faulty. The power connection was temporarily moved to a direct power outlet, and the switch is now reachable.

The site has a replacement APC available. The technician is currently replacing the faulty APC with the new unit and has requested that the LAN cable be connected to switch port 1/0/42.

Next step :Tech will do callback after the APC install and NIC cable connection.

06-24-2026 06:50:17 - (Work notes)
Contacted the BM (Devin Staton) and requested L1 troubleshooting. He confirmed that the
switch has already been rebooted twice but the issue persists. He has requested a technician visit.

Tech has been raised with service point.

Once the Tech has been arrived, we need to check
1. Verify the physical connectivity and ensure the switch is powered on and operating normally. 10.147.104.32

2.Check for interface errors, drops, CRCs, or duplex/speed mismatches:
show interfaces counters errors
show interface <interface>

3.Verify MAC address learning on the affected port:
show mac address-table interface <interface>

4.Verify the CDP/LLDP neighbor

5. Verify the AP's connected for the .32 switch

Document all findings, including interface status, MAC learning, VLAN details, errors, and log entries, and provide screenshots or command outputs for further analysis.

06-23-2026 12:57:55 - (Work notes)
Again switch is down.
We attempted to contact the BM to perform the L1 checks, But no luck.
Need to check with BM. POC-->Devin Staton

06-19-2026 10:40:23 - (Work notes)
Switch .32 came back online after it was rebooted. During troubleshooting, the connected APC was powered off and then restored.
We informed to BM for update the floor map and share the map details.waiting for that.

06-19-2026 09:40:23 - (Work notes)
Reviewing switch configuration on the IDF1 switch indicates that:
1 - The link between MDF >> IDF1 is a Fiber run
2 - The link between IDF1 >> IDF2 is an Ethernet Run.

Based on the above, we will need to Dispatch a tech out to the site for the following to be completed:
[1] - Find IDF 1 using the provided NBT/Meraki image
[2] - Trace the cable connected to port 24 of the Cisco Catalyst 24 port switch to find IDF 2
[3] - Assist us with troubleshooting & restoring the Dell switch in IDF 2
[4] - Tech will need to indicate which of the 2 floorplans is most accurate at this time
[5] - Tech will need to mark where on the floorplan IDF2 is located //OR// if the IDF is located outside in the yard, we need them to mark where it is on the ""Outdoor"" image

*** NOTE ***
The following files need to be sent to ServicePoint and SP will need to send them to the tech, tech will need to have these while on site in order to complete Steps 1, 4 &5
INC2174784 0951 NBT Meraki Floor Plans IDF1.jpg
0951 Indianapolis IL Floorplan 01.jpg
0951 Indianapolis IL Floorplan 02.jpg
0951 Indianapolis IL Outdoor.jpg

06-19-2026 09:17:02 - (Work notes)
BT / NBT provided an image of where IDF1 should located
However the Floor Plan loaded into Meraki indicates that the layout of the site has changed

06-18-2026 11:12:47 - (Work notes)
The BM has confirmed that there is no other server room at the site and that only the .30 switch, which is part of the stack, is located in the server room.

However, we still need to determine the location of the .31 and .32 switches, as they may be installed in different rooms or areas within the site.

We need to investigate further to identify the location of these switches and determine how to proceed with troubleshooting the issue.

06-18-2026 08:02:35 - (Work notes)
Pinged for BM waiting for the BM responses

06-18-2026 04:06:22 - (Work notes)
Switch is not reachable. Need to confirm the power status of the device. Informed BM, waiting for his response.

C:\Users\ABJ6578>ping 10.147.104.32

Pinging 10.147.104.32 with 32 bytes of data:
Request timed out.
Request timed out.
Request timed out.
Request timed out.

Ping statistics for 10.147.104.32:
 Packets: Sent = 4, Received = 0, Lost = 4 (100% loss),

",
INC2187839,Closed,,07-05-2026 04:54,07-11-2026 03:05,07-11-2026 03:05,Network Operations Center (NOC),,Site hard down || 0161 || 07/05/2026 01:44:51,Site hard down || 0161 || 07/05/2026 01:44:51,"07-05-2026 04:56:14 - (Work notes)
Issue: - Branch hard down
Action Taken: The site is hard down, Both link went at a same time Have to perform the Layer-1,Suspecting power outage. We have left a message with BM to perform Layer 1 troubleshooting
Follow-Up Actions: kindly do follow-up BM, during business Hours

",
INC2179631,Closed,,06-24-2026 11:18:59,07-05-2026 01:05,07-05-2026 01:05,Network Operations Center (NOC),,Site hard down | FEI3388 | Start time: 06/24/2026 10:04:46 | End time:,site down,"06-30-2026 00:20:13 - (Work notes)
Site is closed permanently, engineering team submitted request and working on it.
Shared MACD to GLS team and Solarwind alerts muted for long time.

06-25-2026 10:38:24 - (Work notes)
We reached Randon Webber[General Manager} and he confirmed that Site is Closed
RITM3380202

06-24-2026 11:18:59 - (Work notes)
Checking POC

",
INC2178425,Closed,,06-23-2026 11:00:05,07-05-2026 01:05,07-05-2026 01:05,Network Operations Center (NOC),,Branch 1278 is not stable | Flapping,Branch 1278 is not stable | Flapping,"06-30-2026 00:24:32 - (Work notes)
Circuit is up and stable, hence closing the ticket.

06-23-2026 12:40:44 - (Work notes)
After extended reboot of Modem, INET01 circuit is stable from 1:30 hours now.
Next action : Under observation.

06-23-2026 11:00:05 - (Work notes)
Working with BM for L1

",
INC2171697,Closed,,06-15-2026 09:55:29,06-21-2026 11:06:06,06-21-2026 11:06:06,Network Operations Center (NOC),,FEI00554 || AP Offline,#NAME?,"06-16-2026 10:38:23 - (Work notes)
--Closing as the AP is back online and operational.

06-15-2026 09:58:15 - (Work notes)
--Located it on the .30 switch (Gi1/0/15) and bounced the port
--PoE operational but no connectivity
--Bouncing the port had no impact

",
INC2188301,Closed,,07-06-2026 10:15,07-11-2026 11:05,07-11-2026 11:05,Network Operations Center (NOC),,5931 - Bronze | switch down 5931-Allentown-PA-2960XR-41.na.sys.ds.wolseley.com,"C:\Users\ABJ4021>ping 10.151.134.41

Pinging 10.151.134.41 with 32 bytes of data:
Request timed out.
Request timed out.
Request timed out.
Request timed out.

Ping statistics for 10.151.134.41:
 Packets: Sent = 4, Received = 0, Lost = 4 (100% loss),

C:\Users\ABJ4021>
","07-06-2026 10:27:11 - (Work notes)
duplicate ticket

",
INC2179488,Closed,,06-24-2026 10:00:20,07-05-2026 06:05,07-05-2026 06:05,Network Operations Center (NOC),,Location Wifi is lagging,"Location : 1570
issue : WIFI connection has been lagging since yesterday
-Every user is effected at branch","06-30-2026 05:48:01 - (Work notes)
Matthew Hogue updated IT IS ALL GOING SMOOTH now.

06-25-2026 13:03:39 - (Work notes)
Versa Model CSG750
Still Memory is showing 93% utilization.

Continue to monitor it for stability and informed Matthew to report if slowness persists at the site for further investigation.

06-24-2026 19:35:41 - (Work notes)
After monitoring the memory utilization on versa seems to be like 92%. we'll continue to monitor it for stability.

06-24-2026 18:37:05 - (Work notes)
Reached out to Matthew and gave a reboot to the versa like unplugged it for completely 5 minutes and then plugged it back in. Everything seems to be back up in the versa, but the still seeing memory utilization on Versa is 89%. We'll keep it under monitoring for couple of hours and if still the memory is same then we will troubleshoot further. Likewise have asked Matthew to reach out to us if he still faces the slowness issue on site.

06-24-2026 11:08:11 - (Work notes)
As checked with Matthew for now its looking good and okay. but we are still seeing memory utilization on Versa is 93%.
We would need to reload by removing the power cable and reconnect during non business hours

As checked with Matthew he will be available at 5 PM CST to reboot the Versa to see its helps to resolve the slowness issues.
Matthew will reach us before reload and after reload for validation and testing.

Created Teams groups chat and added Kajal/chandan for further assistance during the time.

06-24-2026 10:39:39 - (Work notes)
We are seeing memory warning alarms on Versa 93%.

06-24-2026 10:19:32 - (Work notes)
received a call and informed the users connected on both Ethernet and wireless are facing slowness connection.
Have checked the network devices and all are looking good , INET01 circuit shows up from last 1week4days.
We will reach out to Matthew Hogue to investigate further on this issue.

06-24-2026 10:12:25 - (Work notes)
-Transferring to NOC will be reaching out to user on teams

06-24-2026 10:08:42 - (Work notes)
-5 users are hardwired and is also receiving a slow connection

",
INC2176900,Closed,,06-22-2026 07:34:49,07-05-2026 07:05,07-05-2026 07:05,Network Operations Center (NOC),,Unable to call out,"Requested by:
Requested by phone number:Requested for:
Requested for phone number:Location Number (ex. FEI0001): FEI3719
Locale: Ferguson TC
Requested For GID: AAN0358
Title of Issue: Unable to call out
Business Group: HVAC
Is this issue access related?: No
Impacted Users: Multiple Users
Business Impact: Workaround Available
CRM Type: Home
What is the issue most closely related to?: Phone
Please Describe your issue: Currently unable to call out on our phones. This issue is effecting all phones at Branch 3719 in Spokane.
We have two Versa routers - A and B - for high availability.
We recently replaced Versa router A - and reconfigured it.
Now we cannot make calls when A and B are operating at the same time.
We have troubleshooted the routers - but cannot find anything wrong with our routers that would cause any issues with connectivity.
Now GLS (IT team) believes we may have an issue with Genesys/salesforce itself being unable to communicate with versa router A since it was replaced. Possible it has to do with the MAC? Says GLS
The problem has been going on for a few weeks and we cannot find any other issues.
Our workaround is that we unplug Versa router A and only run the branch on Versa Router B.
-, Branch Manager
","06-30-2026 00:22:50 - (Work notes)
Asked status to Amber and assiging case back to Mike as he have found and fixed the issue.

06-24-2026 12:42:42 - (Work notes)
Reached - waiting for reply

06-24-2026 07:13:13 - (Work notes)
From Network checks, INET01 & INET02 is stable on both routers. All devices are stable.
Reaching Amber for further details.

06-22-2026 07:35:23 - (Work notes)
I am not sure that this is a network issue. Starting with Telephony.

06-22-2026 07:34:49 - (Work notes)
This incident was generated from Request: RITM3421827

",
INC2182685,Closed,,06-29-2026 10:09:45,07-05-2026 08:05,07-05-2026 08:05,Network Operations Center (NOC),,Computer is unable to connect to internet,"Issue Description: Associate's computer has no internet, there was a storm that knocked the power out last week and the computer hasn't had internet since.

-System(s) affected (i.e., Trilogie, web browsing, etc.): Wall port
-The issue(s) affecting the user (i.e., error message, not loading, etc.): Globe icon indicating no network connection, associate is not being assigned an IPv4 address
-Number of affected users (note if affecting an entire branch): 1
-Location(s) affected (note if affecting remote users): FEI0751
-When did the issue(s) start?: Friday (6/26) around 3:30pm
-Is the issue impacting LAN, wireless, or both? LAN
-Model/manufacturer of affected hardware (i.e., service tag, serial numbers): FEI5WS23Q3
-Impacted Users' System information (IP address, MAC Address, Remote or On-prem): C0:25:A5:B2:88:99
-Has any troubleshooting been completed? (if so, note what steps taken): Swapped ethernet cables, issue remained. Connected multiple devices directly to wall outlet, issue remains. Removed netgear switch, issue remains. Swapped computer to different wall port, issue resolved.

Port label: IV/ID

Callback:
Location: FEI0751
Remote (Y/N)? N
","06-29-2026 11:53:59 - (Work notes)
Issue:
Desktop connected to the wall port is not working.
Action Taken:
We received a call from the Device Solutions team stating that one of the computers was not able to access the internet. The system is connected through a wall port linked to a Netgear switch in the office area.
When the computer was connected to a different LAN/wall port, it worked fine. However, when another working computer was connected to the same affected port, the internet did not work. A printer was also tested on the same port, with the same result. This indicates a potential issue with the LAN port.
Next Action:
A technician has been arranged through the service point. Please follow up with the service team to ensure the technician visits the site today. If not possible, arrange the visit for tomorrow morning when the associate is available.
I have also reached out to the associate for additional details, but have not yet received a response.

06-29-2026 10:36:25 - (Work notes)
- NOC will review and send technician if needed

06-29-2026 10:26:28 - (Work notes)
- Connected desktop back to malfunctioning wall port
- Reaching out to NOC

06-29-2026 10:20:54 - (Work notes)
- Computer is showing globe icon in bottom right-hand corner
- Computer is connected ethernet via wall outlet > small netgear switch > computer
- Swapped ethernet port on netgear box, computer attempted to gain IP (flashing ethernet symbol)
- Changed back to globe icon
- Swapped computer to a different ethernet port entirely, gained network connectivity without issue
- Attempted to send print job to printer to see if it is having any issues since it is on old port
- Print job did not go through
- Disconnected printer, connected it directly to wall port (removed netgear switch)
- Ran print job, still did not work
- Associate checked network closet, no ports labeled the same as the wall port

",
INC2171541,Closed,,06-15-2026 08:17:03,06-21-2026 11:07:08,06-21-2026 11:07:08,Network Operations Center (NOC),,FEI3147 || Site Hard Down,#NAME?,"06-15-2026 08:20:35 - (Work notes)
--Site is not opened yet
--Reaching out to POC via Teams
--Waiting on a response

",
INC2171548,Closed,,06-15-2026 08:22:55,06-21-2026 11:07:09,06-21-2026 11:07:09,Network Operations Center (NOC),,FEI3883 || Site Hard Down,#NAME?,"06-15-2026 08:24:41 - (Work notes)
--Site is not open yet
--Reached out to site POC via Teams
--Waiting on a response

",
INC2175429,Closed,,06-18-2026 13:35:38,06-23-2026 14:06:00,06-23-2026 14:06:00,Network Operations Center (NOC),,Branch 95 netowrk is down.,"Is there a previously opened ticket for this specific issues (Y/N)N

Description: Branch Network is completely down. Can't connect to Trilogie, Internet browsers, nothing.
Error (Direct copy paste from Trilogie, NO PARAPHRASING): Host not found.
Machine: PRODNE
Account: LENZ
Branch: 95

affecting all devices, beeping coming from server room

5-10 devices

Colby Weeks

FEI0095
","06-18-2026 13:58:35 - (Work notes)
breaker was switch and power got restored


Approximate round trip times in milli-seconds:
 Minimum = 279ms, Maximum = 283ms, Average = 280ms

C:\Users\ABJ4021>ping 10.159.0.95

Pinging 10.159.0.95 with 32 bytes of data:
Reply from 10.159.0.95: bytes=32 time=291ms TTL=60
Reply from 10.159.0.95: bytes=32 time=278ms TTL=60
Reply from 10.159.0.95: bytes=32 time=319ms TTL=60
Reply from 10.159.0.95: bytes=32 time=291ms TTL=60

Ping statistics for 10.159.0.95:
 Packets: Sent = 4, Received = 4, Lost = 0 (0% loss),
Approximate round trip times in milli-seconds:
 Minimum = 278ms, Maximum = 319ms, Average = 294ms

06-18-2026 13:39:47 - (Work notes)
-- consult noc

06-18-2026 13:37:13 - (Work notes)
they state the branch has a network outage - calling over to dekstop.

06-18-2026 13:36:24 - (Work notes)
Associate can't access internet / teams for remoting in and seeing the error.

",
INC2171428,Closed,,06-15-2026 02:01:44,07-03-2026 21:05,07-03-2026 21:05,Network Operations Center (NOC),,WiFi got disconnected in Bay 3 || FEI:7021,Users reported that wifi connection got rebooted at Bay3,"06-28-2026 21:02:21 - (Work notes)
Due to the AP reboot we don't have the logs which we can provide to the cisco TAC, they informed us to capture the logs first if the issue occur again so we are going to do that from the next time.

06-15-2026 02:01:44 - (Work notes)
AP got reboot and connectivity got restored, CPU and memory utilization was normal only. Investigating further on this.

",
INC2182292,Closed,,06-28-2026 09:13:56,07-05-2026 09:05,07-05-2026 09:05,Network Operations Center (NOC),,Site is Hard Down.,Site 0385-Wilson-NC is hard down.,"06-30-2026 08:55:55 - (Work notes)
The site was down due to local power issue. Once the issue got resolved the Site network restored at 6/29/2026 4:04:05 PM.

",
INC2181346,Closed,,06-25-2026 18:41:02,07-11-2026 06:05,07-11-2026 06:05,Network Operations Center (NOC),,0142 - | switch down | 0142_Charleston_WV_2960XR_31.,0142 - | switch down | 0142_Charleston_WV_2960XR_31.,"07-06-2026 06:01:49 - (Work notes)
switch is been reconfigured and up and running

06-26-2026 20:35:35 - (Work notes)
Tech scheduled for Monday now from refresh Vendor

06-26-2026 16:50:21 - (Work notes)
Switch has lost the config hence need to load again , attached is the config for switch

06-26-2026 16:49:33 - (Work notes)
We initially worked with the technician for about an hour; however, due to poor network connectivity on his hotspot, we were unable to access the console. We requested the technician to check with the BM for an alternative hotspot. Subsequently, the technician appears to have left the site and is currently unreachable as he is not answering calls. The BM has also confirmed that the technician is not present on-site.

06-25-2026 19:54:21 - (Work notes)
MDF rack

",
INC2183506,Closed,,06-30-2026 06:47:00,07-07-2026 10:05,07-07-2026 10:05,Network Operations Center (NOC),,Connection aborted Trilogie. Branch wide issue,"Is there a previously opened ticket for this specific issues (Y/N)? N

Description: Connection aborted Trilogie. Branch wide issue
Error (Direct copy paste from Trilogie, NO PARAPHRASING):

Machine: PRODNE
Account: LAKEWOOD
Branch: 364 / 392
","06-30-2026 07:29:43 - (Work notes)
rebooted the modem , sw, versa,
network came up
user able to connect to internet and trilogy

06-30-2026 07:25:33 - ServiceNow System Service Account (Work notes)
A 31 minute 44 second[code] <a href =""x_bmgr_support_ent_support_session.do?sys_id=51d91da13bf94350c895a60eb3e45aea"">Remote Support session</a>[/code] ended on Default appliance. (rep) assisted ABG2813 (customer).

06-30-2026 07:04:44 - (Work notes)
NOC agreed to take over the call and ticket - call has been transferred.

06-30-2026 07:01:17 - (Work notes)
Connection aborts while working, then immediately able to log back in.

Not noticing any other issues outside of Trilogie so far.

06-30-2026 06:58:14 - (Work notes)
Consulting NOC (Nithin)

06-30-2026 06:51:51 - (Work notes)
- Everyone at the branch is being affected.

- Associate's are being booted off of Trilogie with 'Connection Aborted' error within 5 minutes every time they log in

- All sessions being kicked off at the same time

- Issues began this Morning, no issues yesterday. Had some intermittent issues last week.



06-30-2026 06:50:15 - (Work notes)
A session key was generated via the Remote Support Representative Console.

",
INC2189930,Closed,,07-07-2026 14:54,07-12-2026 15:05,07-12-2026 15:05,Network Operations Center (NOC),,FEI8180 | INET-01 Offline,#NAME?,"07-07-2026 15:01:54 - (Work notes)
--Messaged Michael Cumberledge via Teams to advise of this and closing the ticket out

07-07-2026 15:00:58 - (Work notes)
--Per Versa Director, it shows the IP as 192.168.87.2/29
--This would indicate a non-Ferguson managed circuit
--Checked in DSR and no records for 8180
--Reached out to Beverly Austin, who worked the site setup on RITM3399266
--She verified this was a vendor-provided ISP circuit

",
INC2171023,Closed,,06-12-2026 14:27,06-20-2026 14:05:37,06-20-2026 14:05:37,Network Operations Center (NOC),,Hard down || FEI1082 || Start time : 06/12/2026 01:30 PM EST,Site is down,"06-12-2026 14:29:03 - (Work notes)
BM called and reported a network outage, did extended reboot on all devices, but no luck. now calling DSR to check from ISP side.

",
INC2186189,Closed,,07-01-2026 18:05,07-08-2026 14:05,07-08-2026 14:05,Network Operations Center (NOC),,FEI1128 | INET1 is down along with Switches .30 and .31,"FEI1128 | INET1 is down along with Switches .30 and .31
","07-03-2026 13:18:01 - (Work notes)
Performed a reboot of switches .30 and .31, after which both devices came back online and internet connectivity was restored at the site.
Verified that INET01 is responding to pings.
Confirmed the site is stable, with both INET1 and INET2 operational.
As services have been restored and the site remains stable, closing the case.

07-02-2026 07:12:38 - (Work notes)
After performing a reboot both .30 and .31 switches came back online. Site restored the internet.
INET01 seems to be pinging. We'll continue to monitor it for stability.

07-01-2026 18:24:00 - (Work notes)
Monitored via the dashboard and observed that INET1 and switches .30 and .31 are offline, while the Versa router remains reachable. Further checks confirmed that AT&T INET2 is operational and connected directly to the Versa.
Contacted the BM, who advised that the site is currently closed and will provide an update tomorrow. The BM also mentioned that the site has been experiencing frequent power outages due to severe weather conditions.
The case is being kept pending pending BM confirmation tomorrow. Meanwhile, we are also reaching out to DSR to obtain the status of the INET1 circuit.

",
INC2186543,Closed,,07-02-2026 08:21,07-08-2026 06:05,07-08-2026 06:05,Network Operations Center (NOC),,INET02 AT&T circuit down,INET02 AT&T circuit down,"07-03-2026 05:27:40 - (Work notes)
INET02 is online and operational
INET02 is on stand-by - Verified operational status by bringing down INET01.

07-02-2026 08:21:17 - (Work notes)
INET02 remains down. Troubleshooting performed includes modem reboot and reseat the cable however the issue persists. Noticed the INET02 AT&T circuit is down from more than 30 days and we don't have any information in DSR Portal and network circuits, checking with GLS further.

Created ticket with GLS 12234094 to investigate further.

",
INC2179110,Closed,,06-23-2026 18:21:02,06-29-2026 18:05:01,06-29-2026 18:05:01,Network Operations Center (NOC),,FEI0185 | INET03 is down,"FEI0185 | INET03 is down

Need to contact bmgr via teams tomorrow, and have Dana - or Rob - disconnect the cable that is in port 3 of the Versa, and connect it to port 1 on the Versa, this should restore the inet-03 - AT&T - circuit.

 If there is a cable in Versa port 1 already, it may be the Digi, which should be connected to port 3 on this Versa.","06-24-2026 17:49:42 - (Work notes)
Inet-03 (AT&T) circuit restored with support from GLS.
Circuit reconnected directly from Ciena (NID) to Versa port 1, bypassing switch path.
Requested MAC team to update monitoring (add inet-03, remove inet-02) and update records accordingly as per GLS request ,
Also updated INET3 in servicenow telecom circuits: inet-03 is now directly connected from AT&T NID (Ciena) to Versa port 1, bypassing the switch

From:
Sent: Thursday, June 25, 2026 2:50 AM
To: ; MAC Mailbox
Cc: GLS Network Operations Center ; #FEI-NOC
Subject: RE: Ferguson 0185 | GLS 12175692 | Inet-03 / AT&T circuit

Hello @,

Thank you for your support in restoring the Inet-03 circuit and for the detailed update.

Hello @MAC Mailbox Team,

Please proceed with the following monitoring updates for Ferguson 0185 (GLS 12175692):
•	Remove inet-02 (vni-0/3) from monitoring
•	Add inet-03 (vni-0/1) to monitoring

Thank you,

Regards,

Lead Network Administrator – Bangalore NOC
Ferguson GCC
Ground floor, J Block, Embassy Manyata Tech Park
Bengaluru – 560045





From:
Sent: Thursday, June 25, 2026 2:36 AM
To:
Cc: GLS Network Operations Center ; #FEI-NOC
Subject: Re: Ferguson 0185 | GLS 12175692 | Inet-03 / AT&T circuit

Caution: This email originated from outside of the organization. DO NOT click links or open attachments unless you recognize or trust the sender.
Sanjeev,

 Okay, I worked with Rob at this site and we got inet-03 back up.

This site only has two circuits that GLS is aware of - Inet-01 and inet-03.

 Please email to remove inet-02 on vni-0/3 from monitoring, and add inet-03 on vni-0/1 to monitoring.

 Furthermore, Inet-03 was connected via the switch and a wall biscuit and patch panel. I bypassed all that, and connected the AT&T NID - Ciena - directly to the Versa router on port 1. You may want to update your records regarding this, just in case the site ever gets a second Versa.


Thanks and regards,

Ken



 | NOC Technician
P:
E:

06-24-2026 15:44:40 - (Work notes)
>>BM responded and I suggested to do below and update us :

Port 3 ? remove ? connect to Port 1 ? inet-03 restored
If Port 1 occupied (Digi): Port 1 ? move to Port 3

>>waiting for BM Response

06-24-2026 13:20:38 - (Work notes)
>>Tried to contact the BM on this , waiting for his response .

06-23-2026 18:22:12 - (Work notes)
>>Need to contact the BM tomorrow Morning and verify the connection and do below as per GLS requested -
disconnect the cable that is in port 3 of the Versa, and connect it to port 1 on the Versa, this should restore the inet-03 - AT&T - circuit.

 If there is a cable in Versa port 1 already, it may be the Digi, which should be connected to port 3 on this Versa.

",
INC2182751,Closed,,06-29-2026 10:33:03,07-04-2026 12:06,07-04-2026 12:06,Network Operations Center (NOC),,FEI1278 | Site offline,"Solarwinds alert showing site offline
Contact:
Site: 1278
Circuits: Inet 01 - Comcast | Inet 02 - Digi
Prior ticket: INC2182593","06-29-2026 11:00:18 - (Work notes)
Solarwinds alert showing site offline
Confirmed gateway at location is down
reached out to BM> > OOO
reached out to Marc Jeannot> no response
Currently site is intermittently up on digi
due to signal strength location is intermittently dropping
Attempted to shut port for RPS on switch to force reboot of RPS
Unsure if below screenshot will cause impact
Will continue monitoring

",
INC2174168,Closed,,06-17-2026 11:23:33,06-24-2026 16:05:01,06-24-2026 16:05:01,Network Operations Center (NOC),,FEI2810 || Site Hard Down,"--Versa was initially offline as well
--It appeared to reboot and is now online
--.30 switch (and attached equipment) remains offline","06-19-2026 15:11:14 - (Work notes)
ISP restored

C:\Users\ABJ4021>ping 10.159.28.10

Pinging 10.159.28.10 with 32 bytes of data:
Reply from 10.159.28.10: bytes=32 time=273ms TTL=60
Reply from 10.159.28.10: bytes=32 time=323ms TTL=60
Reply from 10.159.28.10: bytes=32 time=332ms TTL=60
Reply from 10.159.28.10: bytes=32 time=272ms TTL=60

Ping statistics for 10.159.28.10:
 Packets: Sent = 4, Received = 4, Lost = 0 (0% loss),
Approximate round trip times in milli-seconds:
 Minimum = 272ms, Maximum = 332ms, Average = 300ms

C:\Users\ABJ4021>

06-19-2026 14:34:50 - (Work notes)
call dsr and opened DSR ticket for further investigation 39430411--
contacted the branch and performed L1 on modem sw router , no go
awaiting update from dsr
checking if the site have the DIGI to it up and running

06-19-2026 14:11:09 - (Work notes)
--Opened for review
--Site was offline as of 10:11 AM EST on 6/17
--It returned to normal operation as of 11:49 AM EST on 6/17
--It has several outages of around 10 minutes over the next 30 minutes
--As of 12:30 PM EST on 6/17 the site was fully operational
--The site made no contact with network operations
--6/19 12:44 PM EST the site is back down again

06-17-2026 11:29:48 - (Work notes)
--Possibly weather related (wind advisory in the area)
--Power outages in nearby areas, but none reported for the site's location

06-17-2026 11:28:00 - (Work notes)
--While working the issue, the switch briefly pinged and then went back offline
--The Versa also went offline again
--Reached out to site POC Benjamin Lewis via Teams
--Waiting on a response

",
INC2183483,Closed,,06-30-2026 03:16:10,07-06-2026 03:05,07-06-2026 03:05,Network Operations Center (NOC),,1723-Holly-Springs-NC-3048-X2-41 Switch is down | FEI1723 | Start time: 06/29/26 10:07 PM | End time:,1723-Holly-Springs-NC-3048-X2-41 Switch is down,"07-01-2026 02:05:18 - (Work notes)
Switch has come online and stable. RFO : power outage.

06-30-2026 03:22:32 - (Work notes)
Created group chat with other POC from site, asked. Waiting for reply.

06-30-2026 03:18:00 - (Work notes)
BM is on Paternity leave, returning to work by July 13th.
Please reach to following to get device physical status.

 --
( --
Logistic / Warehouse Inquiries --

06-30-2026 03:16:10 - (Work notes)
Switch down, reached BM for power & physical verification.

",
INC2174756,Closed,,06-17-2026 20:40:32,06-24-2026 18:05:14,06-24-2026 18:05:14,Network Operations Center (NOC),,Hard down || FEI1630 || Start time : 06/17/2026 08:12 PM EST,Site is down,,
INC2172063,Closed,,06-15-2026 13:00:31,06-24-2026 18:05:14,06-24-2026 18:05:14,Network Operations Center (NOC),,Not able to print,"Issue Description: RICOH IM6000 printer is not connecting to the network, doesn't pull IP when swapped to DHCP, static IP isn't pingable. Branch had a power outage over the weekend

-System(s) affected (i.e., Trilogie, web browsing, etc.): Printing
-The issue(s) affecting the user (i.e., error message, not loading, etc.): Printer cannot connect to network
-Number of affected users (note if affecting an entire branch):
-Location(s) affected (note if affecting remote users): FEI0256
-When did the issue(s) start?: This morning
-Is the issue impacting LAN, wireless, or both? LAN
-Name/contact info for an affected user (if not the user making contact): Barry Maney (AAD3731)
-Model/manufacturer of affected hardware (i.e., service tag, serial numbers): RICOH IM6000
-Impacted Users' System information (IP address, MAC Address, Remote or On-prem):
Static IP = 10.136.212.78
MAC = 58:38:79:6C:57:86

-Has any troubleshooting been completed? (if so, note what steps taken): Rebooted printer, swapped ethernet ports (only available is on same wall panel, connected laptop to same ethernet port but didn't work. Swapped to DHCP, no IP gained

NOTE: If the site is actively moving network-related cables or restarting network equipment, get the NOC involved immediately.

NOTE: If you are unable to gather information, note that in the ticket and the reason why (i.e., user not at the site, doesn’t have access, etc.)

Wall port #: D-5 panle 2","06-19-2026 18:04:06 - (Work notes)
After port swap, printer is working now.
Hence, we're closing this incident.

06-17-2026 11:14:31 - (Work notes)
Tested printer as well and confirmed its working now.

06-17-2026 11:13:50 - (Work notes)
Moved from port Gi1/0/26 to Gi1/0/18 - Tested with laptop its working

06-17-2026 11:03:00 - (Work notes)
Logs

0256_Tucker_GA_2248-30#show mac address-table | include 5786

1 5838.796C.5786 Dynamic Gi1/0/26

0256_Tucker_GA_2248-30#
0256_Tucker_GA_2248-30#
0256_Tucker_GA_2248-30#
0256_Tucker_GA_2248-30#show running-config interface Gi1/0/26

service-policy in QOS
cos-queue min-bandwidth 70 5 25 0 0 0 0
cos-queue strict 5
spanning-tree portfast
switchport voice vlan 11
switchport voice vlan override-authentication
load-interval 30

06-17-2026 11:02:09 - (Work notes)
Tech reached the site and he confirmed cable & wall port is fine

06-15-2026 21:08:35 - (Work notes)
Raised a tech request, Service Request: T20260615.0003

06-15-2026 13:49:23 - (Work notes)
As checked from the switch side, the reported MAC address is not being learned on the switch, and we are unable to identify the corresponding switch port. Additionally, a laptop connected to the same wall port is also unable to access the network, indicating the issue is not specific to the printer.

Based on the findings, we are scheduling a technician to investigate the wall port, cabling, and patch panel connectivity. We will provide an update once the technician has been scheduled.

06-15-2026 13:45:13 - (Work notes)
consulted with NOC and they were not able to find a suitable resolution so they will be sending out a technician to the branch in order to investigate further

06-15-2026 13:33:09 - (Work notes)
taking over ticket and reaching out to NOC to have them look into this

06-15-2026 13:33:09 - (Work notes)
taking over ticket and reaching out to NOC to have them look into this

06-15-2026 13:26:56 - (Work notes)
- Received transfer call
- Gained MAC address
- Reaching out to NOC

06-15-2026 13:11:32 - (Work notes)
Not able to print
Barry AAD3731
BRANCH 256
CBR
Q25687 IP 10.136.212.78
unable to ping IP
appears to be a network connectivity issue
walked associate thru a few steps to test connection
laptop is only working on wifi with ethernet connected
transferred to desktop

",
INC2179182,Closed,,06-24-2026 04:01:57,06-30-2026 03:05:02,06-30-2026 03:05:02,Network Operations Center (NOC),,Hard down,Hard down || FEI1576 || Start time: 06/23/2026 22:06 PM EST,"06-25-2026 02:32:35 - (Work notes)
After completing all L1 troubleshooting steps, including rebooting the switch, the site was restored and is currently under monitoring.
The Branch Manager has confirmed that the site is up and running. Additionally, we contacted the DSR and verified that the modem is in an active state.
Therefore, we are proceeding with ticket closure.

06-24-2026 04:02:39 - (Work notes)
Currently site is hard down, need to check with BM during business hours.

",
INC2187613,Closed,,07-03-2026 05:18,07-11-2026 12:05,07-11-2026 12:05,Network Operations Center (NOC),,Switch down| 10.157.22.31 | 07/02/26 6:06 PM,Switch down,"07-03-2026 10:22:45 - (Work notes)
Reached out to on Teams to physical check the power and status of the switch 1242-Fort-Myers-FL-1524-X1-IDF6-31 (10.157.22.31)
and awaiting response

07-03-2026 05:18:56 - (Work notes)
Switch is showing down. we need to check with Tim Grimmett

",
INC2189092,Closed,,07-07-2026 03:44,07-12-2026 22:05,07-12-2026 22:05,Network Operations Center (NOC),,Site hard down | FEI3149 | Start time: 07/06/2026 23:44:57 | End time:,site down,"07-07-2026 21:32:12 - (Work notes)
Site is up and stable.
RFO: Power outage.

07-07-2026 05:06:09 - (Work notes)
reached BM for power status, added next shift engineers for follow-up.

07-07-2026 03:44:44 - (Work notes)
Suspecting power outage, GW is not reachable.
One circuit at the site.

",
INC2189093,Closed,,07-07-2026 03:45,07-12-2026 22:05,07-12-2026 22:05,Network Operations Center (NOC),,Site hard down || 2944 || start time : 07/07/2026 03:39:07,Site hard down || 2944 || start time : 07/07/2026 03:39:07,"07-07-2026 21:44:25 - (Work notes)
Issue:
The site experienced a hard down condition due to a power outage.
Resolution:
The site is now operational. Power has been restored, and the Branch Manager (BM) has confirmed successful recovery. All network devices are up and running normally, and site connectivity has been fully restored.
Root Cause:
Power outage at the site.

07-07-2026 03:48:43 - (Work notes)
Issue: - Branch hard down
Action Taken: The site is currently hard down, and the gateway is not reachable. A power issue at the branch is suspected. The Branch Manager has been contacted to perform Layer 1 checks, and we are currently awaiting their response. .
Follow-Up Actions: Follow up during business hours for troubleshooting and power verification

",
INC2183466,Closed,,06-29-2026 23:12:04,07-06-2026 12:06,07-06-2026 12:06,Network Operations Center (NOC),,FEI0227 || Primary Offline,"INET01 is down | 0227 | Cox
DSR Managed circuit","06-30-2026 10:36:01 - (Work notes)
--Opened for review
--Reached out to site POC Rashad Mestas via Teams to reboot the Cox modem
--Waiting on a response

06-30-2026 00:38:17 - (Work notes)
DSR done remote reload of Modem and confirmed no outages at their end.
Asked us to proceed L1.

Next action plan will be rebooting the Cox modem and switch/versa if still INET01 does't come up.

06-30-2026 00:34:54 - (Work notes)
Raised case with DSR #39464882

06-29-2026 23:12:04 - (Work notes)
Primary circuit INET01 is down, raising case with DSR.

",
INC2175717,Closed,,06-18-2026 16:22:58,07-05-2026 18:05,07-05-2026 18:05,Network Operations Center (NOC),,FEI1130 |Intermittent network issue reported at Site 1130,Received a call from Branch 1130 reporting intermittent network connectivity for a few minutes. Users experienced slow performance and application access issues during the impact period. Issue appears to have self-resolved before troubleshooting could proceed. Monitoring in place.,"06-30-2026 17:23:48 - (Work notes)
>>User confirmed everything working good and stable
>>hence closing this case after user confirmation.

06-30-2026 13:53:07 - (Work notes)
>>Both ISP circuits links looks to be stable now as per Versa director
>>checking with User of everything is good now

06-25-2026 15:31:29 - (Work notes)
User reported intermittent internet slowness, mentioning that pages occasionally take longer to load.
Reached out to DSR, who confirmed both circuits are stable with no drops or latency observed.
Based on the checks, advised the user to perform an extended reboot of the Versa router, as memory utilization was observed at ~92%.
User confirmed she will perform the reboot tomorrow morning and provide an update.

06-25-2026 08:10:40 - (Work notes)
DSR Called and inform the both Provider (AT&T and Spectrum) have done modem reboot and no outage observed and no drops seen on their end.
We will closely monitor the circuit status and will reach DSR if circuit flaps happens again

06-25-2026 07:22:54 - (Work notes)
> We are observing the intermittent connection on both ISPs and raised DSR case - 39449001

06-24-2026 15:51:57 - (Work notes)
>>Looks like as per User issue is intermittent and as per User Jignesh also working on this:

From:
Sent: Wednesday, June 24, 2026 10:51 PM
To:
Subject: Re: INC2175717 | FEI1130 |Intermittent network issue reported at Site 1130

Sorry its because I have you and someone else following up with me on this issue. It tends to come in and out as far as slow and fast/normal speed

Thank you,

Arlene D Ramos
Showroom Consultant


705 E Expressway 83, Pharr, TX 78577
T:
E:

www.fergusonhome.com
________________________________________

06-24-2026 13:19:14 - (Work notes)
>>Still not getting any response from User, also there is no Phone number to contact via phone call, hence sent email:


From:
Sent: Wednesday, June 24, 2026 10:48 PM
To:
Subject: INC2175717 | FEI1130 |Intermittent network issue reported at Site 1130

Hello @,

Good day!

I attempted to contact you via MS Teams, but couldn't reach you. I can see that the site is currently stable—could you please confirm if you're still facing any issues?
If everything is working fine, please let me know so I can proceed with closing the case.


Thank you,
Regards,

Lead Network Administrator – Bangalore NOC
Ferguson GCC
Ground floor, J Block, Embassy Manyata Tech Park
Bengaluru – 560045


06-23-2026 15:53:46 - (Work notes)
>>Contacted the user
>>waiting for her response.

06-20-2026 18:18:17 - (Work notes)
>>need to follow-up on Monday

06-19-2026 18:12:23 - (Work notes)
>>Inet1 is stable from last more than 1 day, screenshot attached
>>checking with BM if everything is good to close this case
>>waiting for BM response

06-18-2026 16:42:39 - (Work notes)
DSR called in, there was ISP outage on this branch between 3am - 5am. Asked us to reboot the modem once

06-18-2026 16:34:49 - (Work notes)
>>opened a ticket DSR 39426618 with DSR to check if there was any outage or issue with internet service provider
>>Spectrum last flapped 12 hours before
>>Waiting for DSR update
>>I see Versa router memory also going above 90% , will work on this once will get confirmation about the ISP

",
INC2178018,Closed,,06-23-2026 04:38:59,06-29-2026 11:05:08,06-29-2026 11:05:08,Network Operations Center (NOC),,"Hard down || Start time : 22 Jun 2026, 10:45 PM EST | End time : 23 Jun 2026, 09:25 AM EST",Hard down || FEI0948 || Site is hard down,"06-24-2026 10:16:57 - (Work notes)
Power has been restored at the site, and all services are functioning normally. Hence, proceeding to close the incident.

06-23-2026 04:39:37 - (Work notes)
Site is currently hard down need to check with BM during business hours

",
INC2187076,Closed,,07-02-2026 12:51,07-13-2026 10:06:30,07-13-2026 10:06:30,Network Operations Center (NOC),,site hard down,site hard down,"07-02-2026 13:16:38 - (Work notes)
Provider area outage starting at 11:04 am est
Restoration Etr is 2:05 pm est
RFO: Network infrastructure damage

07-02-2026 13:10:25 - (Work notes)
tried pinging the gateway and first usable and got no response
50.242.63.198
50.242.63.197

07-02-2026 12:57:10 - (Work notes)
Performed L1 troubleshooting with BM, checking cables and reboot

",
INC2176275,Closed,,06-19-2026 11:48:48,07-07-2026 21:05,07-07-2026 21:05,Network Operations Center (NOC),,"FEI0684 -Hard down || Starting time 06/19/2026 04:15:16 Ending time 19 June 2026, 08:20 PM EST",FEI0684 -Hard down || Starting time 06/19/2026 04:15:16 Ending time,"07-02-2026 20:46:51 - (Work notes)
-->The site was experiencing intermittent network connectivity issues.
-->ISP (Razzolink) remotely rebooted the modem, and the network connection is now stable.
-->The user has confirmed that services are working as expected. Please proceed with closing the incident.

07-01-2026 15:16:31 - (Work notes)
Subject: RE: 684 || INC2176275 - Primary ISP is unstable.

Hi Sherry,

We have observed that the ISP has been stable for more than 12 hours now. Please let us know if you are still experiencing any connectivity issues.




Regards,


Senior Network engineer
Ferguson GCC
Ground floor, J Block, Embassy Manyata Tech Park
Bengaluru – 560045


From:
Sent: Tuesday, June 30, 2026 9:01 PM
To:
Cc: ; ; ; ; #FEI-NOC ; ; ; ; ; ;
Subject: Re: 684 || INC2176275 - Primary ISP is unstable.

Good Morning,

We will continue to monitor and reset equipment as noted if problem persists. I did want to inform you that it appears that this issue seems to be worse in the afternoon. We get some pretty strong winds in the afternoon, not sure if this has anything to do with the problem. Yesterday we were pretty much unable to use any computers or phones in the afternoon. I will keep you informed.

Thank you,


Inside Sales
100 Briggs Road
Hollister, CA 95023
Ph:
Fax:
Email:

________________________________________

From:
Date: June 30, 2026 at 7:39:16?AM PDT
To:
Cc: , Cheyann C Pratt , , dsrtechsupervisors , , , fergusonsupport
Subject: Re: 684 || INC2176275 - Primary ISP is unstable.
Arun,

Razzolink not seeing any drops since they did the remote reboot over 12
hours ago. All frequencies are testing good. They requested that you
powercyle your router/switch if your still having problems.

Eric Grisham

DSR Tech Support.
Hi Arun,

This is being assigned to the support team and updates will be provided as
soon as possible.






06-29-2026 20:58:09 - (Work notes)
Subject: RE: 684 || INC2176275 - Primary ISP is unstable.

++Adding @dsrtechsupervisors

Hi @dsrtechsupervisors
Good day..!!

We continue to observe instability on the ISP (Razzolink) link, which has been flapping intermittently since June 19. Kindly investigate the issue and share an update on the findings and resolution plan.
Regards,


06-26-2026 17:46:04 - (Work notes)
Received a call from DSR stating there was an ISP outage, which was resolved around 8:30 AM. The ISP advised performing L1 troubleshooting again and to update them if the issue persists.

06-26-2026 16:23:08 - (Work notes)
The ISP (Razzolink) identified that the site's wireless link was switching channels due to frequency interference, which was causing the intermittent connectivity. The connection remained stable after the issue was resolved at approximately 8:30 AM PT today. However, we are observing packet drops on the circuit again. We are contacting the DSR to verify the current status and investigate further.

06-26-2026 13:35:40 - (Work notes)
We are seeing the ISP(Resso) link is still unstable and reached to DSR to work with ISP to fix the issue.

06-25-2026 20:08:27 - (Work notes)
Reached out to DSR again stating that they site is still seeing the drops, they reached out to the ISP and got an info saying that the person who is working on this ticket has been to lunch so once he will be back and once they gets the info they will reach out to us again.
Meanwhile DSR gave the information saying that they are seeing the drops in gateway IP, not the equipment in the property but at the ISP side.

Need to check with the DSR to know further on this and if needed, schedule a tech on site to check further on this.

06-24-2026 19:08:23 - (Work notes)
 reported again saying that the issue is occurring again, we reached out to the DSR and reported saying the issue is occurring again, they reached out to the ISP and they started that they are seeing some drops on the signal and they have raised a ticket with there engineering team to take a depth look into it.
If they are able to resolve the issue remotely then well and good and if not then they will dispatch a tech on site.
We can expect an update from them in 24 hours from the engineering team.

06-23-2026 19:09:50 - (Work notes)
Gave a reboot to the versa and now everything seems to be stable and proper. we will monitor it till tomorrow and if the issue persists we will ask the DSR to send a tech to look into the issue.

06-23-2026 18:21:02 - (Work notes)
 came up reporting that they are still facing the internet issue and phones are cutting down again.
We reached out to the DSR and got an update saying that there was an outage from 19th till 23rd.
As the outage is cleared now, they have asked to give a reboot to the versa for like unplug the power cord for 5 minutes and the plug it back in.
After doing that also if the issue persists we need to reach out to the DSR again.

06-22-2026 18:54:43 - (Work notes)
Gave reboot to the ISP Modem (Razzolink) and to the switch. we see the site is having the internet so far. stated that they will have to monitor phones, they have been cutting off.
They will get back to us if the issue persistes.

Keeping it under monitoring.

06-22-2026 18:06:13 - (Work notes)


06-22-2026 12:35:29 - (Work notes)
The network was restored using the Digi connection while the primary link was down. Now that the primary link has been restored, services are fully operational. Hence, closing the incident.

06-22-2026 06:29:39 - (Work notes)
Primary ISP restored.


C:\Users\ABJ9547>ping 76.72.147.129

Pinging 76.72.147.129 with 32 bytes of data:
Reply from 76.72.147.129: bytes=32 time=220ms TTL=242
Reply from 76.72.147.129: bytes=32 time=221ms TTL=242
Reply from 76.72.147.129: bytes=32 time=222ms TTL=242
Reply from 76.72.147.129: bytes=32 time=219ms TTL=242

Ping statistics for 76.72.147.129:
 Packets: Sent = 4, Received = 4, Lost = 0 (0% loss),
Approximate round trip times in milli-seconds:
 Minimum = 219ms, Maximum = 222ms, Average = 220ms

C:\Users\ABJ9547>

06-19-2026 13:25:42 - (Work notes)
> Site is operational with Digi, ISP (Razzo Link) was down, and case 39429504 was raised.

06-19-2026 13:25:11 - (Work notes)
Subject: RE: 684 pic || INC2176275

Hi Sherry,

Thank you for your time on the call and for sharing the detailed photos.
As per DSR, the ISP (Razzo Link) was down, and case 39429504 was raised.
A workaround was implemented after the Digi cable connection was fixed, and the site is now operational.
However, performance is slightly slow due to a cellular network issue.

The ticket will remain open, and we will keep you updated on any ISP updates.

C:\Users\ABJ9547>ping 10.159.6.84

Pinging 10.159.6.84 with 32 bytes of data:
Reply from 10.159.6.84: bytes=32 time=1487ms TTL=60
Reply from 10.159.6.84: bytes=32 time=1635ms TTL=60
Reply from 10.159.6.84: bytes=32 time=1540ms TTL=60
Reply from 10.159.6.84: bytes=32 time=1269ms TTL=60

Ping statistics for 10.159.6.84:
 Packets: Sent = 4, Received = 4, Lost = 0 (0% loss),
Approximate round trip times in milli-seconds:
 Minimum = 1269ms, Maximum = 1635ms, Average = 1482ms

C:\Users\ABJ9547>

Regards,


06-19-2026 11:49:40 - (Work notes)
DSR ticket :39429504

",
INC2186227,Closed,,07-01-2026 19:44,07-07-2026 21:05,07-07-2026 21:05,Network Operations Center (NOC),,"FEI1119 - Site is hard down || Starting time : 07/01/2026 18:43:22 EST End time : 2 Jul 2026, 13:39 EST","FEI1119 - Site is hard down || Starting time : 07/01/2026 18:43:22 End time : 2 Jul 2026, 13:39 EST","07-02-2026 20:59:53 - (Work notes)
--> The outage was caused by a power interruption at the site.
--> Power has since been restored, and all network services are functioning normally.
-->The user has confirmed that services are operational. Please proceed with closing the incident

07-01-2026 19:48:27 - (Work notes)
The router is down while the ISP gateway is reachable. Router power status and cable connections need to be verified during Business Hours.

C:\Users\ABJ9547>ping 10.159.11.19

Pinging 10.159.11.19 with 32 bytes of data:
Request timed out.
Request timed out.
Request timed out.
Request timed out.

Ping statistics for 10.159.11.19:
 Packets: Sent = 4, Received = 0, Lost = 4 (100% loss),

C:\Users\ABJ9547>
=======================================

C:\Users\ABJ9547>ping 96.91.86.114

Pinging 96.91.86.114 with 32 bytes of data:
Reply from 96.91.86.114: bytes=32 time=320ms TTL=44
Reply from 96.91.86.114: bytes=32 time=351ms TTL=44
Reply from 96.91.86.114: bytes=32 time=348ms TTL=44
Reply from 96.91.86.114: bytes=32 time=327ms TTL=44

Ping statistics for 96.91.86.114:
 Packets: Sent = 4, Received = 4, Lost = 0 (0% loss),
Approximate round trip times in milli-seconds:
 Minimum = 320ms, Maximum = 351ms, Average = 336ms

C:\Users\ABJ9547>

",
INC2186239,Closed,,07-01-2026 20:48,07-07-2026 14:05,07-07-2026 14:05,Network Operations Center (NOC),,INET02 is offline || FEI:0305,INET02 circuit is down,"07-02-2026 13:08:07 - (Work notes)
Circuit is now up and operational.

07-01-2026 20:48:47 - (Work notes)
INET02 circuit is down and AT&T confirms that there is a fiber cut and they are working on it.
Circuit ID for INET02- IUEC768534
GLS Ticket no:12232542

",
INC2179180,Closed,,06-24-2026 03:56:43,06-30-2026 08:05:29,06-30-2026 08:05:29,Network Operations Center (NOC),,Hard down,Hard down|| FEI5924 || Start time: 06/23/2026 22:15 PM EST,"06-25-2026 02:30:57 - (Work notes)
After completing all L1 troubleshooting steps, including rebooting the switch, the site was restored and is currently under monitoring.
The Branch Manager has confirmed that the site is up and running. Additionally, we contacted the DSR and verified that the modem is in an active state.
Therefore, we are proceeding with ticket closure.

06-24-2026 03:57:22 - (Work notes)
Currently site is hard down , need to check with BM during business hours.

",
INC2180477,Closed,,06-25-2026 08:53:04,07-06-2026 07:05,07-06-2026 07:05,Network Operations Center (NOC),,Entire branch internet down.,"Is there a parent/problem or currently active ticket for this specific issue (Y/N)?? N

Issue Description: Entire branch internet down. Showroom with connected warehouse.
Network down since they got here this morning 7am.

abi7906
Callback:
Location: 1150
Remote (Y/N)? N
Email:

Downtimes (business hours):
June 25th - 7 AM EST to 10:10 AM EST
June 26th - 7 AM EST to 8:45 AM EST
total: 5 Hrs","06-25-2026 08:53:29 - (Work notes)
Transferring to NOC for assistance

",
INC2188190,Closed,,07-06-2026 09:23,07-11-2026 11:05,07-11-2026 11:05,Network Operations Center (NOC),,Part of Branch down--Ethernet,"Issue Description: Part of the branch is down. These PCs use Ethernet

-System(s) affected (i.e., Trilogie, web browsing, etc.): ALL
-The issue(s) affecting the user (i.e., error message, not loading, etc.):No internet
-Number of affected users (note if affecting an entire branch): 2
-Location(s) affected (note if affecting remote users):
-When did the issue(s) start?: today
-Is the issue impacting LAN, wireless, or both? Ethernet
-Name/contact info for an affected user (if not the user making contact):
-Model/manufacturer of affected hardware (i.e., service tag, serial numbers):
-Impacted Users' System information (IP address, MAC Address, Remote or On-prem):
-Has any troubleshooting been completed? (if so, note what steps taken): Counter, states it appears to be two Ethernet cables but they can't determine if they plug into anything else

NOTE: If the site is actively moving network-related cables or restarting network equipment, get the NOC involved immediately.

NOTE: If you are unable to gather information, note that in the ticket and the reason why (i.e., user not at the site, doesn’t have access, etc.)

","07-06-2026 10:36:59 - (Work notes)
Logged into the switch and we got the port that's the MAC address is reading and did bounced the port which helped.
For the other port in logs which port was in error disable state we gave a reboot and that also came up.

Jhaimee Bullock confirmed that she is able to access the internet on the computers.
Closing this out.

07-06-2026 09:56:21 - (Work notes)
C0-47-0e-09-3e-50

07-06-2026 09:45:56 - (Work notes)
Ran a network reset and this did not change the IP address.
It appears this section of the branch is not able to get internet.
There are phones connected as well and they are also not working.

07-06-2026 09:43:55 - (Work notes)
Checking PC. It does have lights on to show the Ethernet connection
doign a ipconfig /all
it pulls a 169.254.67.111 which is a apipa

No other PCs are having this issue. Just this counter.
unable to determine what ports these are.

07-06-2026 09:24:44 - (Work notes)
Transfer to NOC

",
INC2177995,Closed,,06-22-2026 20:41:13,07-05-2026 22:05,07-05-2026 22:05,Network Operations Center (NOC),,Hard down || FEI0333 || Start time: 06/22/2026 08:02 PM EST,Site is open,"06-24-2026 12:36:44 - (Work notes)
We are seeing INET01 is up and stable for more than 18 hours, please find attached RFO from DSR

06-24-2026 06:28:44 - (Work notes)
We are seeing INET01 is up and stable for past 11 hours, AS per DSR suggestion we have to replace the cable between modem to switch, we will monitor the circuit and work with BM to replace the cable

06-22-2026 20:45:22 - (Work notes)
INET 01 is keep flapping, called DSR no response.

06-22-2026 20:41:13 - (Work notes)
Site is down, as checked GW is not reachable. Pinged BM for L1 trouble shooting. waiting for his response

",
INC2172313,Closed,,06-15-2026 15:13:39,07-11-2026 11:06,07-11-2026 11:06,Network Operations Center (NOC),, internet issues @ branches 675/659,"AA: aai6433
Callback:
Location: 659
Remote (Y/N) N
Service Tag:
Email:

Issue: internet issues @ branches 675/659. Trilogies is working but cannot get pas the first page on pipeline, cannot sed email in outlook, teams messages are delayed in sending. not able to open web sites. Issue started about an hour ago (06-15-2026 2:00 PM EST)","07-06-2026 10:44:32 - (Work notes)
The site seems to be up and stable. Closing this out.

07-02-2026 18:48:46 - (Work notes)
We will continue to monitor the site to ensure stability

07-02-2026 18:46:45 - (Work notes)
Inet02 is up now, checked in Versa as well as gls confirmed -
From:
Sent: Friday, July 3, 2026 3:40 AM
To: ; ;
Cc: ; ; ; ; ; HLAVACEK, JOHN E ; GLS Network Operations Center ; Kajal S ; ; #FEI-NOC ;
Subject: Re: FERGUSON 0675 | GLS T# 12221432|CS3818210 | 670101094 | EC1131093|

Caution: This email originated from outside of the organization. DO NOT click links or open attachments unless you recognize or trust the sender.
All,

 GLS see's that the circuit has restored and our alarms have cleared:

--- 1.1.1.1 ping statistics ---
25 packets transmitted, 25 received, 0% packet loss, time 24017ms
rtt min/avg/max/mdev = 8.796/9.174/9.786/0.283 ms

 Thanks everyone for your assistance getting this issue resolved.


Best regards,

Ken
 | NOC Technician
P:
E:

07-01-2026 07:27:17 - (Work notes)
Lumen technician is on-site and has identified that a new terminal and drop installation are required. The team is coordinating the work, and they will provide further updates as progress is made.

06-30-2026 13:20:27 - (Work notes)
Continue to Follow up on the mails from the GLS on the ETA for the resolution and Meanwhile Anthony will be working on shipping a DIGI on site.

06-30-2026 10:42:07 - (Work notes)
Email has been send to GLS to get an update on the ETA for the resolution. Have requested them to escalate and handle it on priority basis.

06-30-2026 09:42:18 - (Work notes)
Reached out to to get on update for the issue/wire fixed by the GLS.
She stated that they have not fixed it yet. It seems to be a bigger project than expected.

She stated that she will keep us updated on when the issue will get fixed.

06-28-2026 04:41:22 - (Work notes)
0675:
Reached out to and got an update saying that the Tech from GLS was on site and discovered that a wire had been cut. They should be back to fix it.

06-25-2026 21:05:09 - (Work notes)
Below notes are for 0675:

06-25-2026 21:04:54 - (Work notes)
As INET02 is still down at the site and we were having the information saying that GLS will be sending a tech out there to look into it. We haven't heard anything from the GLS nor from the Branch Manager.

Reach out to GLS/Branch Manager to know more further on this about the dispatch.

06-24-2026 19:27:33 - (Work notes)
As looking into Versa the INET02 seems to be down. GLS will be sending a tech on site to look into that.

06-24-2026 19:23:38 - (Work notes)
Reached out to BM () to check if they are still facing the issue. They reported saying that after enabling the INET02 from our end everything seems to be working fine and they haven't had any issue so far.
Even she stated that she got a call from the GLS this afternoon saying that they are still seeing it as down and they will be sending a tech out there.

06-24-2026 11:40:14 - (Work notes)
* Contacted the Branch Manager and enabled the INET02 circuit during the call.
* INET02 is now back online and stable.
* No circuit flaps have been observed in the last 20 minutes.
* Advised the Branch Manager to report any further slowness or connectivity issues if encountered.
* Continue monitoring the circuit for stability.
* Follow up with the Branch Manager prior to closing the ticket.

06-24-2026 10:57:54 - (Work notes)
Reached out to BM () and she'll be reaching out to us once she's free

06-23-2026 17:47:42 - (Work notes)
0675:
We did set the couple of port on the switch to vlan33. (switch port Gi1/0/35 and Gi1/0/36).
As the Branch manager is not on site today, once she is on site tomorrow we have to connect an additional cable from the modem to any of the switch port as either port 35 or port 36 and see if it's getting the link lights. If yes then the issue is with the port and if not then we have to reach out to GLS to send a tech on site to look into the issue.

06-23-2026 17:46:55 - (Work notes)
We did set the couple of port on the switch to vlan33. (switch port Gi1/0/35 and Gi1/0/36).
AS the Branch manager is not on site today, once she is on site tomorrow we have to connect an additional cable from the modem to any of the switch port as either port 35 or port 36 and see if it's getting the link lights. If yes then the issue is with the port and if not then we have to reach out to GLS to send a tech on site to look into the issue.

06-23-2026 12:50:45 - (Work notes)
Jalen from device solutions reached out stating the BM had reached out to them.

Inet01 still seems to have a lot of drops while Inet02 is shutdown at 0675 --> Need to reach out to GLS and get a AT&T tech.
--------------------------------------------------------------------------------------------------------------------------------------------------

For 0659 --> Issue seems to be resolved as per GLS (and GLS ticket has been closed)

Reference:

Dear Customer,
 This is regarding your Client Ticket No: 12209560
As per the latest update, received inbound call from Ken@ asking for an update informed him that the lumen tech found bad fiber extension causing high dB loss replaced tested to Loop and tested ok. Also seeing the circuit up and running without latency/packet loss from PE to CPE. Waiting for customer follow up.

Sent email to FNOC as noted below:

FNOC,
 Per AT&T update as noted below the trouble on this circuit has been isolated and repaired. I have reenabled inet-02 on Versa-A.
 Please advise when it is okay to close GLS ticket for this issue.
Thanks and regards,
Ken

--------------------------------------------------------------------------------------------------------------------------------------------------------------------------

06-19-2026 12:16:31 - (Work notes)
As per GLS, both site inet 2 is still shutdown state and no updates from AT&T and GLS will escalate to AT&T.

06-18-2026 18:49:31 - (Work notes)
GLS ticket for branch Ticket #12209560 for 0659

GLS ticket for branch Ticket #12209713 for 0675

06-18-2026 15:26:33 - (Work notes)
>>post shutdown the inet02 interface -branch 675. 659 recovered
called GLS , asked to open ticket with AT&T about the DIA issue ,

06-17-2026 18:40:33 - (Work notes)
the issue persist after reboot

for 659- Inet 02 was shutdown and performance improved

675- inet 02 was shutdown
awaiting confirmation from branch

06-17-2026 17:54:33 - (Work notes)
both site 675. 659
after reboot site is experiencing slowness in workday and out look

06-17-2026 17:36:38 - (Work notes)
site675 performed with extended reboot
site 659 performed with extended reboot

06-17-2026 15:01:16 - (Work notes)
rebooted the modem sw, versa

06-17-2026 13:45:35 - (Work notes)
coordination with branch 675 to perform extended reboot on modem and versa

06-17-2026 13:10:32 - (Work notes)
working with

06-17-2026 11:43:44 - (Work notes)
- User calling back in stating they still have a few computers at the branch having the issue
- User states at least 4 devices are having the issue still
- User states they were fine for a day and then the issue returned
- Reaching out to NOC

06-15-2026 19:35:05 - (Work notes)
For 0659:
After giving reboot to all the switches and the versa. Asked the Associate to check the internet connective at the site. Everything seems to be working fine and good now. We'll continue to monitor it for stability.

06-15-2026 18:51:24 - (Work notes)
After giving reboot to the switch for 0675, Charlottes from 0675 confirmed that Outlook, Workday, Trilogy came up. Basically everything seems to be working fine/good in 0675. we'll continue to monitor it for stability.

06-15-2026 17:54:04 - (Work notes)
3AAJ2682@0659-Henderson-NV-cli> show system uptime

Current time : Mon Jun 15 21:53:56 2026
System start time : Sat Jun 13 03:29:52 2026
System uptime : 2D 18:24:04
Service start time : Sat Jun 13 03:32:22 2026
Service uptime : 2D 18:21:04
Timezone : Greenwich (GMT, -0000)

06-15-2026 17:51:21 - (Work notes)
not seeing any commit / changes on the [ 0659 ] router
---- + ---- + ---- ---- + ---- + ---- ---- + ---- + ---- ---- + ---- + ----
3AAJ2682@0659-Henderson-NV-cli> show commit list
2026-06-15 21:50:40
SNo. ID User Client Time Stamp Label Comment
~~~~ ~~ ~~~~ ~~~~~~ ~~~~~~~~~~ ~~~~~ ~~~~~~~
0 10139 admin netconf 2026-06-02 17:44:57
1 10138 admin netconf 2026-02-06 18:38:51
2 10137 admin netconf 2026-01-24 01:48:20
3 10136 admin netconf 2026-01-17 01:16:53
4 10135 admin netconf 2025-12-16 08:55:21

06-15-2026 17:35:10 - (Work notes)
[ 0675 ]
The most recent change / update to the router looks like it's just allowing an android url to be allowed
this wouldn't cause the reported issue where users are reporting intermittent access to different resources as ""coming and going""
i.e. users are report that for a while outlook loads but then all of a sudden it doesn't, then later on it loads......
> The issue does not always get resolved with connecting to VPN either
- > for some users yes, but for others, they never get the MFA prompt...

06-15-2026 17:28:54 - (Work notes)
3AAJ2682@0675-LasVegas-NV-cli> show commit list
2026-06-15 21:18:04
SNo. ID User Client Time Stamp Label Comment
~~~~ ~~ ~~~~ ~~~~~~ ~~~~~~~~~~ ~~~~~ ~~~~~~~
0 10115 admin netconf 2026-06-15 19:55:43
1 10114 admin netconf 2026-06-04 12:59:19
2 10113 admin netconf 2026-06-04 12:56:42
3 10112 admin netconf 2026-06-02 20:31:08
4 10111 admin netconf 2026-02-06 18:39:26


3AAJ2682@0675-LasVegas-NV-cli> show commit changes 0
#
# Created by: admin
# Date: 2026-06-15 19:55:43
# Client: netconf
#
 interfaces {
 vni-0/3 {
- dhcp-trusted false;
 }
 }
 orgs {
 org-services Ferguson {
 url-filtering {
 user-defined-url-categories {
 Ferguson_Allow {
 urls {
+ patterns ""^android\.com$"" {
+ reputation trustworthy;
+ }
 }
 }
 }
 }
 }
 }
 system {
 users admin {
- password $6$6o3BdPKMOcwBhl5M$mzw0RA5UZ8H1H4PLVkE7XQEMJR/n/MdJwneVec8N/ivn1N7t/n8P5GbngidiivLUhDr7/mlp1zxFGVEjO4BZs/;
+ password $6$kwO1kbA3lij9S6tC$gczpF/G7XIpludfrEUHzA4OUFcbTNPfPgtmUD2N41DPH2Bbg3SAU9fj2M10x3keuCUwO3o0rXQ3rq0CIblzE51;
 }
 users dial_backup {
- password $6$kH6H11gc7fXmRv3f$Auwkce63fnVzhzRjq3DOWjyjtBGsze0uvrxdJZSB.fNuadp8YFbfNEBaOjB4NMu76noF5bopLKzBhX9yNTz0//;
+ password $6$P/Amdskr9N8Xi.ZN$XgOp9n/GlS8BBpTY1rkN9umFvYnwyZiLNy1OnJKodgJFshEtjHfrb72.Aao4CFjAXmEX6Ytf/RknZopBdtKK.0;
 }
 users glstech {
- password $6$beCtUvhu/.1QPfDh$OR52qCh8hCMJjb0gdm/1.4nPMkjJWuWJj1n5XJ149Pn2YNoe8rD13q3ekhb9rgr4rJKJ6FAj0xiAQjwbgok8M1;
+ password $6$SY/j1AsHiHjGf6ux$ZBqlSGQON8tXkjYkORhNegw3yRqTLCEnJ6oTDzvUpjlgwcLJaR8/NLnjymKQYO1CGcHakqdrIPOJkwuPRloyD0;
 }
 users versa {
- password $6$vFQTFWEvMX.S5bA.$s2V/SJ0zzGjntB0zNbqsG5aqvsv.EqKWnQ9qKvUXJIeGnGWzZrv/6sFE5SkKZsOExBPVQ7.3CYdA2EbxXvmxP1;
+ password $6$1yvTQ2Of2/FPweQB$k/ZFE6Y5LzGWC2fNBPr2p8dZ2VJbMKPF.iVaSAKIbC4TvIZKds51FmsS0.Jnahur3QrMks8EqQwtn6MS/Y37Y.;
 }
 service-options {
- sdwan-header-compression enabled;

06-15-2026 17:26:48 - (Work notes)
Current time : Mon Jun 15 21:20:55 2026
System start time : Mon Jun 15 19:57:35 2026
System uptime : 01:23:20
Service start time : Mon Jun 15 19:59:47 2026
Service uptime : 01:20:37
Timezone : Greenwich (GMT, -0000)

---- + ---- + ---- ---- + ---- + ----
0675_LAS_VEGAS_NV_2960XR_X2-40#sh clock
14:21:20.639 PDT Mon Jun 15 2026

06-15-2026 17:16:48 - (Work notes)
0659:
No reboot has been given to the versa as the counter is busy. may need to wait until 4PM local time. AS inside counters and sales closes at 4PM.

06-15-2026 17:14:33 - (Work notes)
0675:
Asked the associated to connect to the VPN and check, by connecting to the VPN they reported the network access was restored.
Without VPN they are not able to access.
Gave reboot to the versa, after reboot they were able to access few application like Trilogie and teams are good, still no Outlook.
pipeline seems to be good.
But after couple of minutes the issue persists.
Seems like the issues are bouncing around Now the front page of the pipeline came up.
they don't have WIFI.

Have asked the associate to give a reboot to the switch, awaiting response on if they can give a reboot now or not.

06-15-2026 16:09:39 - (Work notes)
Call transferred to

06-15-2026 15:56:27 - (Work notes)
multiple associate connected to the vpn and then reported network access was restored other associate were unable to connect to vpn as they did not receive the MFA code

06-15-2026 15:38:46 - (Work notes)
associate connected to the VPN and was then able to pull up web pages and send emails

06-15-2026 15:24:43 - (Work notes)
Issue started about an hour ago

06-15-2026 15:22:20 - (Work notes)
RF guns are working in warehouse but counter printers are not online (branch: 659)

06-15-2026 15:20:32 - (Work notes)
called NOC for consult

06-15-2026 15:18:11 - (Work notes)
IPV4: 10.138.175.141
Physical address:
64-4a-7d-49-c9-06


",
INC2182438,Closed,,06-29-2026 08:03:39,07-06-2026 07:05,07-06-2026 07:05,Network Operations Center (NOC),,Branch network is slow.,"Issue Description: Branch network is slow.
15 employees

-System(s) affected (i.e., Trilogie, web browsing, etc.): phones (can't answer phones)
-The issue(s) affecting the user (i.e., error message, not loading, etc.): Phones are not able to take calls
-Number of affected users (note if affecting an entire branch): entire branch
-Location(s) affected (note if affecting remote users):
-When did the issue(s) start?:
-Is the issue impacting LAN, wireless, or both? wireless and ethernet
-Name/contact info for an affected user (if not the user making contact): Christine
-Model/manufacturer of affected hardware (i.e., service tag, serial numbers): various
-Impacted Users' System information (IP address, MAC Address, Remote or On-prem):
-Has any troubleshooting been completed? (if so, note what steps taken):

NOTE: If the site is actively moving network-related cables or restarting network equipment, get the NOC involved immediately.

NOTE: If you are unable to gather information, note that in the ticket and the reason why (i.e., user not at the site, doesn’t have access, etc.)

","07-01-2026 06:43:59 - (Work notes)
The site seems to be stable and haven't heard anything from Christine Downey about the intermittent. Closing this out.

06-29-2026 08:56:28 - (Work notes)
Reached out to Christine Downey and got the information saying that they are facing the intermittent issue, Phones are not able to take calls. By checking further we see everything seems to be up and stable with proper pings.
Was seeing that the switch was in warning state, gave reboot to the switch and they reported saying that they are back on and no longer facing the issue.

Keep it under monitoring, if the issue persists they will reach back to us again on the same.

06-29-2026 08:05:28 - (Work notes)
transferd to NOC

",
INC2186914,Closed,,07-02-2026 11:20,07-11-2026 08:05,07-11-2026 08:05,Network Operations Center (NOC),,FEI0535 || site hard down || 07/02/2026 10:55:04,FEI0535 || site hard down,"07-02-2026 11:28:04 - (Work notes)
sent an email to DSR team.

Hi DSR Team,

I have been trying to reach you by phone but have been unable to get through. The Ferguson branch 0535 is currently down, and the gateway is not reachable. We have already performed initial troubleshooting, including rebooting the modem and swapping the cable connected to the switch, but the issue persists. Could you please log a ticket for this issue and provide an update on the status accordingly?

07-02-2026 11:20:14 - (Work notes)
working on this

",
INC2188066,Closed,,07-06-2026 08:33,07-13-2026 07:05:13,07-13-2026 07:05:13,Network Operations Center (NOC),,2540-Pinellas-Park-FL-MS130-MDF-SW1 switch down,2540-Pinellas-Park-FL-MS130-MDF-SW1 switch down,"07-06-2026 08:35:23 - (Work notes)
To the user to reset the power cable and waiting for 10 minutes.
Switch and all APs are back online.

07-06-2026 08:34:09 - (Work notes)
2540-Pinellas-Park-FL-MS130-MDF-SW1 has no lights.
Other 3 switches are online.

",
INC2181091,Closed,,06-25-2026 14:47:04,07-11-2026 07:05,07-11-2026 07:05,Network Operations Center (NOC),,Network performance issues || FEI3517,"Issue Description: Associate's are getting kicked out of applications like trilogie and genesys while also having internet performance issues. Issue started this morning

-System(s) affected (i.e., Trilogie, web browsing, etc.): Trilogie and genesys
-The issue(s) affecting the user (i.e., error message, not loading, etc.): Getting kicked out of phones and trilogie session repeatedly
-Number of affected users (note if affecting an entire branch): 20 users
-Location(s) affected (note if affecting remote users): 3517
-When did the issue(s) start?: Issue started this morning
-Is the issue impacting LAN, wireless, or both? Both
-Name/contact info for an affected user (if not the user making contact): Susan Harrsch - (cell)
-Model/manufacturer of affected hardware (i.e., service tag, serial numbers):
-Impacted Users' System information (IP address, MAC Address, Remote or On-prem): on-prem
-Has any troubleshooting been completed? (if so, note what steps taken):

NOTE: If the site is actively moving network-related cables or restarting network equipment, get the NOC involved immediately.

NOTE: If you are unable to gather information, note that in the ticket and the reason why (i.e., user not at the site, doesn’t have access, etc.)

","07-06-2026 06:05:18 - (Work notes)
circuit was flapping and ISP fixed the issue and been monitoring for few days
circuit is stable and hence resolving

06-25-2026 16:22:07 - (Work notes)
noc ticket raised with ISP
INC2181127

06-25-2026 15:53:48 - (Work notes)
- Reached out to NOC
- Warm transfer

",
INC2187866,Closed,,07-05-2026 12:09,07-11-2026 12:05,07-11-2026 12:05,Network Operations Center (NOC),,2856-Englewood-CO | harddown 07/04/2026 20:58:00,"C:\Users\ABJ4021>ping 10.159.18.95

Pinging 10.159.18.95 with 32 bytes of data:
Request timed out.
Request timed out.
Request timed out.
Request timed out.

Ping statistics for 10.159.18.95:
 Packets: Sent = 4, Received = 0, Lost = 4 (100% loss),

C:\Users\ABJ4021>","07-06-2026 11:13:47 - (Work notes)
Andrew Smith reached out to us saying that the site is having no internet. Got the closet images and we can see that the versa and switch are having no lights on it, seems to be having no power supply to those devices.
He informed that there power outlet is not functioning and then switched it to different outlet, which restored the connectivity and got the devices back online with the proper internet.

Andrew Smith confirmed that they are back up functioning. Closing this out.

",
INC2182619,Closed,,06-29-2026 09:29:57,07-04-2026 13:05,07-04-2026 13:05,Network Operations Center (NOC),,Switch down || 0603B || 0603B-LosAlamitos-CA-X1-2,"Switch down || 0603B || 0603B-LosAlamitos-CA-X1-2

0603B-LosAlamitos-CA-X1-2.na.sys.ds.wolseley.com","06-29-2026 12:56:53 - (Work notes)
The switch is back online and operational.

0603B-LosAlamitos-CA-X1-2#sh ver
Cisco IOS Software, C2960X Software (C2960X-UNIVERSALK9-M), Version 15.2(7)E2, RELEASE SOFTWARE (fc3)
Technical Support: http://www.cisco.com/techsupport
Copyright (c) 1986-2020 by Cisco Systems, Inc.
Compiled Sat 14-Mar-20 16:53 by prod_rel_team

ROM: Bootstrap program is C2960X boot loader
BOOTLDR: C2960X Boot Loader (C2960X-HBOOT-M) Version 15.2(6r)E, RELEASE SOFTWARE (fc1)

0603B-LosAlamitos-CA-X1-2 uptime is 10 weeks, 1 hour, 39 minutes
System returned to ROM by power-on
System restarted at 15:11:15 UTC Mon Apr 20 2026
System image file is ""flash:c2960x-universalk9-mz.152-7.E2.bin""
Last reload reason: power-on



This product contains cryptographic features and is subject to United
States and local country laws governing import, export, transfer and
use. Delivery of Cisco cryptographic products does not imply
third-party authority to import, export, distribute or use encryption.
Importers, exporters, distributors and users are responsible for
compliance with U.S. and local country laws. By using this product you
agree to comply with applicable laws and regulations. If you are unable
to comply with U.S. and local laws, return this product immediately.

A summary of U.S. laws governing Cisco cryptographic products may be found at:
http://www.cisco.com/wwl/export/crypto/tool/stqrg.html

If you require further assistance please contact us by sending email to
.

cisco WS-C2960XR-48FPD-I (APM86XXX) processor (revision E0) with 524288K bytes of memory.
Processor board ID FDO1914I0ET
Last reset from power-on
1 Virtual Ethernet interface
1 FastEthernet interface
50 Gigabit Ethernet interfaces
4 Ten Gigabit Ethernet interfaces
The password-recovery mechanism is enabled.

512K bytes of flash-simulated non-volatile configuration memory.
Base ethernet MAC Address : BC:C4:93:5B:B8:00
Motherboard assembly number : 73-15626-03
Power supply part number : 341-0533-01
Motherboard serial number : FDO19140GUY
Power supply serial number : LIT19110PY7
Model revision number : E0
Motherboard revision number : A0
Model number : WS-C2960XR-48FPD-I
Daughterboard assembly number : 73-14200-03
Daughterboard serial number : FDO19140KDV
System serial number : FDO1914I0ET
Top Assembly Part Number : 68-5044-02
Top Assembly Revision Number : D0
Version ID : V02
CLEI Code Number : CMMKJ10ARB
Daughterboard revision number : A0
Hardware Board Revision Number : 0x06


Switch Ports Model SW Version SW Image
------ ----- ----- ---------- ----------
* 1 54 WS-C2960XR-48FPD-I 15.2(7)E2 C2960X-UNIVERSALK9-M


Configuration register is 0xF

0603B-LosAlamitos-CA-X1-2# sh clock
16:55:32.309 UTC Mon Jun 29 2026
0603B-LosAlamitos-CA-X1-2#

06-29-2026 09:29:57 - (Work notes)
Hostname : 0603B-LosAlamitos-CA-X1-2
IP: 10.82.221.2
Machine Type : cisco switch

Switch offline. We will reach out to BM to verify the power and physical status of device.

",
INC2171875,Closed,,06-15-2026 11:22:16,06-21-2026 06:05:03,06-21-2026 06:05:03,Network Operations Center (NOC),,Wos option not showing,"Location: 1432
Issue : user is unable to turn connect to wos
Service tag : bftcn74
Effected users : All thats using wifi , Ethernet connection works","06-15-2026 13:49:57 - (Work notes)
These APs are connected to stacked switch 2 (10.138.206.30) on ports G2/0/3 and G2/0/6.
We have already performed a power bounce and changed the ports on the same switch and after moved cable to switch1 port 1/0/2 & 1/0/15, services are restored.

06-15-2026 13:46:24 - (Work notes)
Action taken :

The site experienced a storm yesterday, and two APs are currently down.
These APs are connected to stacked switch 2 (10.138.206.30) on ports G2/0/3 and G2/0/6.
We have already performed a power bounce and changed the ports on the same switch and after moved switch1 port 1/0/2 & 1/0/15, services are restored.

06-15-2026 11:55:44 - (Work notes)
> We are observing the AP101, AP102 both are offline and bounce switchport but no luck.
> Reaching to Jay for further trobleshooting.

06-15-2026 11:36:33 - (Work notes)
- was told to transfer ticket transferring now

06-15-2026 11:33:12 - (Work notes)
-called over to noc speaking with

06-15-2026 11:28:16 - (Work notes)
-other users are experiencing this issue also.

06-15-2026 11:23:57 - (Work notes)
-other wifi connection options are working
-reset network adapter --issue still persisted
-user connected through ethernet ; running dell command update


",
INC2187864,Closed,,07-05-2026 11:44,07-11-2026 12:05,07-11-2026 12:05,Network Operations Center (NOC),,Site Hard Down.,Site 1895-BrokenArrow-OK Hard Down.,"07-06-2026 10:54:55 - (Work notes)
The site is back online, assuming power outage. Closing this out.

",
INC2190724,On Hold,,07-08-2026 11:34,07-08-2026 11:36,,Network Operations Center (NOC),,FEI3716 || Site Hard Down,#NAME?,"07-08-2026 11:36:17 - (Work notes)
--Per local power company website power is offline due to a planned maintenance
--No ETA listed on the power company's website

",
INC2193369,On Hold,,07-12-2026 20:31,07-12-2026 20:40,,Network Operations Center (NOC),,FEI361 || 2741-Austin-TX-N3248P-X1-MDF-40 10.132.52.40 - Switch down,"FEI361 || 2741-Austin-TX-N3248P-X1-MDF-40 10.132.52.40 - Switch down

C:\Users\ABJ9547>ping 10.132.52.40

Pinging 10.132.52.40 with 32 bytes of data:
Request timed out.
Request timed out.
Request timed out.
Request timed out.

Ping statistics for 10.132.52.40:
 Packets: Sent = 4, Received = 0, Lost = 4 (100% loss),

C:\Users\ABJ9547>",,
INC2181951,On Hold,,06-26-2026 14:13:54,07-10-2026 12:34,,Network Operations Center (NOC),,Circuit Degradation,"Circuit Degradation
CB: -","07-10-2026 06:17:47 - (Work notes)
Performed the hard reboot of MDF switch stack, now switch is online.
Restored the INET02 connectivity on both Versa A and Versa B.
Informed Kira to monitor the network Performance and inform us if any issues arises.

AT&T Modem is connected on MDF switch 1 Port 43
Versa A Port 3 is connected on MDF Switch 1 Port 47
 Versa B Port 1 is connected on MDF Switch 1 Port 47

07-07-2026 14:35:59 - (Work notes)
AT&T was previously connected to Switch-1 (MDF) Port 43, and Switch Port 47 was connected to Versa-A Port 3. As part of troubleshooting, we bypassed the switch connection and connected the AT&T circuit directly to Versa-A Port 3.

The user has been informed of the change and has been asked to monitor the connection and report any issues. We are also actively monitoring the circuit for stability.

Due to this network change, INET-03 (AT&T) is currently down on Versa-B Port 1

07-06-2026 21:37:25 - (Work notes)
A GLS case (#12232423) was raised for further investigation. Initially, GLS confirmed they would coordinate with AT&T to arrange a technician dispatch. Later, GLS requested that we verify the switch port configuration. However, the Meraki MDF switch is currently in maintenance mode, so the required port information could not be retrieved.

GLS is also requesting AT&T Billing to provide a DMARC dispatch to continue the investigation.

07-03-2026 02:36:40 - (Work notes)
Reported this issue to GLS, they will schedule the tech dispatch

07-01-2026 20:48:07 - (Work notes)
Checking with DSR

07-01-2026 20:47:35 - (Work notes)
The user confirmed that the connection has been stable and no further issues have been observed since INET-02 was disabled.

07-01-2026 13:46:40 - (Work notes)
We have disabled INET-02 (AT&T DIA) after observing intermittent drops on the circuit. We have informed the user to monitor the connection for some time and requested that she contact us if she experiences the issue again.

07-01-2026 13:22:35 - (Work notes)
checking with Kira lewis

06-26-2026 21:18:35 - (Work notes)
Pinged BM, He is OOO. L1 is pending

06-26-2026 15:42:29 - (Work notes)
Contacted the noc
Escalating to the noc

06-26-2026 14:24:28 - (Work notes)
-System(s) affected (i.e., Trilogie, web browsing, etc.): Ring Central
-The issue(s) affecting the user (i.e., error message, not loading, etc.):Call drops/ delay Sound when answering
-Number of affected users (note if affecting an entire branch): 7
-Location(s) affected (note if affecting remote users): FEI2272
-When did the issue(s) start?: 2026-06-17
-Is the issue impacting LAN, wireless, or both? Both
-Name/contact info for an affected user (if not the user making contact): Kira Lewis -
-Model/manufacturer of affected hardware (i.e., service tag, serial numbers): Dell Pcs
-Impacted Users' System information (IP address, MAC Address, Remote or On-prem):
-Has any troubleshooting been completed? (if so, note what steps taken):Swapped cords verified on both wired and wireless issue remains

Users reporting Call Drops and delays in call pick up In Ring Central
Contacting the NOC to further investigate

",
INC2176163,On Hold,,06-19-2026 10:39:12,06-19-2026 12:54:56,,Network Operations Center (NOC),,FEI0533 || AP Offline,--Found on .54 switch (IDF11) Gi1/0/10,"06-19-2026 10:41:38 - (Work notes)
--Unit is showing offline
--Located on switch
--No connectivity nor POE
--Bounced the port - No change

",
INC2187869,On Hold,,07-05-2026 13:31,07-06-2026 15:20,,Network Operations Center (NOC),,"Switch Down || FEI:1574 || 07/04/26 4:25 PM	","Switch [1574-Stone-Mountain-GA-2248-X1-IDF1-41] is not reachable.

PS C:\Users\ABJ6578> ping 10.152.16.41

Pinging 10.152.16.41 with 32 bytes of data:
Request timed out.
Request timed out.
Request timed out.
Request timed out.

Ping statistics for 10.152.16.41:
 Packets: Sent = 4, Received = 0, Lost = 4 (100% loss),","07-06-2026 15:20:02 - (Work notes)
Need to check the device power status, informed BM to check and update us, waiting for his response.

07-05-2026 13:31:52 - (Work notes)
Switch [1574-Stone-Mountain-GA-2248-X1-IDF1-41] is not reachable. Need to confirm the device power status, waiting for the BM confirmation

PS C:\Users\ABJ6578> ping 10.152.16.41

Pinging 10.152.16.41 with 32 bytes of data:
Request timed out.
Request timed out.
Request timed out.
Request timed out.

Ping statistics for 10.152.16.41:
 Packets: Sent = 4, Received = 0, Lost = 4 (100% loss),

",
INC2177487,On Hold,,06-22-2026 12:50:18,06-23-2026 19:36:55,,Network Operations Center (NOC),,Two Pc's Not working,Two Pc's Not working,"06-23-2026 19:02:48 - (Work notes)
Devices connected to Gi1/0/15
4825.67ce.8240 Poly
5838.7995.798b Ricoh
c45a.b1dd.fc1c Dell PC
c45a.b1dd.fc9a Dell PC

Devices connected to Gi1/0/34
0001.e6b0.ed86 HP JetDirect
5838.795d.7dba Ricoh

06-23-2026 11:21:15 - (Work notes)
Spoke with Darryn Gaylor and he informed me that he was able to get the 2 PC's up and running again
Provides that RFO was that one of the phones was not powering up
When he moved the PC to a different data port / area, the PC received a network connection
---- + ---- + ---- ---- + ---- + ----
Darryn confirms that one of the phones is connected to the Netgear hub and is receiving power from it

06-23-2026 10:51:18 - (Work notes)
in the Warehouse area:
1 Poly phone
2x PC
2X Ricoh

06-23-2026 10:19:12 - (Work notes)
As per James request, routing Incident to him

06-22-2026 13:01:45 - (Work notes)
Issue: Two Pc's Not getting internet

Action taken :We received a call from Darryn Gaylor stating that two PCs are not getting internet connectivity. We requested the user to provide the MAC addresses; however, the user is unable to log in to one of the desktops.
We observed that both desktops are connected to a 5-port Netgear switch on ports 2 and 3, and link lights are active on both ports.
The night-shift team member has been informed.

Next follow-up : Reach out to the BM and request a physical port bounce, as well as a power cycle of the Netgear switch.

",
INC2176179,On Hold,,06-19-2026 10:48:22,07-07-2026 10:19,,Network Operations Center (NOC),,FEI0608 || UPS Offline,"--Located on the .30 switch (Gi1/018)
--apcE8CBAC
--10.134.222.240","06-23-2026 12:00:56 - (Work notes)
issue resolved, closing ticket

06-19-2026 10:50:17 - (Work notes)
--Unit is in Struxureware
--Showing offline for multiple days

",
INC2192232,On Hold,,07-09-2026 16:13,07-10-2026 12:08,,Network Operations Center (NOC),,Issues with DispatchTrack Routing Map,"Description: Associate states there is an issue with the map in the routing tab of DispatchTrack. Showing routes, but not the actual map. Issue is occurring on every computer at the branch. They are currently able to workaround this by connecting to a hotspot.","07-10-2026 12:07:52 - (Work notes)
Confirmed a previous ticket existed with same issue: INC2176154
That issue was Inet 01 being down and once restored issue subsided
Confirmed inet 01 and 02 are BB
inet 01 - Comcast
Inet 02 - DIA
Noticing that the DIA for the site has been degraded past 30 days
Nobody online at location
Confirmed all hardware being monitored is online
Awaiting contact from location

07-10-2026 07:17:26 - (Work notes)
Recall issue used to impact google maps loading as well
Reaching out to have user test loading google maps

07-10-2026 07:17:04 - (Work notes)
Reaching out to contact for TS

07-09-2026 17:03:52 - (Work notes)
--associate was able to connect to their hotspot with VPN on, and the map populated correctly
--consulted with NOC, and they advised they will investigate and reach out

07-09-2026 16:26:23 - (Work notes)
--started having this issue once they logged on for the day

07-09-2026 16:24:53 - (Work notes)
--unable to reproduce on my own computer
--associate is getting the issue in both Edge and Chrome
--12 days without restart on associate's computer - restarting

07-09-2026 16:17:43 - (Work notes)
--the map disappeared on DispatchTrack Routing and Delivery according to the associate

07-09-2026 16:15:01 - (Work notes)
RRT > Connor

",
INC2181200,On Hold,,06-25-2026 15:54:04,07-07-2026 07:34,,Network Operations Center (NOC),,Branch 1241 network dropping,"Issue: branch wide outage repeatedly through out the day
network is up and down every 10 min or so
Spectrum was out and not able to fix it
this affect all users on LAN and WiFi
this has apparently been an ongoing issue but the current issue definitely started yesterday

Hudson Beall
Branch Manager - Waterworks
AA: ABG9225
Location: 1241
Cell/Callback:","07-07-2026 07:34:03 - (Work notes)
Reached out to Ronda regarding the same and got an update saying ""will put it out for prequal for a second circuit and see what DSR comes back with. We may have some luck getting an ATT Business Fiber circuit but not sure. Thanks!""

she will update/get back to us once she get/hear anything from them.

06-29-2026 11:54:53 - (Work notes)
Reached out to the ISP providers and they stated that there is an outage, means there is an issue impacting the area, No ETA.
Which is affecting the site to have intermittent issue and due to which even the secondary link is also not picking up the connection.
secondary-AT&T(Digi)

06-25-2026 18:26:46 - (Work notes)
Reached out to DSR and got an update saying that there was a dispatch for today and they came on site and replaced the modem, but that did not solve the signal issue. so they are going set another dispatch for tomorrow between 8 to 9 AM Local time.

06-25-2026 17:20:03 - (Work notes)
Reached out to Hudson Beall and gave a reboot to the modem, switch and versa a hard reboot. After doing that the site got the connection properly back.
But after some time the site reported saying that Wifi is now working but really low signal strength and very slow movement.

Reaching out to the DSR to check further on this.

06-25-2026 16:07:09 - (Work notes)
Kajal is taking the ticket and following up with the customer via teams

06-25-2026 16:05:04 - (Work notes)
consulting with Kajal in NOC

",
INC2193382,On Hold,,07-13-2026 02:58:06,07-13-2026 03:00:05,,Network Operations Center (NOC),,Site hard down || 1518 || start time : 07/12/2026 21:53:45,Site hard down || 1518 || start time : 07/12/2026 21:53:45,"07-13-2026 02:59:55 - (Work notes)
C:\Users\ABJ5963>ping 50.184.146.134

Pinging 50.184.146.134 with 32 bytes of data:
Reply from 50.184.146.134: bytes=32 time=298ms TTL=52
Reply from 50.184.146.134: bytes=32 time=300ms TTL=52
Reply from 50.184.146.134: bytes=32 time=302ms TTL=52
Reply from 50.184.146.134: bytes=32 time=303ms TTL=52

Ping statistics for 50.184.146.134:
 Packets: Sent = 4, Received = 4, Lost = 0 (0% loss),
Approximate round trip times in milli-seconds:
 Minimum = 298ms, Maximum = 303ms, Average = 300ms

07-13-2026 02:59:44 - (Work notes)
Issue: - Branch hard down
Action Taken: The site is hard down, Gateway is reachable Have to perform the Layer-1 pinged BM waiting for the response currently site is closed
Follow-Up Actions: Follow up during business hours for troubleshooting and power verification.

",
INC2191369,On Hold,,07-09-2026 02:29,07-09-2026 02:31,,Network Operations Center (NOC),,Site hard down || 2683 || 07/08/2026 23:51:48,Site hard down || 2683 || 07/08/2026 23:51:48,"07-09-2026 02:31:37 - (Work notes)
Issue: Hard down
Action Taken: The site is currently down, though the gateway is DHCP we have to perform Layer-1
We pinged the BM, waiting for response currently site is closed Now
Follow-Up Actions: kindly do follow-up with BM, during business Hours

",
INC2189743,On Hold,,07-07-2026 12:51,07-09-2026 11:59,,Network Operations Center (NOC),,FEI3776 | Network/ Battery Backups Down At Branch FEI3776,"Issue Description:

-System(s) affected (i.e., Trilogie, web browsing, etc.): Network / Battery Backups
-The issue(s) affecting the user (i.e., error message, not loading, etc.): No Network Connectivity
-Number of affected users (note if affecting an entire branch): 30+
-Location(s) affected (note if affecting remote users): 3776
-When did the issue(s) start?: Today
-Is the issue impacting LAN, wireless, or both? Both
-Name/contact info for an affected user (if not the user making contact): / /
-Has any troubleshooting been completed? (if so, note what steps taken): General network troubleshooting with GLS

NOTE: If the site is actively moving network-related cables or restarting network equipment, get the NOC involved immediately.

NOTE: If you are unable to gather information, note that in the ticket and the reason why (i.e., user not at the site, doesn’t have access, etc.)

","07-08-2026 12:42:41 - (Work notes)
Wednesday, July 15, 2026 (Ground)
==========================================
Order Number:1CKMXL0
Order by:
Date:7/8/2026 11:41:35 AM
Confirmation Email Sent to:
Billed from:CDW Direct, PO Box 75723, Chicago, IL - 60675

07-08-2026 12:00:38 - (Work notes)
PO -$1,565.70 summited for approval
Requisition FEUS677004REQ was submitted.

07-08-2026 07:54:07 - (Work notes)
check with branch if the battery health is good or not

07-07-2026 12:52:59 - (Work notes)
- User states the network at their branch is down
- User states they spoke with GLS and determined the issue is the APC Battery Backup is down
- Reaching out to NOC for assistance

",
INC2193377,On Hold,,07-12-2026 23:25,07-13-2026 11:31:16,,Network Operations Center (NOC),,Facing Issue on both INET01 and INET02 links,Facing Issue on both INET01 and INET02 links,"07-13-2026 11:29:43 - (Work notes)
Inet01 is back online and the useable IP is reachable.
PS C:\Users\ABJ3315> ping 75.127.158.106

Pinging 75.127.158.106 with 32 bytes of data:
Reply from 75.127.158.106: bytes=32 time=225ms TTL=51
Reply from 75.127.158.106: bytes=32 time=220ms TTL=51
Reply from 75.127.158.106: bytes=32 time=221ms TTL=51
Reply from 75.127.158.106: bytes=32 time=225ms TTL=51


DSR confirmed that it is back online from last 10 hours as well.

07-13-2026 02:31:34 - (Work notes)
After performing Layer-1 troubleshooting, the INET02 circuit came back up and is now stable. For the primary circuit, we are currently coordinating with the ISP. A DSR case has been opened, and the DSR ticket number is 39514862. We will provide further updates as they become available.

",
RITM3428351,On Hold,,07-07-2026 15:47,07-09-2026 01:18,,Network Operations Center (NOC),,Camera Port Request - Location FEI3647 due 07/21/2026,"Requested by:
Requested by phone number:Requested for:
Requested for phone number:Location Number (ex. FEI0001): FEI9143
Locale: Ferguson TC
Requested For GID: ABG9071
Branch Location: FEI3647
Ports Needed for Vlan 1/101: 1
Ports Needed for Vlan 18: 5
Due Date: 2026-07-21
Additional Comments: 4 cameras. Please provide the Surveillance IP Range (10.100xx) for the site. If one does not exist, the Surveillance IP Range will need to be created and added to the router and switches.
","07-09-2026 01:18:35 - (Work notes)
The required ports have been assigned as per the request. Assigning this to James for IP range creation.

Logs:

Gi1/0/17 Security Camera N/A Unknown Auto Down Off A 18
Gi1/0/18 Security Camera N/A Unknown Auto Down Off A 18
Gi1/0/19 Security Camera N/A Unknown Auto Down Off A 18
Gi1/0/20 Security Camera N/A Unknown Auto Down Off A 18

Gi1/0/29 NVR NIC1 VLAN1 N/A Unknown Auto Down Off A 1
Gi1/0/30 NVR NIC2 VLAN18 N/A Unknown Auto Down Off A 18

07-08-2026 12:12:17 - (Work notes)
ASSIGNING BACK TO PREVIOUS TICKET OWNER FOR NEXT STEPS:
1 - REVIEW AND CORRECT ALL SECURITY PORTS USING THE TEMPLATES BELOW
> default and config cam ports 17 - 20
> default and config NVR ports 29 & 30
> be sure to ""wr"" changes
2 - RE-ASSIGN BACK TO FAUBERT ONCE THIS IS COMPLETED FOR IP RANGE CREATION
// ---- + ---- + ---- ---- + ---- + ---- // ---- + ---- + ---- ---- + ---- + ---- //

NVR NIC 1
---- + ---- + ---- ---- + ---- + ----
int Gix/0/x
descr ""NVR NIC1 VLAN1""

NVR NIC 2
---- + ---- + ---- ---- + ---- + ----
config t
default Gigabitethernet x/0/x
y

int Gix/0/x
description ""NVR NIC2 VLAN18""
spanning-tree portfast
switchport access vlan 18
load-interval 30
service-policy in QOS

Cam Ports
---- + ---- + ---- ---- + ---- + ----
default Gigabitethernet x/0/x
y

int Gix/0/x
description ""Security Camera""
spanning-tree portfast
switchport access vlan 18
load-interval 30
service-policy in QOS

07-08-2026 00:28:07 - (Work notes)
The required ports have been allocated, and we are currently working on the subnet configuration internally.
Switch Ip: 10.141.68.30

Gi1/0/17,18,19,20 (Vlan18)
Gi1/0/29(Vlan18) Gi1/0/30(Vlan1)

",
RITM3428354,On Hold,,07-07-2026 15:48,07-09-2026 01:36,,Network Operations Center (NOC),,Camera Port Request - Location FEI2758 due 07/21/2026,"Requested by:
Requested by phone number:Requested for:
Requested for phone number:Location Number (ex. FEI0001): FEI9143
Locale: Ferguson TC
Requested For GID: ABG9071
Branch Location: FEI2758
Ports Needed for Vlan 1/101: 1
Ports Needed for Vlan 18: 4
Due Date: 2026-07-21
Additional Comments: 4 cameras. Please provide the Surveillance IP Range (10.100xx) for the site. If one does not exist, the Surveillance IP Range will need to be created and added to the router and switches.
","07-09-2026 01:36:39 - (Work notes)
The required ports have been assigned as per the request. Assigning this to James for IP range creation.


Logs:
Gi1/0/20 Security Camera N/A Unknown Auto Down Off A 18
Gi1/0/21 Security Camera N/A Unknown Auto Down Off A 18
Gi1/0/22 Security Camera N/A Unknown Auto Down Off A 18
Gi1/0/23 Security Camera N/A Unknown Auto Down Off A 18


Gi1/0/24 NVR NIC1 VLAN1 N/A Unknown Auto Down Off A 1
Gi1/0/25 NVR NIC2 VLAN18 N/A Unknown Auto Down Off A 18

07-08-2026 12:05:02 - (Work notes)
ASSIGNING BACK TO PREVIOUS TICKET OWNER FOR NEXT STEPS:
1 - REVIEW AND CORRECT ALL SECURITY PORTS USING THE TEMPLATES BELOW
> default and config cam ports 20 - 23
> default and config NVR ports 24 & 25
> be sure to ""wr"" changes
2 - RE-ASSIGN BACK TO FAUBERT ONCE THIS IS COMPLETED FOR IP RANGE CREATION
// ---- + ---- + ---- ---- + ---- + ---- // ---- + ---- + ---- ---- + ---- + ---- //

NVR NIC 1
---- + ---- + ---- ---- + ---- + ----
int Gix/0/x
descr ""NVR NIC1 VLAN1""

NVR NIC 2
---- + ---- + ---- ---- + ---- + ----
config t
default Gigabitethernet x/0/x
y

int Gix/0/x
description ""NVR NIC2 VLAN18""
spanning-tree portfast
switchport access vlan 18
load-interval 30
service-policy in QOS

Cam Ports
---- + ---- + ---- ---- + ---- + ----
default Gigabitethernet x/0/x
y

int Gix/0/x
description ""Security Camera""
spanning-tree portfast
switchport access vlan 18
load-interval 30
service-policy in QOS

07-08-2026 01:14:42 - (Work notes)
The required ports have been allocated, and we are currently working on the subnet configuration internally.

Gi1/0/20,21.22.23 -->Security cameras--Vlan18
Gi1/0/24(Vlan18)G1/0/25(Vlan1)-->NVR camera

",
RITM3428352,On Hold,,07-07-2026 15:47,07-09-2026 01:29,,Network Operations Center (NOC),,Camera Port Request - Location FEI2647 due 07/21/2026,"Requested by:
Requested by phone number:Requested for:
Requested for phone number:Location Number (ex. FEI0001): FEI9143
Locale: Ferguson TC
Requested For GID: ABG9071
Branch Location: FEI2647
Ports Needed for Vlan 1/101: 1
Ports Needed for Vlan 18: 5
Due Date: 2026-07-21
Additional Comments: 4 cameras. Please provide the Surveillance IP Range (10.100xx) for the site. If one does not exist, the Surveillance IP Range will need to be created and added to the router and switches.
","07-09-2026 01:29:18 - (Work notes)
The required ports have been assigned as per the request. Assigning this to James for IP range creation.


Logs:
Gi2/0/2 NVR NIC1 VLAN1 notconnect 1 auto auto 10/100/1000BaseTX
Gi2/0/3 NVR NIC2 VLAN18 notconnect 18 auto auto 10/100/1000BaseTX

Gi2/0/6 Security Camera notconnect 18 auto auto 10/100/1000BaseTX
Gi2/0/7 Security Camera notconnect 18 auto auto 10/100/1000BaseTX
Gi2/0/8 Security Camera notconnect 18 auto auto 10/100/1000BaseTX
Gi2/0/9 Security Camera notconnect 18 auto auto 10/100/1000BaseTX

07-08-2026 11:59:58 - (Work notes)
ASSIGNING BACK TO PREVIOUS TICKET OWNER FOR NEXT STEPS:
1 - REVIEW AND CORRECT ALL SECURITY PORTS USING THE TEMPLATES BELOW
> default and config cam ports 2/0/6 - 2/0/9
> default and config NVR ports 2/0/2 & 2/0/3
> be sure to ""wr"" changes
2 - RE-ASSIGN BACK TO FAUBERT ONCE THIS IS COMPLETED FOR IP RANGE CREATION
// ---- + ---- + ---- ---- + ---- + ---- // ---- + ---- + ---- ---- + ---- + ---- //

NVR NIC 1
---- + ---- + ---- ---- + ---- + ----
int Gix/0/x
descr NVR NIC1 VLAN1


NVR NIC 2
---- + ---- + ---- ---- + ---- + ----
config t
default int Gix/0/x

int Gix/0/x
description NVR NIC2 VLAN18
spanning-tree portfast
switchport access vlan 18
load-interval 30
service-policy in QOS


Cam Ports
---- + ---- + ---- ---- + ---- + ----
default int Gix/0/x

int Gix/0/x
description Security Camera
spanning-tree portfast
switchport access vlan 18
load-interval 30
service-policy in QOS

07-08-2026 01:01:51 - (Work notes)
The required ports have been allocated, and we are currently working on the subnet configuration internally.

Gi2/0/6,7,8,9 -->Security cameras--Vlan18
Gi2/0/2(VLan18)Gi2/0/3(Vlan1)->NVR camera

",
INC2190311,On Hold,,07-08-2026 06:55,07-12-2026 12:46,,Network Operations Center (NOC),,Site is Hard dwon.,Site is Hard dwon.,"07-08-2026 07:05:30 - (Work notes)
Got a call from the Branch saying that the site is having internet down. Did the L1 troubleshooting, no luck.
Reached out to the DSR for an update from the ISP and got the information saying that there is an ongoing outage which is affecting the site bring down. ETA is 8:50AM EST.
Have informed the Branch about the same.

",
INC2180623,On Hold,,06-25-2026 10:01:21,06-29-2026 16:30:54,,Network Operations Center (NOC),,FEI0391 || Switch Offline,#NAME?,"06-29-2026 16:30:54 - (Work notes)
night shift will coordinate with POC to reboot after hours (midnight)

",
INC2173225,On Hold,,06-16-2026 12:44:40,06-25-2026 10:28:21,,Network Operations Center (NOC),,FEI3752 || Two APs Offline,#NAME?,"06-25-2026 10:28:21 - (Work notes)
--Adding in AP121 as it has now also gone offline
--AP044 continues to remain offline

06-19-2026 15:43:39 - (Work notes)
--Reopening ticket as the AP is showing offline again
--Will follow up with the site next week to discuss the issue further

06-18-2026 10:30:43 - (Work notes)
--Opened for review
--The AP is back online currently, so closing this ticket out
--Will reopen if the device flaps again

06-16-2026 12:46:45 - (Work notes)
--It was showing offline yesterday and then came back up
--Now, it is back down again
--It should be connected on .46 switch (Gi2/0/17)
--POE Is operational but no connectivity on the port
--Bounced the port with no change

",
INC2191337,On Hold,,07-08-2026 20:19,07-13-2026 11:39:27,,Network Operations Center (NOC),,FEI2875 || Site is hard down || Starting time : 07/08/2026 15:52:01,FEI2875 || Site is hard down || Starting time : 07/08/2026 15:52:01,"07-09-2026 21:42:01 - (Work notes)
AT&T tech will arrive byFriday 7/10 8am-4pm CT.

07-09-2026 17:41:01 - (Work notes)
The router is down, and the ISP gateway is unreachable.
We performed L1 troubleshooting on the Versa router, Dell switch, and ISP modem, but the issue persists.
As per Kyle, only two personnel are available on site, and neither is able to travel to the nearby location to retrieve the Digi device.

Next Step: Follow up with the DSR and request a technician dispatch to the site.

07-09-2026 16:39:53 - (Work notes)
As per AT&T ISP, there are no reported outages in the area. We have requested Kyle to perform L1 troubleshooting, including a power reboot of the Versa router and Dell switch.

07-08-2026 21:41:50 - (Work notes)
DSR confirmed There is No ISP outage at the site, We have to perform the layer-1 since modem is offline

",
RITM3428368,On Hold,,07-07-2026 15:55,07-09-2026 02:00,,Network Operations Center (NOC),,Camera Port Request - Location FEI0553 due 07/21/2026,"Requested by:
Requested by phone number:Requested for:
Requested for phone number:Location Number (ex. FEI0001): FEI9143
Locale: Ferguson TC
Requested For GID: ABG9071
Branch Location: FEI0553
Ports Needed for Vlan 1/101: 1
Ports Needed for Vlan 18: 5
Due Date: 2026-07-21
Additional Comments: 4 cameras. Please provide the Surveillance IP Range (10.100xx) for the site. If one does not exist, the Surveillance IP Range will need to be created and added to the router and switches.
","07-09-2026 02:00:39 - (Work notes)
The required ports have been assigned as per the request. Assigning this to James for IP range creation.

Logs:
Gi1/0/25 Security Camera notconnect 18 auto auto 10/100/1000BaseTX
Gi1/0/26 Security Camera notconnect 18 auto auto 10/100/1000BaseTX
Gi1/0/27 Security Camera notconnect 18 auto auto 10/100/1000BaseTX
Gi1/0/28 Security Camera notconnect 18 auto auto 10/100/1000BaseTX

Gi1/0/29 NVR NIC1 VLAN1 notconnect 1 auto auto 10/100/1000BaseTX
Gi1/0/30 NVR NIC2 VLAN18 notconnect 18 auto auto 10/100/1000BaseTX

07-08-2026 11:24:47 - (Work notes)
ASSIGNING BACK TO PREVIOUS TICKET OWNER FOR NEXT STEPS:
1 - REVIEW AND CORRECT ALL SECURITY PORTS USING THE TEMPLATES BELOW
> Cam ports need to be defaulted and reconfigured
> no descr present for NVR NIC 1 on port 30
> be sure to ""wr"" changes
2 - RE-ASSIGN BACK TO FAUBERT ONCE THIS IS COMPLETED FOR IP RANGE CREATION
// ---- + ---- + ---- ---- + ---- + ---- // ---- + ---- + ---- ---- + ---- + ---- //

NVR NIC 1
---- + ---- + ---- ---- + ---- + ----
int Gix/0/x
descr NVR NIC1 VLAN1


NVR NIC 2
---- + ---- + ---- ---- + ---- + ----
config t
default int Gix/0/x

int Gix/0/x
description NVR NIC2 VLAN18
spanning-tree portfast
switchport access vlan 18
load-interval 30
service-policy in QOS


Cam Ports
---- + ---- + ---- ---- + ---- + ----
default int Gix/0/x

int Gix/0/x
description Security Camera
spanning-tree portfast
switchport access vlan 18
load-interval 30
service-policy in QOS

07-08-2026 10:16:45 - (Work notes)
transferring to myself for subnet creation

07-08-2026 01:40:48 - (Work notes)
The required ports have been allocated, and we are currently working on the subnet configuration internally.

Gi1/0/25,26,27,28-->Security cameras--Vlan18
Gi1/0/29(Vlan18) Gi1/0/30(Vlan1)-->NVR camera

",
INC2180639,On Hold,,06-25-2026 10:06:43,07-08-2026 15:27,,Network Operations Center (NOC),,FEI3778 || UPS Offline,"UPS Offline
UPS Name: apc673F3E
IP: 10.140.104.240","07-08-2026 15:27:06 - (Work notes)
--Unit has been offline for several weeks
--Per Struxureware, communication was lost with the device on 6/19
--Serial: AS2148261801
--Showing offline on Gi1/0/18 (.30 switch)
--Reaching out via Teams to Matthew to determine more information on the situation
--Waiting on a response

",
INC2171752,On Hold,,06-15-2026 10:20:22,07-08-2026 15:07,,Network Operations Center (NOC),,FEI0591 || UPS Offline,"--UPS went offline over the weekend
--Name: apcECEADC","07-08-2026 15:07:17 - (Work notes)
--Pending PO approval for battery replacement

07-08-2026 14:59:05 - (Work notes)
--Aaron responded back that that this was a desk model
--Per the APC UPS replacement website the SMT1500 has a replacement battery of RBC7

06-24-2026 13:47:00 - (Work notes)
--Received the serial from the physical device of 3S1542X07527
--Located it in Solarwinds under 10.133.56.241
--Last alarm shows that communication was lost, but no further details
--Verifying whether this is a rack mounted or floor unit
--Once done will send a replacement battery and schedule a technician to install it

06-24-2026 12:15:47 - (Work notes)
--Opened for review
--Aaron responded back that the LCD showed the following:
--warning state: connect battery load: 7% batt: --%
--This indicates that the battery will need replaced/checked
--Responded back and waiting on him to provide the serial to check if it is located somewhere in SW.

06-18-2026 10:25:27 - (Work notes)
--Arron responded back that he was not aware of any issues and requested a technician dispatch
--Asked via Teams to check the LCD on the UPS to see if it has any errors before dispatching a technician

06-16-2026 10:46:18 - (Work notes)
--Found the UPS description on the .30 switch (Gi1/0/18)
--Nothing is currently showing connected to that port

06-16-2026 10:43:34 - (Work notes)
--Opened for review
--Reached out to site POC for more information
--Waiting on a response

06-15-2026 10:30:29 - (Work notes)
--Verified the APC is not pinging
--Also verified the device is not in Struxureware

06-15-2026 10:22:30 - (Work notes)
--Unit not showing in SW
--Site overall is online

",
RITM3428371,On Hold,,07-07-2026 15:57,07-09-2026 02:15,,Network Operations Center (NOC),,Camera Port Request - Location FEI0568 due 07/21/2026,"Requested by:
Requested by phone number:Requested for:
Requested for phone number:Location Number (ex. FEI0001): FEI9143
Locale: Ferguson TC
Requested For GID: ABG9071
Branch Location: FEI0568
Ports Needed for Vlan 1/101: 1
Ports Needed for Vlan 18: 5
Due Date: 2026-07-21
Additional Comments: 4 cameras. IP 10.100.24.128/27
","07-09-2026 02:15:23 - (Work notes)
The required ports have been assigned as per the request. Assigning this to James for IP range creation.

Logs:
Gi1/0/19 Security Camera notconnect 18 auto auto 10/100/1000BaseTX
Gi1/0/20 Security Camera notconnect 18 auto auto 10/100/1000BaseTX
Gi1/0/21 Security Camera notconnect 18 auto auto 10/100/1000BaseTX
Gi1/0/22 Security Camera notconnect 18 auto auto 10/100/1000BaseTX

Gi1/0/23 NVR NIC1 VLAN1 notconnect 1 auto auto 10/100/1000BaseTX
Gi1/0/24 NVR NIC2 VLAN18 notconnect 18 auto auto 10/100/1000BaseTX

07-08-2026 11:05:35 - (Work notes)
ASSIGNING BACK TO PREVIOUS TICKET OWNER FOR NEXT STEPS:
1 - REVIEW AND CORRECT ALL SECURITY PORTS USING THE TEMPLATES BELOW
2 - RE-ASSIGN BACK TO FAUBERT ONCE THIS IS COMPLETED FOR IP RANGE CREATION
// ---- + ---- + ---- ---- + ---- + ---- // ---- + ---- + ---- ---- + ---- + ---- //

NVR NIC 1
---- + ---- + ---- ---- + ---- + ----
int Gix/0/x
descr NVR NIC1 VLAN1


NVR NIC 2
---- + ---- + ---- ---- + ---- + ----
config t
default int Gix/0/x

int Gix/0/x
description NVR NIC2 VLAN18
spanning-tree portfast
switchport access vlan 18
load-interval 30
service-policy in QOS


Cam Ports
---- + ---- + ---- ---- + ---- + ----
default int Gix/0/x

int Gix/0/x
description Security Camera
spanning-tree portfast
switchport access vlan 18
load-interval 30
service-policy in QOS

07-08-2026 00:38:32 - (Work notes)
The required ports have been allocated, and we are currently working on the subnet configuration internally.

Gi1/0/19,20,21,22 -->Security cameras--Vlan18
Gi1/0/23(Vlan18)Gi1/0/24(Vlan1)-->NVR camera

",
INC2192007,On Hold,,07-09-2026 13:39,07-12-2026 21:01,,Network Operations Center (NOC),,FEI1775 || APC Offline,"Location : 1775
Issue: APC Battery backup is beeping
Callback # :","07-12-2026 21:01:49 - (Work notes)
Battery will arrive by 15th July

07-09-2026 13:55:14 - (Work notes)
Warm transfer to

07-09-2026 13:41:10 - (Work notes)
APC Battery Backup Repair and Replacement
KM38620

07-09-2026 13:40:42 - (Work notes)
-calling NOC

",
INC2193819,On Hold,,07-13-2026 11:16:44,07-13-2026 11:18:35,,Network Operations Center (NOC),,FEI3223B || Site Hard Down,This is an offsite warehouse,"07-13-2026 11:18:22 - (Work notes)
--Per contact with Brandon, nobody is at the remote location
--Someone will be there tomorrow to check on the status of the network equipment

",
INC2190816,On Hold,,07-08-2026 12:31,07-10-2026 15:08,,Network Operations Center (NOC),,INET02 circuit down,INET02 circuit down - tech was there yesterday 7/7/2026 and caused the circuit to drop from the switch,,
RITM3428365,On Hold,,07-07-2026 15:54,07-09-2026 01:53,,Network Operations Center (NOC),,Camera Port Request - Location FEI3689 due 07/21/2026,"Requested by:
Requested by phone number:Requested for:
Requested for phone number:Location Number (ex. FEI0001): FEI9143
Locale: Ferguson TC
Requested For GID: ABG9071
Branch Location: FEI3689
Ports Needed for Vlan 1/101: 1
Ports Needed for Vlan 18: 5
Due Date: 2026-07-21
Additional Comments: 4 cameras. Please provide the Surveillance IP Range (10.100xx) for the site. If one does not exist, the Surveillance IP Range will need to be created and added to the router and switches.
","07-09-2026 01:53:00 - (Work notes)
The required ports have been assigned as per the request. Assigning this to James for IP range creation.


Logs:
Gi1/0/28 Security Camera N/A Unknown Auto Down Off A 18
Gi1/0/29 Security Camera N/A Unknown Auto Down Off A 18
Gi1/0/30 Security Camera N/A Unknown Auto Down Off A 18
Gi1/0/31 Security Camera N/A Unknown Auto Down Off A 18


Gi1/0/32 NVR NIC1 VLAN1 N/A Unknown Auto Down Off A 1
Gi1/0/33 NVR NIC2 VLAN18 N/A Unknown Auto Down Off A 18

07-08-2026 12:14:25 - (Work notes)
ASSIGNING BACK TO PREVIOUS TICKET OWNER FOR NEXT STEPS:
1 - REVIEW AND CORRECT ALL SECURITY PORTS USING THE TEMPLATES BELOW
> default and config cam ports 28 - 31
> default and config NVR ports 32 & 33
> be sure to ""wr"" changes
2 - RE-ASSIGN BACK TO FAUBERT ONCE THIS IS COMPLETED FOR IP RANGE CREATION
// ---- + ---- + ---- ---- + ---- + ---- // ---- + ---- + ---- ---- + ---- + ---- //

NVR NIC 1
---- + ---- + ---- ---- + ---- + ----
int Gix/0/x
descr ""NVR NIC1 VLAN1""

NVR NIC 2
---- + ---- + ---- ---- + ---- + ----
config t
default Gigabitethernet x/0/x
y

int Gix/0/x
description ""NVR NIC2 VLAN18""
spanning-tree portfast
switchport access vlan 18
load-interval 30
service-policy in QOS

Cam Ports
---- + ---- + ---- ---- + ---- + ----
default Gigabitethernet x/0/x
y

int Gix/0/x
description ""Security Camera""
spanning-tree portfast
switchport access vlan 18
load-interval 30
service-policy in QOS

07-08-2026 01:56:32 - (Work notes)
The required ports have been allocated, and we are currently working on the subnet configuration internally.

Gi1/0/28,29,30,31-->Security cameras--Vlan18
Gi1/0/32(Vlan18)Gi1/0/33(Vlan1)-->NVR camera

",
INC2178545,On Hold,,06-23-2026 12:29:46,07-08-2026 14:20,,Network Operations Center (NOC),,PC and Printer is not working,PC and Printer is not working,"07-06-2026 11:58:05 - (Work notes)
The printer and PC are functioning normally after rebooting the switch. To eliminate the unmanaged switch, a request was made to raise a ServiceChannel case.
Josh has raised a ServiceChannel request to install four new data cables to remove the unmanaged switch. We are currently awaiting further updates.

06-23-2026 13:22:15 - (Work notes)
> Requested to Josh to power reboot switch (10.134.132.30) in non-business hours.
> added Chandan and Ranjith from next shift.

06-23-2026 12:45:35 - (Work notes)
> We had a MS team meeting with Josh and identified the PC and Printer is connected on unmanaged Linksys router.
> Router and both Cisco switches are reachable.
> Uplink connection established from the unmanaged switch via the white cable to the switch (IP: 10.134.132.30).

06-23-2026 12:33:16 - (Work notes)
> We had a MS team meeting with Josh and identified the PC and Printer is connected on unmanaged Linksys router.
> Router and both Cisco switches are reachable.
> Uplink connection from unmanaged router white cable to switch (10.134.132.30).

",
INC2193370,On Hold,,07-12-2026 20:38,07-12-2026 20:40,,Network Operations Center (NOC),,FEI3935 || 3935-Piedmont-SC - 10.82.216.66 || Switch down,"FEI3935 || 3935-Piedmont-SC - 10.82.216.66 || Switch down

C:\Users\ABJ9547>ping 10.82.216.66

Pinging 10.82.216.66 with 32 bytes of data:
Request timed out.
Request timed out.
Request timed out.
Request timed out.

Ping statistics for 10.82.216.66:
 Packets: Sent = 4, Received = 0, Lost = 4 (100% loss),","07-12-2026 20:38:40 - (Work notes)
Suspecting a power issue at the branch. Site is currently closed due to the weekend.
Follow up with the BM during business hours to complete L1 troubleshooting.

",
RITM3425324,On Hold,,06-30-2026 07:53:38,07-09-2026 12:31,,Network Operations Center (NOC),,Branch 1723 | APC unit is fried and needs replacement -- Need to add to Struxturware,"Description (Please include screenshots as needed): Associate is reporting they need to order a APC Backup battery and have it installed
Error:

Environment: EAST","07-09-2026 12:31:23 - (Work notes)
-Tech arrived at the branch and unmounted the old APC.
-New APC unit was mounted in the same place and all devices were put to connection
-APC unit was then connected from to the switch .41 on port 2/0/34 (MAC address: 00:c0:b7:fa:6c:57)
-10.150.93.212 is the new IP address of the APC unit and was able to Telnet into the device.
-Tech was released after work.


Will be configuring the APC and adding to struxtureware monitoring.

07-08-2026 10:15:56 - (Work notes)
-Service point tech has been scheduled for tomorrow to rack the APC unit and connect the APC unit to the switch --> T20260708.0001
-Old APC unit should be removed from the rack and sent to E-waste.

07-08-2026 10:08:40 - (Work notes)
The borrowed APC from 0015 is at 1723. Thus, will be ordering a tech to install the APC unit at the branch 1723.

07-02-2026 10:59:20 - (Work notes)
Mike informed that there are APC units at that they have borrowed from closing branch 0015.
They will be placing it in the rack on July 7

07-02-2026 09:06:24 - (Work notes)
Mike Willems the BM instructed to order the batteries for the APC unit as he won't be able to check the APC unit and the connector cable.

06-30-2026 13:02:56 - (Work notes)
-Will instruct BM to check the battery connector before ordering the new batteries to the device.
-The connector has to be plugged out for one minute and plugged in back and wait to see if the error goes away.

06-30-2026 11:40:14 - (Work notes)
? **SMT2200RM2UNC APC unit is not powering on.**
? Advised the Branch Manager to connect the APC to a different power outlet and verify whether the unit powers up.
? If the APC remains completely unresponsive with no LEDs or display activity, the entire APC unit will need to be replaced.
? If the APC powers on after being connected to an alternate outlet, the issue is likely related to failed batteries, and the APC batteries will need to be replaced to restore functionality.

06-30-2026 08:13:06 - (Work notes)
Mike informed that one of the APC units blew up last week and he has to reset it every day, so he wants to APC unit to be replaced.
This is a gold Branch with dual router setup.

Mike will be sending the pictures of the APC unit model number. Once model is confirmed, will be checking with Matt & Saurabh for the approval

06-30-2026 07:57:27 - (Work notes)
-- Per KM38620 > reaching to the NOC > warm handoff

",
INC2173286,On Hold,,06-16-2026 13:39:34,06-17-2026 13:14:57,,Network Operations Center (NOC),,FEI2816 || Two APs Offline,#NAME?,"06-17-2026 13:02:58 - (Work notes)
All AP's back online after moving port during troubleshooting.

06-16-2026 13:51:30 - (Work notes)
--Assigning to Kenneth to work with the site on this issue

06-16-2026 13:50:20 - (Work notes)
--WAPs are on the .40 switch
--AP104 (Te1/0/26)
--AP102 (Te1/0/36)
--Both ports have been bounced with no change in behavior
--PoE is active on both, indicating that a device is being detected from the switch

",
INC2188806,On Hold,,07-06-2026 15:31,07-09-2026 08:38,,Network Operations Center (NOC),,OUR WIFI IS NOT WORKING AND DOESN'T SHOW UP AS AN AVAILABLE OPTION TO CONNECT TO,"Requested by:
Requested by phone number:Requested for:
Requested for phone number:Location Number (ex. FEI0001): FEI0254
Locale: Ferguson TC
Requested For GID: AAA0118
Affected System: Network
Title: OUR WIFI IS NOT WORKING AND DOESN'T SHOW UP AS AN AVAILABLE OPTION TO CONNECT TO
Details of Issue, Request, or Question: Our WiFi is now working. When we browse to try to connect/reconnect, it's not showing as an option to connect to. Was it disconnected?
Please choose the best fit for this submission: Something that was working previously is now broken
",,
INC2193390,On Hold,,07-13-2026 04:12:50,07-13-2026 08:15:36,,Network Operations Center (NOC),,Site hard down || 8089 || start time : 07/13/2026 02:04:02,Site hard down || 8089 || start time : 07/13/2026 02:04:02,"07-13-2026 04:14:25 - (Work notes)
Issue: - Branch hard down
Action Taken: The site is hard down, Gateway is DHCP Have to perform the Layer-1 pinged BM waiting for the response currently site is closed
Follow-Up Actions: Follow up during business hours for troubleshooting and power verification

",
INC2192726,On Hold,,07-10-2026 10:49,07-13-2026 10:44:41,,Network Operations Center (NOC),,Branch 2875 hard down || Start time: 07/08/2026 15:52 || End time: TBD,Branch 2875 hard down || Start time: 07/08/2026 15:52,"07-13-2026 10:40:28 - (Work notes)
ATT tech came out Friday,
tech found line cut,
Tech referred to a helper who arrived Saturday
to complete work however tech needed access to inside
but found customer closed ATM
Tech on site Saturday has to followup during NBH Monday. ,
DSR will check back on Monday for updates when tech will have access to complete work.

07-10-2026 10:53:02 - (Work notes)
Called DSR to check the AT&T tech dispatch status -> Waited for 20 minutes, no reply. AS per notes ATT tech is scheduled to be dispatched for 7/10 8am-4pm to check the modem.

Gateway not reachable-->
PS C:\Users\ABJ3315> ping 23.113.106.94

Pinging 23.113.106.94 with 32 bytes of data:
Request timed out.
Request timed out.
Request timed out.
Request timed out
-----------------------------------------------------------------------------------------------------------------------------------------------------------------------------

DSR notes:
-------------------------------------------
Modem Make/Model: Humax BGW320-500
Modem MAC: ECC30253BD00

Received call from Kenny(GLS) who states that the site is down and he needs a dispatch. I state that we scheduled a dispatch for 7/10 8am-4pm CT. He asks me if I'm aware the site is hard down. I explain that I am and this is the soonest time frame. It's also worth noting the site was already closed for over an hour when the issue was initially reported to us and this is for the immediate next day within business hours.
-----------------------------------------------------------------------------------------------------------------------------------------------------------------------------

07-10-2026 10:50:26 - (Work notes)
DSR notes:

Current Action
==============
Called Kyle Herrin and asked him to perform L1TS of the Versa and he did PC the RTR. He stated the MDM was outside and he did not exactly where it was located.
The site remained down and Kyle stated they have been without any internet since yesterday. Tech submitted DSR TT# request.

07-10-2026 10:49:49 - (Work notes)
Current Action
==============
Called Kyle Herrin and asked him to perform L1TS of the Versa and he did PC the RTR. He stated the MDM was outside and he did not exactly where it was located.
The site remained down and Kyle stated they have been without any internet since yesterday. Tech submitted DSR TT# request.

",
INC2193337,On Hold,,07-11-2026 20:05,07-11-2026 20:07,,Network Operations Center (NOC),,FEI1225 | Hard down | Start time : 07/11/2026 18:32:56,FEI1225 | Hard down | Start time : 07/11/2026 18:32:56,"07-11-2026 20:07:55 - (Work notes)
Suspecting a power issue at the branch.
Follow up during business hours on Monday for troubleshooting and power verification

",
INC2171781,On Hold,,06-15-2026 10:34:47,07-08-2026 14:56,,Network Operations Center (NOC),,FEI1398 || APC Battery Failed || Pending Replacement Shipment,#NAME?,"07-08-2026 14:56:02 - (Work notes)
--PO pending for the shipment of this battery

06-24-2026 13:32:58 - (Work notes)
--Daniel was able to power it back on
--Determined that the battery has failed in the unit
--Has not been replaced since 2012
--RBC7 is the replacement battery
--Confirmed 3S1519X08552 is the serial that matches the physical device
--Getting a replacement battery shipped out and then a technician scheduled

06-24-2026 12:20:12 - (Work notes)
--Opened for review
--Daniel has not responded back yet since indicating he would try to power the unit back on
--Reaching out again via Teams
--Waiting on a response

06-18-2026 10:42:30 - (Work notes)
--Daniel advised that the UPS was powered off.
--Working with him to try and power the unit back on.

06-16-2026 10:58:29 - (Work notes)
--Opened for review
--Reached out to site POC for further information
--Waiting on a response

06-15-2026 10:36:10 - (Work notes)
--Unit went offline over the weekend
--Showing in Struxureware

",
INC2193327,On Hold,,07-11-2026 11:32,07-13-2026 10:00:15,,Network Operations Center (NOC),,Hard down,Hard down|| FEI3123 || Start time:07/11/2026 10:27 AM,"07-13-2026 10:00:15 - (Work notes)
--Updating to reflect that the Versa is now online
--The .30 switch and associated devices still remain offline

07-11-2026 11:32:11 - (Work notes)
Currently site is down, left a message with BM, need to check with BM during business hours.

",
INC2192316,On Hold,,07-09-2026 17:08,07-10-2026 13:47,,Network Operations Center (NOC),,FEI0038 | INET02 is down,FEI0038 | INET02 is down,"07-10-2026 13:47:55 - (Work notes)
As per Chandan's update, L1 troubleshooting was completed with Bernadette Lyons, including a reboot of the AT&T modem; however, the issue persists.
Bernadette Lyons requested that a technician be dispatched to investigate further.
Contacted GLS and informed them that L1 troubleshooting has already been performed. GLS has escalated the case to AT&T and requested a technician dispatch.
Currently awaiting further updates from GLS.

07-09-2026 17:12:29 - (Work notes)
GLS case 12247475 to track AT&T circuit
Also contacted BM to perform L1 t-shoot , INET02 (AT&T)is connected directly to port 3 of Versa
Waiting for BM Response

",
INC2187924,On Hold,,07-06-2026 03:56,07-08-2026 12:32,,Network Operations Center (NOC),,Site hard down || 3640 || 07/08/2026 05:41,Site hard down || 3640 || 07/08/2026 05:41,"07-08-2026 06:50:04 - (Work notes)
Site is down again today. Therefore keeping this ticket open to work on it.

07-08-2026 06:47:03 - (Work notes)
The site is back online post ISP outage was cleared.
This is duplicate of ticket INC2187945

07-06-2026 06:34:07 - (Work notes)
Parent incident: INC2187945

07-06-2026 03:59:05 - (Work notes)
Issue: - Branch hard down
Action Taken: Site is hard down, Gateway is DHCP. Suspecting a power issue at the branch. Site is currently closed due to the weekend.
We have only one circuit and No DIGI at the site
Follow-Up Actions: Follow up during business hours for troubleshooting and power verification

",
INC2174210,On Hold,,06-17-2026 11:50:05,07-01-2026 10:16,,Network Operations Center (NOC),,FEI1012 || AP Offline || Pending Shipment of Replacement WAP,#NAME?,"07-01-2026 10:16:14 - (Work notes)
--Opened for review
--Trevor verified that the WAP had been received successfully
--Preparing this for a tech dispatch

06-25-2026 16:26:01 - (Work notes)
--UPS tracking: 1ZJ728650125597614
--Package was delivered today
--Reaching out to Trevor to verify if it was received
--Waiting on a response

06-24-2026 13:25:42 - (Work notes)
AP IP reserved: 10.135.156.107
AP details:
Q2PD-L6CG-5VVT	
AC:17:C8:10:4E:EB

06-19-2026 14:27:58 - (Work notes)
--Worked with Trevor in the network closet
--Verified that there was light activity on port 2 of the switch (where the AP is plugged into)
--Had him reseat the cable - No change in behavior
--Had him move the cable to port 8 on the switch
--PoE moved to port 8, but again, no connectivity
--Moved it back to port 2
--Will get a replacement AP shipped out to the site next week
--Once done, will schedule a technician to the site

06-17-2026 12:20:02 - (Work notes)
--Located it on the .30 switch (Gi1/0/2)
--PoE is active but the port is not showing connected
--Bounced the port
--No change in behavior

",
INC2193326,On Hold,,07-11-2026 11:23,07-11-2026 11:29,,Network Operations Center (NOC),,Hard down,Hard down || FEI3626 || start time: 07/11/2026 09:30 AM,"07-11-2026 11:26:28 - (Work notes)
left a message with BM, need to check with BM during business hours.

07-11-2026 11:25:49 - (Work notes)
Currently site is hard down, need to check with the BM.

",
RITM3428369,On Hold,,07-07-2026 15:56,07-09-2026 02:07,,Network Operations Center (NOC),,Camera Port Request - Location FEI0596 due 07/21/2026,"Requested by:
Requested by phone number:Requested for:
Requested for phone number:Location Number (ex. FEI0001): FEI9143
Locale: Ferguson TC
Requested For GID: ABG9071
Branch Location: FEI0596
Ports Needed for Vlan 1/101: 1
Ports Needed for Vlan 18: 5
Due Date: 2026-07-21
Additional Comments: 4 cameras. Please provide the Surveillance IP Range (10.100xx) for the site. If one does not exist, the Surveillance IP Range will need to be created and added to the router and switches.
","07-09-2026 02:07:33 - (Work notes)
The required ports have been assigned as per the request. Assigning this to James for IP range creation.

Logs:
Fa0/4 Security Camera notconnect 18 auto auto 10/100BaseTX
Fa0/5 Security Camera notconnect 18 auto auto 10/100BaseTX
Fa0/6 Security Camera notconnect 18 auto auto 10/100BaseTX
Fa0/7 Security Camera notconnect 18 auto auto 10/100BaseTX

Fa0/8 NVR NIC1 VLAN1 notconnect 1 auto auto 10/100BaseTX
Fa0/9 NVR NIC2 VLAN18 notconnect 18 auto auto 10/100BaseTX

07-08-2026 11:29:18 - (Work notes)
ASSIGNING BACK TO PREVIOUS TICKET OWNER FOR NEXT STEPS:
1 - REVIEW AND CORRECT ALL SECURITY PORTS USING THE TEMPLATES BELOW
> default and config 8 & 9
> default and config ports 4 7
> be sure to ""wr"" changes
2 - RE-ASSIGN BACK TO FAUBERT ONCE THIS IS COMPLETED FOR IP RANGE CREATION
// ---- + ---- + ---- ---- + ---- + ---- // ---- + ---- + ---- ---- + ---- + ---- //

NVR NIC 1
---- + ---- + ---- ---- + ---- + ----
int Fa0/x
descr NVR NIC1 VLAN1


NVR NIC 2
---- + ---- + ---- ---- + ---- + ----
config t
default int Fa0/x

int Fa0/x
description NVR NIC2 VLAN18
spanning-tree portfast
switchport access vlan 18
load-interval 30
service-policy in QOS


Cam Ports
---- + ---- + ---- ---- + ---- + ----
default int Fa0/x

int Fa0/x
description Security Camera
spanning-tree portfast
switchport access vlan 18
load-interval 30
service-policy in QOS

07-08-2026 10:17:19 - (Work notes)
transferring to myself for subnet creation

07-08-2026 01:23:52 - (Work notes)
The required ports have been allocated, and we are currently working on the subnet configuration internally.

Fa0/4.5,6,7-->Security cameras--Vlan18
Fa0/8(Vlan 18) Fa0/9(Vlan1)-->NVR camera

",
RITM3428347,On Hold,,07-07-2026 15:46,07-09-2026 01:12,,Network Operations Center (NOC),,Camera Port Request - Location FEI2612 due 07/21/2026,"Requested by:
Requested by phone number:Requested for:
Requested for phone number:Location Number (ex. FEI0001): FEI9143
Locale: Ferguson TC
Requested For GID: ABG9071
Branch Location: FEI2612
Ports Needed for Vlan 1/101: 1
Ports Needed for Vlan 18: 4
Due Date: 2026-07-21
Additional Comments: 3 cameras. Please provide the Surveillance IP Range (10.100xx) for the site. If one does not exist, the Surveillance IP Range will need to be created and added to the router and switches.
","07-09-2026 01:11:46 - (Work notes)
Ports are assigned as per request. Assigning for the James for Ip RANGE CREATION.


Logs:/
Gi1/0/8 Security Camera notconnect 18 auto auto 10/100/1000BaseTX
Gi1/0/9 Security Camera notconnect 18 auto auto 10/100/1000BaseTX
Gi1/0/10 Security Camera notconnect 18 auto auto 10/100/1000BaseTX
Gi1/0/11 Security Camera notconnect 18 auto auto 10/100/1000BaseTX
Gi1/0/12 NVR NIC1 VLAN1 notconnect 1 auto auto 10/100/1000BaseTX
Gi1/0/13 NVR NIC2 VLAN18 notconnect 18 auto auto 10/100/1000BaseTX

07-08-2026 11:57:34 - (Work notes)
ASSIGNING BACK TO PREVIOUS TICKET OWNER FOR NEXT STEPS:
1 - REVIEW AND CORRECT ALL SECURITY PORTS USING THE TEMPLATES BELOW
> default and config cam ports 8 - 11
> default and config NVR ports 12 & 13
> be sure to ""wr"" changes
2 - RE-ASSIGN BACK TO FAUBERT ONCE THIS IS COMPLETED FOR IP RANGE CREATION
// ---- + ---- + ---- ---- + ---- + ---- // ---- + ---- + ---- ---- + ---- + ---- //

NVR NIC 1
---- + ---- + ---- ---- + ---- + ----
int Gix/0/x
descr NVR NIC1 VLAN1


NVR NIC 2
---- + ---- + ---- ---- + ---- + ----
config t
default int Gix/0/x

int Gix/0/x
description NVR NIC2 VLAN18
spanning-tree portfast
switchport access vlan 18
load-interval 30
service-policy in QOS


Cam Ports
---- + ---- + ---- ---- + ---- + ----
default int Gix/0/x

int Gix/0/x
description Security Camera
spanning-tree portfast
switchport access vlan 18
load-interval 30
service-policy in QOS

07-07-2026 23:22:21 - (Work notes)
The required ports have been allocated, and we are currently working on the subnet configuration internally.

Gi1/0/8,9,10,11-->Security cameras--Vlan18
Gi1/0/12(Vlan18) Gi1/0/13(Vlan1) --> NVR cameras

Gi1/0/8 down down ""Security cameras""
Gi1/0/9 down down ""Security cameras""
Gi1/0/10 down down ""Security cameras""
Gi1/0/11 down down ""Security cameras""
Gi1/0/12 down down ""NVR cameras""
Gi1/0/13 down down ""NVR cameras""

",
INC2190230,On Hold,,07-07-2026 20:32,07-07-2026 20:33,,Network Operations Center (NOC),,FEI0913 || Site is hard down || Starting time : 07/07/2026 17:57:31 EST,FEI0913 || Site is hard down || Starting time : 07/07/2026 17:57:31 EST,"07-07-2026 20:33:25 - (Work notes)
The versa router is down,Indications are that this may be due to a power outage in the area.

",
INC2190231,On Hold,,07-07-2026 20:35,07-07-2026 20:39,,Network Operations Center (NOC),,FEI2749 || Site hard down || Starting time :07/07/2026 18:35:22 EST,FEI2749 || Site hard down || Starting time :07/07/2026 18:35:22 EST,"07-07-2026 20:39:14 - (Work notes)
The versa router is down, Indications are that this may be due to a power outage in the area.

",
RITM3428358,On Hold,,07-07-2026 15:49,07-09-2026 01:46,,Network Operations Center (NOC),,Camera Port Request - Location FEI2800 due 07/21/2026,"Requested by:
Requested by phone number:Requested for:
Requested for phone number:Location Number (ex. FEI0001): FEI9143
Locale: Ferguson TC
Requested For GID: ABG9071
Branch Location: FEI2800
Ports Needed for Vlan 1/101: 1
Ports Needed for Vlan 18: 6
Due Date: 2026-07-21
Additional Comments: 5 cameras. Please provide the Surveillance IP Range (10.100xx) for the site. If one does not exist, the Surveillance IP Range will need to be created and added to the router and switches.
","07-09-2026 01:46:07 - (Work notes)
The required ports have been assigned as per the request. Assigning this to James for IP range creation.


Logs:
Gi1/0/14 Security Camera notconnect 18 auto auto 10/100/1000BaseTX
Gi1/0/16 Security Camera notconnect 18 auto auto 10/100/1000BaseTX
Gi1/0/17 Security Camera notconnect 18 auto auto 10/100/1000BaseTX
Gi1/0/18 Security Camera notconnect 18 auto auto 10/100/1000BaseTX
Gi1/0/32 Security Camera notconnect 18 auto auto 10/100/1000BaseTX


Gi1/0/33 NVR NIC1 VLAN1 notconnect 1 auto auto 10/100/1000BaseTX
Gi1/0/34 NVR NIC2 VLAN18 notconnect 18 auto auto 10/100/1000BaseTX

07-08-2026 11:02:55 - (Work notes)
ASSIGNING BACK TO PREVIOUS TICKET OWNER FOR NEXT STEPS:
1 - REVIEW AND CORRECT ALL SECURITY PORTS USING THE TEMPLATES BELOW
2 - RE-ASSIGN BACK TO FAUBERT ONCE THIS IS COMPLETED FOR IP RANGE CREATION
// ---- + ---- + ---- ---- + ---- + ---- // ---- + ---- + ---- ---- + ---- + ---- //

NVR NIC 1
---- + ---- + ---- ---- + ---- + ----
int Gix/0/x
descr NVR NIC1 VLAN1


NVR NIC 2
---- + ---- + ---- ---- + ---- + ----
config t
default int Gix/0/x

int Gix/0/x
description NVR NIC2 VLAN18
spanning-tree portfast
switchport access vlan 18
load-interval 30
service-policy in QOS



Cam Ports
---- + ---- + ---- ---- + ---- + ----
default int Gix/0/x

int Gix/0/x
description Security Camera
spanning-tree portfast
switchport access vlan 18
load-interval 30
service-policy in QOS

07-08-2026 10:55:04 - (Work notes)
Ports are not configured correctly

---- + ---- + ---- ---- + ---- + ----
2800-Bakersfield-CA-2960X-30#sh run int Gi1/0/14
Building configuration...

Current configuration : 342 bytes
!
interface GigabitEthernet1/0/14
 description ""Security cameras""
 switchport access vlan 18
 switchport mode access
 load-interval 30
 srr-queue bandwidth share 1 25 70 5
 srr-queue bandwidth shape 3 0 0 0
 priority-queue out
 mls qos trust device cisco-phone
 mls qos trust cos
 spanning-tree portfast edge
 service-policy input QOS
end

---- + ---- + ---- ---- + ---- + ----
2800-Bakersfield-CA-2960X-30#sh run int Gi1/0/33
Building configuration...

Current configuration : 337 bytes
!
interface GigabitEthernet1/0/33
 description ""NVR cameras""
 switchport access vlan 18
 switchport mode access
 load-interval 30
 srr-queue bandwidth share 1 25 70 5
 srr-queue bandwidth shape 3 0 0 0
 priority-queue out
 mls qos trust device cisco-phone
 mls qos trust cos
 spanning-tree portfast edge
 service-policy input QOS
end

---- + ---- + ---- ---- + ---- + ----
Gi1/0/15 >> [[ disabled ]] <<

07-08-2026 02:29:03 - (Work notes)
The required ports have been allocated, and we are currently working on the subnet configuration internally.

Gi1/0/14,15,16,17,18,32-->Security cameras--Vlan18
Gi1/0/33(Vlan18)G1/0/34(Vlan1)-->NVR camera


Gi1/0/14 ""Security cameras"" notconnect 18 auto auto 10/100/1000BaseTX
Gi1/0/16 ""Security cameras"" notconnect 18 auto auto 10/100/1000BaseTX
Gi1/0/17 ""Security cameras"" notconnect 18 auto auto 10/100/1000BaseTX
Gi1/0/18 ""Security cameras"" notconnect 18 auto auto 10/100/1000BaseTX
Gi1/0/32 ""Security cameras"" notconnect 18 auto auto 10/100/1000BaseTX

Gi1/0/33 ""NVR cameras"" notconnect 18 auto auto 10/100/1000BaseTX
Gi1/0/34 ""NVR cameras"" notconnect 1 auto auto 10/100/1000BaseTX

",
INC2193342,On Hold,,07-12-2026 04:12,07-12-2026 04:13,,Network Operations Center (NOC),,Site hard down || 1576 || start time : 07/11/2026 21:24:32,Site hard down || 1576 || start time : 07/11/2026 21:24:32,"07-12-2026 04:13:30 - (Work notes)
Issue: - Branch hard down
Action Taken: The site is hard down, Both link went at a same time Have to perform the Layer-1,Suspecting power outage. We have left a message with BM to perform Layer 1 troubleshooting
Follow-Up Actions: kindly do follow-up BM, during business Hours

",
